305643002 -156086775 117395281 75455794 814057484 595345260 -568648939 223019149 280070345 832945914 399438097 766667711 -99356156 -207993270 101286054 710001073 187209096 611104327 -299354133 310500775 321144955 -518018707 -192629233 -364095203 -395680480 13117238 -400079904 -760924646 559275799 -106341915 -301625091 -781251850 137829871 719240271 -1194352828 255572077 332664443 189021538 110179594 410914388 266481726 -263126575 1238237221 -131848295 252862117 -379220299 -322366101 581306515 154863224 96561286 65026753 252484839 -559339714 -101067067 -610922886 -283954809 -565266166 227807880 303418367 -1062965378 -921994560 82312225 -924275411 -250978654 67450940 594450833 934710769 -362509676 147570361 460170138 120432256 -319836000 -221351216 -222841886 152872106 -862279480 309276157 -54629725 275755071 -322952161 713251076 -183668718 3462370 295458442 -608209689 814058614 -149578874 59687340 41641019 -162140161 -171307176 127832847 1089761457 -342843522 -1037873580 130578309 413940803 200707506 -292357403 -158384997 41417261 91261822 -559988701 -225430901 -126567438 10619114 -332405456 495489594 181892243 80707154 901959268 16253351 6066760 351083019 237961140 -626627777 537165410 471349727 278148431 -732046499 613905899 -369076522 441580560 -393132084 800245021 -144498615 -327121716 459117604 -406167672 -373264818 -15843021 147130832 -190467288 -374236541 1249445751 23170248 201523902 -300575752 -387404993 803526586 -64364271 264215821 165030585 834826678 239284975 181910561 -372017674 -493001913 748172095 46896601 -364444258 -121701029 1429235097 534531990 -150225198 148350930 593006074 1051368441 -433852576 -640338449 930217611 -1319984094 552955633 694296588 131253869 82915839 -479823924 -71424169 -645050822 -438534290 779113993 303294320 119091352 219630126 112414143 -543270093 721420179 -551653741 345417136 -344013646 363473639 222811977 -313586077 649948532 -430303777 -524878769 618270055 50689936 999605075 592933688 -139245842 12993252 -254117706 -596721730 -724262958 654619438 137614267 521218647 -407080837 91984599 30176555 -166486631 286613541 -65951600 331324894 -1354836453 762085361 238785978 -26767949 358804117 -466846219 -404029886 -469601567 -744690371 558730462 558134534 1422363951 -308297076 -310449620 -524656343 -353686683 -1632511941 -539264241 449646912 384420448 149832611 -924969708 125780893 -570880763 77432828 -1388491124 -129931147 -49863033 115649936 -744699389 284895748 189074911 -256394978 -368375648 -230162336 698859002 -342178079 272219275 44716302 282385160 -706876567 496343459 -675813252 -54519002 -347236685 249450587 881094019 -373249456 249459422 -275245336 -511839881
-213676883 -516357265 -957894155 429127228 -74553195 -693834977 269660827 385127389 133830199 667641633 551053981 543606044 20770480 229159872 371829287 -281965710 -261081660 935789779 453298753 77523224 -391436908 -442971521 -673106333 271316787 168305659 -271214967 -33369978 -285621691 238918093 376769618 -58863964 -12290836 622329535 -205192708 -845416294 1751730929 -293875793 -111434079 129205441 -812299778 -600626365 97486486 619220575 96521289 475621171 468560968 138542512 408718047 812374377 628841104 -1265969089 190678711 -1293800371 495903603 1548023184 -366106897 -567631033 413646246 34557844 -4977080 -533260339 509862206 -240107488 41412890 282357580 -171574333 712593636 -75383881 351707187 -765300709 -505972755 287690523 -152235767 -321140 -190893685 793761596 1072319845 561015981 -228183289 187525793 304624564 -54256765 -288253427 610959651 954412661 -414624920 -144690083 961553712 180187960 543154484 280871587 -860017967 1131841493 129397368 -404492346 26596777 -222981286 -90849557 -506864213 -598871784 -835590475 348901283 -752110578 -406862997 552013287 371624501 632477861 -747026619 581164210 -49266987 843351061 -226672736 193996144 313057644 -192114734 -171632928 -475975469 -734499166 -869033284 -31368120 -568355599 446138826 -495889747 -48194304 -300806499 346415960 755239041 27514688 -319106404 -156832233 -506546424 429002997 -134408425 -504502509 121843811 52650491 652684624 625182202 709404120 -107972379 -1324686138 -749577748 -38314026 457128622 144858558 180656255 556083484 370676937 -234972449 -308171146 -675187542 -7339060 -1103970917 138575369 166218345 420639192 -193023545 253542055 1300663723 -887657403 -255767864 403890198 899056568 106346394 415883668 -362936126 -436416763 -594135889 -74201147 920246978 -720407266 622928543 -1231860475 138955663 -171887359 236342219 -500788566 236942394 -227660917 -314001691 62552365 -277620505 792996061 112666283 -102648970 -723804636 422680416 690128340 190080185 -565100552 -986163855 -1299223988 -562150375 913675112 820535190 -83432359 -301833888 1256447376 37154184 394518080 -837155664 339518136 -376579026 -52051955 165022422 132081121 -413283839 -1010304106 861474069 -661020836 641371385 -585430217 208088534 345466898 248682331 -345898363 328289996 1163157511 37730279 -595631979 347112009 579537782 70793135 -69773926 658073070 -10728700 -224213794 -162873689 683439824 333511093 197747979 -476693741 -581316523 -85013965 -62562890 236085781 102392398 171041028 -395880885 -1385383626 -786802158 -362513527 17072804 1248857668 84954710 -833551474 149294451 -276178662 -82012234 1081982150 -180411074 -354401452 -99509286 -1173367287 179630166 731365437
342563565 179077615 -510658482 -831964172 243540579 -217310438 -294077998 910348682 285403295 606992383 -763978276 243395003 -594634996 -114828086 -72927991 -494971655 -424509597 252422063 651755409 -38479160 -366088192 -292757918 -255108454 319967885 476756238 -130303125 380525972 258444290 83552686 187958551 -1081617302 -27646278 335837916 663360861 385125874 -247646980 69542073 195338250 -249511249 310212726 447503852 -94410565 -360609404 -215934331 -910979288 -358007311 -94161224 187349418 -233861659 407967657 309044270 -327578038 7096861 825487949 -537578369 210191430 -75748635 -704805983 234040699 687341495 -1156605509 -206103073 124991895 441101947 -248546861 -843456929 66672513 -201914340 1042943026 70761989 -4842680 -309686885 382946833 -167341500 628084171 427368335 551839337 363061927 692465058 -511061393 -210730292 -497993334 118073430 47854630 540545669 -907218249 276759496 202496800 353645547 562896278 897531046 -680622620 -650858812 54088796 136106559 -161134525 -719186516 -702462335 -530336210 242816085 -237350434 -44952367 132838189 522900728 553328550 241324951 -485406822 -4664553 -346277812 -292780114 289996453 256480181 332705131 -301318637 -511211589 56568158 620809473 -924764574 94728674 913839746 -276082416 328464974 977009242 308665889 -732437180 -1536371903 926041663 511340888 53986004 -712416021 -448145586 704995875 275279451 -345152556 -1136660312 19589080 -439336831 -254072988 363522374 35041264 -48467967 553102602 702555248 -121612600 -411773340 99979346 -26847072 87458440 -138383722 247169288 69121996 -259306238 38415898 -1012956913 276361959 5123945 -215819847 317077402 487268946 -646677768 -294606727 477175595 44918759 199621196 -222777879 -261322306 -924632483 1231525061 480481788 408864375 -420941251 266621717 305864642 -871248049 -69953250 1273529768 -563047190 318328236 434144045 -8607165 -999893773 469142256 497416049 458951935 -37701729 -470482076 310892854 -395379288 825645837 -832885713 97284409 1164813711 -771049490 191236846 417212782 -537985945 -47095526 -1123569849 96640474 698313457 713563027 725430360 -683246593 171984294 -504664738 720281489 -162206218 -22994087 -468179964 -790466177 58057868 -718060027 376070710 121670521 432453700 -175780971 124072675 529459472 39664403 3836384 743544174 515041343 65616248 -375680894 39645502 275411561 4347301 -1380937135 -565026908 -538405613 553128637 219069236 1227707637 -1394727140 524454779 -949850057 159267922 575151064 -691030280 1107587345 -235710153 1251591142 811890823 -846881580 86843141 -438256463 445954456 127637432 350078600 -425221779 600404987 146099128 -443584606 -442807422 225255230 -615851641
75271926 163256847 714603118 52824654 257670921 -67448574 599330599 -689993942 -303596750 691629697 490916838 412985095 -663987241 1330661618 -171279072 -510747128 -17579442 406790846 326258221 296668769 653986730 488878944 291336767 665955368 -88053683 -606268673 1100623553 124954740 -150833063 37812019 -998659229 -54291970 -366340654 -1056303200 -828269857 774735145 -37634582 -347063066 -997816056 -304629650 750998485 994015345 -133437885 99830017 670436307 -156687752 -551967577 144196302 -14058116 66987801 502293646 218656808 29539228 573520520 155647484 -204246692 -1401978344 -427612936 590942428 -959063100 -145500758 373103960 258345311 -84367691 622238679 -185561060 616081244 -400853897 85617926 -105503477 -141846102 -338390470 -1090580497 -779911798 -1126766353 359175827 709456448 -46643277 -322883789 662127942 -302618850 -166855653 389679932 -1057440006 541382735 -361384872 651002548 636435395 -93762541 -415381587 765850137 -333933755 -518809571 -159443500 -287381066 188369993 -63577608 1093808096 1249514872 98128929 -263336812 777641033 145976689 684544152 -30748812 136426597 805042773 -890308059 419672390 -119794624 713145487 -490139321 -66360830 -1020063561 78066782 570148643 -40976824 151132116 -223911455 -1008746825 -174697069 41733784 -666315938 390466557 122430898 200987526 539967657 -80270415 -263538068 868951612 586589218 -914292811 377652166 20321316 273573113 1234048118 224479263 935069363 -306748322 75760059 -384828177 -648846332 -511720151 -716927246 46425779 -28338168 -414898173 888227409 865062187 507922442 -673153317 266530084 -31643359 340964522 -364470853 -979588065 -239192644 1749747005 341963907 -849007268 -185609317 -533227862 268542958 394756185 24533059 -370377267 -398266751 25089622 -263463707 -188689193 -802467870 -75518800 209439420 244288359 406730000 248399803 44963413 864919132 397460967 -320508366 -994818302 -460760899 379699813 -300097225 -73663509 -118368129 5881220 673311084 231376165 -1005319383 -261878491 125999588 899006463 -806505724 -577697947 -496713054 997365118 377084917 228962559 1144493 298449006 220851440 -54270279 694245889 1215697920 -17532354 438797942 393919709 694225386 -1276519140 208967438 129927044 52096553 -176906923 361756214 236541761 823047819 -267485285 -122216795 -698347519 65494468 297090180 -917824345 755795457 682943260 -270730985 -557155477 -350964039 784549705 248875153 -661906719 -175828895 -1020781183 -250201361 -664745698 556670283 -125536673 -609322954 74898537 82094010 -117721739 238646672 313499020 802040214 -1054118385 -64441918 753673445 -29153173 -474148943 37864664 -87722253 -349417808 51394977 -336215872 -218157722 -39106234
133773478 -679174098 -25187631 108088929 -32563381 527162293 -1293505596 49291810 -133881845 108193634 -789007936 -90225972 33865923 -722181758 81866827 89049256 135029350 -334209515 21796307 -33990872 108709951 749043249 -85915422 -657552184 -228866022 18192258 -602271807 70906047 1380644 -469120826 2073551743 -622204253 129601470 -876602490 511094394 -480859871 152269238 1038907562 796810115 568567372 127544687 298517921 -682762979 -170321578 -244386907 -290005920 -98091371 660117907 -465440323 -592530023 458836258 -477742834 -948903769 -507623862 276110942 -96249776 -252046359 40022609 -441195146 37823562 -629984614 -272047197 561746395 -242537288 573985995 -150749101 241269642 -680051729 -914601114 7819781 -181764022 299803076 896253946 -20632422 -27032479 89243888 248803427 -241203056 336793800 1124378818 -140061569 -604328389 717860560 -69834554 -238923982 -128896038 -54314960 544785376 959495716 -3500274 -503780877 317947997 -431711926 -221212524 69770333 57195166 -696687134 -472682363 447180774 -73504069 -115647045 135825237 -88077567 172586801 -581374856 -95192858 -649715728 405091154 -548766196 -462965091 -36316535 -372177425 -1103386093 636160706 217701231 394532295 -341601850 -64751288 802600544 -69985304 230930764 448248087 354553404 -279762812 126437667 431763767 482858057 387854690 -60170135 -93472454 1017611555 -1109939312 -203195881 -334143607 541840539 -37269928 -696142303 26582 472989594 984392862 233788343 356351256 977335847 801686808 406251774 577979745 -680892416 -410875489 -196594144 -1468859038 171551072 629620771 -140218325 -622631353 983818308 321242953 -639789607 787690128 -745628786 -463041303 -583242878 644818878 783006503 -381577743 -297450649 -227622087 705017564 -33597202 120970856 22696034 -853328476 487287376 461306005 -991555869 331651555 674541473 340707900 -132309308 762516751 1092426748 -1017227297 80781401 1264585348 326145475 -751761699 82187269 -711116464 438845701 -574161838 -126488486 -785187829 -284577872 88390579 -1287580764 -564537400 873752636 897229677 602088735 172971801 -70841820 -797698812 -228558270 -428336718 28072470 483391709 -215825773 352932412 1181837411 -797616460 1029356250 248778140 987384116 533096576 102031462 -32159660 867321232 -586190950 -78235547 177913715 1226432358 206974297 5249958 243216057 -296667560 -55227705 -672818903 442826956 342810456 -752543734 -230916331 -168542698 198113890 431370452 -137894745 1075825371 -349708229 -728114119 18328045 -910669036 -194407319 349849119 113539366 -512364459 -326802092 600485819 -41664733 340233119 -506237362 395164479 285772041 18361369 -621711186 -10182244 -3027242 1303805388 513115280
-80337049 634425305 -479010643 -85747927 -732720054 303661052 309787368 -524074852 229291468 -223444889 -203913600 -240212442 -177056889 -354844507 -940406858 295519519 631331038 -688865914 525085136 -392011726 132139429 571287941 -581471856 -583128275 -53391055 319735976 -1238549600 -1166110714 348843943 233976378 -484643461 313177851 -1352841487 915196130 -292395499 -574314914 455023353 -795233617 713030053 751094494 -387136392 -141643949 139883582 -505803496 -320381242 365084526 290831281 652510052 286720717 811234 239573966 -110215898 105641347 -608585090 -168737781 134500663 9283049 -949957361 514718599 288952901 166228730 -44755324 173091128 550530638 643445349 -660141971 189889168 -176063422 -367031809 -520894829 975410666 296199996 -214324839 301791583 -43560952 539955069 193944267 -520354703 559202638 97710363 -427287797 337288276 79428707 462015228 -403890228 1164425814 -765077695 -332358412 184027869 292119181 350871713 -925022367 116203843 -95699354 97884856 324741917 869500382 125271271 -423558404 1172863555 1026026859 166085634 -72193693 118834031 1237764309 -741560150 98110728 179225055 -74536052 -836865149 -665216688 -127902425 1047897198 77847739 167929319 -758961817 207185341 1130218703 -510103429 -142970692 -52263602 -372783030 166049249 -425124826 484315102 -18011503 -17704425 759431224 1012666496 -30394222 -246752158 -570361322 690572710 -683013993 -21792040 -221904400 -814028163 1206369908 316773121 -157011973 415920249 579570032 -676595909 -480907344 506241169 -205923805 231389581 780656561 -481074749 -970753790 -89265856 -415899369 694139885 -170319477 -272489524 86492391 -251562413 26266526 396495576 118614851 932702973 438127107 251413956 121874104 -46201607 147066549 573616615 -591328666 -506538395 -298501004 83823641 -877365127 -608752838 -242315388 -447712781 -469890019 -272538137 -259056248 -820414739 254944969 -229177391 -861569207 -882372164 -775937130 -755731987 -444869377 -875032503 190644387 -343761926 -979214019 -1119093872 -541715104 -66291374 -895287010 -245456759 260726116 439762151 -726949654 230951723 -275734044 -358632816 126748768 -47433418 -103162094 -728388479 609955890 -360320445 682921936 519096215 -221220089 -454140796 -8296264 -688462062 560811458 81040179 -99510187 -930328472 656003917 562678347 -1513266562 112759730 298636814 -290506118 -906931864 111648825 -491163532 181286511 -41951894 592841360 412495941 343495752 374727625 780720825 -18696116 158796661 -319075931 -60015329 195486651 438953461 292424834 -13266803 175838233 -1734342230 -749387309 566430910 -107602728 -567783859 -1276078501 -401471634 698277584 -1246555298 -877135777 651772547 -298083447 616207974 385846551
880770939 -40631362 -463627342 -46807561 -708251474 -579436514 309396976 -972839461 834602714 205431019 156473221 -543685005 -492181007 349467635 -1082683420 555552173 552152692 685422490 147688964 -473788944 795259538 862802936 -823872362 203073466 509726195 -388051535 531549926 567862204 -1392869398 -519022857 472921685 156664259 -833168635 1094715539 567715671 708308056 1086094060 -272398004 -436115153 423955336 202185841 128778779 645243155 1294902358 -535734393 -298917186 357364080 -21803572 -231618749 319224305 -409753711 140537121 -433891499 -470371484 26812212 68894531 88159660 -332500323 -932495037 -305784895 43840730 287029706 99973989 -574218159 82372089 343050857 136813855 482157633 -11055732 159542892 -520987541 457281247 412283661 -27868188 -473003554 823192393 220279198 816472089 -708050840 1299373011 592877879 -180946605 106126303 -1207422246 546279890 564372750 -133919708 201416001 63783253 -116605652 -375172889 338336290 260193415 -646833314 -158403440 18874667 -188026175 -517343378 1234003429 272066621 -349424827 49019412 72274555 86388698 149351760 799762250 164939426 143886125 -11798544 -768354204 59719811 236220234 -221990782 -651613787 1383473212 135973911 274363705 988207028 511417771 648171150 -392146541 937616417 541519470 441560481 64806545 -671045275 -204778994 -1131258075 -205178838 121746024 97678883 -614230559 515277110 1049598848 -125940912 -893065597 -261905058 137114069 484347930 -469507991 -175254835 -541271070 86339413 18453848 -107134645 -183778811 -57602556 -608490327 347585373 -274130218 -498159642 -84549113 238436908 63833608 -236181775 176723655 401767344 -371744816 52979238 -342402678 -17570668 641067227 450796002 -486950321 187812760 32181626 523666419 15984084 810212432 454301270 -439705112 404885119 487110408 20415720 -734661324 395548487 -448080130 -166025427 253297165 -1189715614 -127852375 -885825912 64795131 975494734 -1592250840 -693937611 520723027 -201058075 -154384022 -284139507 -631944407 -798187116 -192198826 -428247011 422029463 563148362 1233209801 -327130836 470589388 175368903 103322914 955842273 -1479777665 -176669045 -55463338 297389908 178682350 14155971 793883449 -89917827 498281957 -61917943 202711620 -92556201 821406272 296475545 -1048306492 -695004907 681412569 591452111 1652369882 496766727 1054419058 200405567 241806832 396322299 -633119608 -457476017 271164411 135318078 -425227584 459683515 209096639 236812328 -837601370 -232224200 192205910 -642983542 -16572130 702627505 640825587 656053373 -346381337 120067671 -665971005 -138291957 -415636427 -600795293 -1091378374 111615533 -527864632 -372761206 644658520 117044122 441155878 126136377
-294059841 -234373691 -289974739 -24229682 228757243 -145093426 -59546981 -40918453 778021706 -421172604 -161354435 -324992717 -368176732 38130148 -227117360 383270182 -146198408 360489104 329092125 261028133 56104413 -296448230 -676234502 1145185642 -345048527 -625414838 -74938730 164043149 944303794 803767058 -729865427 11256722 537300363 -194532478 373352160 -833172462 -1043299555 -586946151 -29607440 231869758 -180109884 -315806877 770793548 -471142831 367941840 -258323565 -675464155 108811544 933534798 250494788 434660446 599736788 -743565693 -450214078 79538377 797048196 785535771 660540464 1040200458 -73417678 -388842070 192019014 -261055090 1071406172 -953862775 645202398 -86064862 364254107 826158883 -1031174375 -1077307559 173449950 -241418434 413729003 -243666886 -630728642 630323275 809423444 -539428716 743973358 16869372 713475172 142851916 -212403525 379154107 -1084177300 249074015 -145362067 -68315935 172644400 -358058808 432480245 620107311 956064216 688888407 759814410 376363938 -468490050 625235704 211192668 -82521933 -290443556 -65260842 -1001977061 -148941849 552172278 522336031 -901633057 458799009 650143893 133995367 877463629 -482872096 295294518 -121308033 -517797303 820000742 -443668948 303441476 1168434255 -11905315 -169726252 139092754 495600074 899476490 -1008016244 185428761 -52175890 -663729995 401908289 -591691209 -8191512 -40897383 -199304251 -253186644 -62829647 -555630482 -306337469 424530480 1119767376 -210045550 111309552 -293188824 -104574154 -181970829 132160465 628882411 -203125658 548083116 -269603670 -253432154 -73929004 -18484355 110873527 -87300196 -481676785 -82791342 -897929925 -151892406 857561872 -81581150 -360550755 82056795 -53859829 289567033 -140829898 -1050752307 427627147 197582040 -224994526 657026206 -72830530 -241861661 -86986574 -1401665480 382128501 261680316 -185852046 10018738 409903500 1398437817 -811342554 -177182128 78586200 -215253314 214059762 893861592 -160820470 -161888540 868734902 13184673 -663386584 188613075 523557336 92701332 -565680304 -414195615 57817317 152404955 -212737314 -1405826482 1047423832 18339358 -298424010 690157898 -398265399 -727362856 -643344959 414700616 -911233052 886447301 -468925619 -540374584 254229205 550100366 527796224 515928498 -194710603 -143801057 322548410 -197555694 825815180 -485250335 58304503 -534502034 -122841475 -149042983 -399766618 687210493 834271954 -217909050 -748666950 524346708 1056145337 533720471 390591524 146117710 718518299 -118051981 -127686688 -418166930 -132792014 155710735 531278912 -550637534 -1189850151 -637308557 78829825 -532917015 561201574 -563975007 328120486 -764803596 -102089753 -485837498 451645620
-502346947 -180060000 -149275423 -19334922 78934247 376761640 379866138 299449833 83246964 -314320005 690921554 210060562 300125150 -151355394 -491582669 -658016865 356960981 867544994 -379225869 132454621 572453735 -393724508 -769547159 -385228063 -230452522 -73709418 -604576638 806365438 43610544 -335842928 254332717 516943169 -286332905 64256891 -1012716325 -247945340 519870949 1021054056 1106055283 244758850 643596218 -739027223 701489783 875347602 340011090 83471652 -86844264 497103463 159733863 291325455 490778971 -466037968 -1025553342 -356422787 243654857 -51472322 -108834312 649710844 -1436543820 -1320792806 424470998 558811963 128687465 -445667628 -87459023 -169160384 30350524 -1143145964 237135714 -477305850 -309341861 -730299363 900769696 -255723356 411385584 957552506 -70810799 -10420817 -432646653 -865012600 -770261602 928797621 -165120621 -651521170 1000979003 291569302 228556733 -39946128 -503212369 -223593967 418182144 -397986740 -517341085 318983561 -220645203 -44194885 328249047 1150993619 775721316 -928668006 -1064825913 -450927243 22528440 634618717 -164765213 -69374021 -603096220 249562691 1146404349 701125850 -504436389 478773233 -684930668 861437998 -112626826 -1308202083 383808880 434554988 -691206772 644207514 343586426 750993435 1235075439 -507289769 -15888311 -68853184 -1478449268 -309075244 -474853691 -175339443 578056941 697900365 -1044659185 -477557387 -51204929 -808538790 1059677796 -493453792 306018495 -688338041 -62481944 27181157 434491325 -289117194 -128324541 -626824960 -22628598 -1028547657 -732861439 683401807 353310037 -615697961 -346731404 343347159 -157479371 1099238756 1033765736 96553257 341159836 -406133338 -3164514 951715458 -311647955 -528724858 -179085958 322569317 55289542 -117119018 -375985430 878075553 885869401 190771687 -765734982 214204480 324284398 184441006 148936277 -302428075 111732963 -289936019 54824662 94478108 -549655049 937373638 426163004 -577275259 518210173 -145891996 205054110 -668910510 71346402 250030412 603680576 146377341 503259232 -312461587 650125365 80305358 3983505 591881468 369335895 -95235119 170596523 -84435456 -407107319 502456816 -324341405 -353017281 259487545 -458578300 634902877 326889523 -16539492 449885313 120809747 -194491317 -589339981 -174863131 345869387 186424817 -256459462 26796583 511097689 -124352446 -471529062 -15363688 -15083087 -135925968 -549573255 79056325 1559204017 -440853068 -364281140 -137008552 -46489216 -226030027 709607765 663570921 344463522 227833903 624471715 -621765513 301696219 701422716 639502618 836054731 -146019324 -114330122 -903133611 -337540173 -339978764 -660965701 245883577 125512859 -936259853 -855304754
-114662154 -345943478 -531673884 312313336 -378424886 1350841650 -797231897 -209873348 275189417 -1461187502 -765343414 391313823 -642635070 13464228 -49860666 -735785142 130188901 166496117 -138776805 98335699 976505778 238479405 -1029772179 -41529045 -289010558 -323754513 627700757 -574397637 399694508 329931826 -599656871 57516791 -327497179 224102727 106064811 -150999129 -745871472 542852741 -28849127 814871553 422682340 -122847769 -928007606 -205842496 800876423 711227345 -546028476 113457855 780091371 -298687278 561625292 -678787819 -306287552 587073659 -1126877296 124895450 -607153081 -408263190 293537754 -770782041 -443272859 -649597372 -310988545 797622902 203733069 -772797689 -668632500 -76888769 953329085 -323544538 -75910920 -665681234 -381652691 301850038 526273736 -334264218 10477376 -388098266 1029857565 -256105405 53632748 -1472675524 -644191007 -199556664 253592007 312692027 284554147 172528722 586023647 -34309065 -340059530 -498931913 -513443101 -258223801 56984006 -807981732 -42397809 990142362 266969434 469341435 25800323 309058876 -649555482 328461182 93922701 -918051476 -241404594 1479278631 483879066 -624890481 520055447 766024339 85150519 163476642 -414059023 616565468 -376009667 908676883 164033538 -861243013 1426487652 -52185671 -340975890 -1004181807 319941401 13239772 -162629161 829715997 235720317 832949519 43075698 398491006 -786019423 -260396205 -479667277 -478968843 498703457 -346362627 -102854076 -135033862 35101169 -233043229 332346789 50862771 -278743329 -337039653 -224406610 1196250545 364893050 -663869305 683114954 -898793043 589409576 127068997 142844540 -332139677 30919061 1687847309 -606321990 -807232394 98766469 144203640 -260120577 195159629 49347541 -3181639 -281083378 22911491 -98598854 -499108751 16056326 -1314656746 691630299 -167728531 249937850 632712925 209429735 -926728122 -151176412 -226694562 741660211 533843163 -792374639 373363130 53582056 -402889129 72689696 -969846025 298287334 -1101763970 -149760818 406022404 309330661 -36072727 1036879321 115296145 -724339737 -746504039 766318489 360311857 -211360936 -333200332 -107008294 101344333 30260832 387044484 97950694 370659636 -1304584 353472319 -776351177 710678971 106798207 -198359793 295427053 -981399925 39604609 773834314 87292584 385512726 -202183457 217769053 -613375394 143075014 393212123 456366474 -402177837 -619414690 348275088 -984106347 418165172 -302632703 -369578472 -74947341 -249909743 264814268 664841910 -13921375 -775296860 198311248 -190008393 281670789 -49798076 -115530155 702649200 906390572 -287452013 -276269957 -1119485499 4060298 1703011427 -310054525 59749886 607730093 -289473673 -200861368
648933270 320742606 630590213 -203176279 533449517 -40515242 -681101839 -67486488 -116926597 250820962 718417992 -959477654 -58462599 248149370 -29125949 1099215703 -883090463 255061363 -325981945 80168514 -184185663 448978970 -105127549 53522968 462006041 1130737681 1079038835 146985777 -949698063 77383695 881461263 -327426010 -635232882 776668213 -250821963 -191279889 -256213443 -505206405 -1316769570 -289930720 -801864509 168671895 462407634 222341572 -187164140 694102630 1403083781 -848892382 570595326 122076637 -505327973 5240268 926149089 1338486335 -739127405 389666133 197542658 58299797 -152133277 1902579911 -124070356 997129130 161975954 172903578 387016248 438138033 -574158689 593084039 -301648026 -180268252 -192220626 683466767 1286955885 721082208 814444830 839033879 729730845 256651494 507346886 -137070336 1151196665 -816608257 -462356766 697054497 104096022 73837912 -258467385 420576623 41744824 436062760 -793631603 147917345 614961442 134340938 387222438 -366949237 -475291409 -86244545 171086003 -827118750 164387888 -885353245 -471195102 -332210767 154560316 -301803479 84708273 1096497147 -911375469 174996060 59545778 725934349 142026622 -2929104 654848739 366037473 -316248733 356706673 -488995603 -27798245 544992291 477392384 472552690 240202153 -26399400 -82196748 -408712776 237024167 130396140 -58531801 531423044 -213354651 603429760 406496062 -717996450 642805590 27121970 -202238200 -123121154 -116260346 206423350 -1076246592 -97636467 -201067029 412630671 -54841357 229468254 120691021 -245246952 -101431589 -440257764 -969049158 234211346 -65540558 -240918598 391273834 92244641 -151765879 -582048873 257222273 -900589662 280649376 -429317609 600715584 -497571292 190045389 -1148895935 -46302618 826885587 406044646 208443698 -770892695 -779878014 -549212288 427536105 301678838 -632162155 285093871 88021013 1575889854 -877725667 303102961 840324816 -1172083216 -556293088 804204934 -369860008 153297773 -669401064 300076162 -828612526 -234674176 521412853 574011838 95786949 98415586 -1263085395 -1641823956 339641877 -10418621 840007174 -433923297 -82727785 -202289820 125705816 -26183219 -1236988677 200325188 -821982475 658001306 -932443417 -359380919 213074177 -88930622 -386918265 -1470987947 798371127 482115868 339122426 448348844 -540025837 -403528269 96567515 -10369226 601178223 -371480726 664639479 797074955 -793062109 -206887539 -694513015 -344168006 212255312 -309713176 -713153019 529910788 -376231767 -214954440 290362116 -94713392 42529054 161192663 189804012 604183786 -126919259 -656384094 660295189 -202264665 -65186693 -655868863 378732466 459146657 -489785 -534251037 773645650 332638658
282698951 604269994 107672815 -408849016 -465126317 -132928181 438514686 72343083 -1028081818 -1235871605 -833232731 494459005 -256796399 45885873 421466648 -462046611 4697201 66665345 345924526 -1743398215 -58345400 -457592945 -102611599 -102297139 443444155 -331038551 -497860695 -765754900 86454259 755207227 332501099 -476441363 1112440071 143851831 223986753 -576225664 -235477638 -689928194 2189543 1619973789 258861843 103095328 -923097766 -924689655 -497617014 607145155 399783164 -323165708 614998635 609821467 219311018 -862404300 -452424758 9991061 -1019879093 590183816 -438855316 -958538135 550817143 -553182639 -230313457 -1264968062 286662036 508764938 -262429184 194346074 1107361418 29186335 793391541 742232214 597587967 920039261 -90785866 143088780 689998312 -496952431 384084037 -66603105 812536555 325028691 428908576 -372204410 166488970 -105636701 -306948272 402038598 -300437964 136716077 974829294 165263723 -331337709 66871836 138490648 562914496 -75046050 276009388 124278777 -887788850 -369554800 1189727563 390190973 -108556080 -287448345 -625869634 -359316479 -904523992 -682201510 -851174753 -374976372 686766454 359746888 445371356 229073910 -637519021 -680498565 -487069972 523611911 665747538 12188855 74149983 -243627518 -699435370 78342827 -163431407 530809583 -1360506666 540056317 -442860099 -668438006 -146516771 10944707 -520005510 -579007734 -504684987 400234213 605675874 -370618287 59415993 -790995433 133449492 86273504 394457237 993734019 1407960093 774895690 -120585576 -38015389 150897820 -279799826 -548165055 -23347328 -65531585 -531301383 -1088429 391935183 511883670 -124271416 -48726965 -950566695 -121689545 752222244 -87225703 685900724 -335567082 1371361495 215523887 -42920861 1190262205 -761215049 458769855 514496682 -369873011 -472062928 1313248324 420698140 141331386 -57087475 -1307656827 7593692 678180394 471162329 -125739612 872603341 -79137839 -256394793 -307403925 710393926 1229407766 -93691332 -26457769 1133041784 603671438 -560960147 -1457478293 -476443708 333553973 -209770566 819836737 -167896128 626429898 -768528856 480122343 -675129212 719504419 690931756 -298289005 415672559 892929962 -655485486 8989130 841104828 512615351 -831252224 -263688402 38201010 555104858 -332566818 -221940523 377247952 -223126303 -273463026 -713584100 -247479 296485427 -803698929 -99884131 -12741013 -783850770 334626920 -513872059 -286016520 1053211379 1172296674 1036603610 -530839635 -347633793 157280181 662494946 18995339 -127742287 -429373941 -94407408 550884774 -181097125 669253849 271536211 -454030766 -193712559 676084969 9212164 -104033958 -213936438 -179054878 377564665 -329565888 -165510342
-543433751 564447822 -483093747 -397184053 -151401218 45340459 -248646388 1229573838 141272865 393016277 -217325730 -280050464 -72338364 -356943189 -140582204 173568312 -706377960 -46092044 279614996 -26902107 -628271382 351152227 -550128780 49921840 201109720 1373945631 273973000 -341689807 191252253 707298266 -56758286 733248421 556708395 -1168823706 138097876 -882938622 478023377 155049362 239670010 -412772192 -470812047 -782680921 460994419 -257653501 -804968391 -1804403192 350074064 -20722583 -609876582 980332642 -295632770 -432880194 495933105 -3611971 -865688115 333282019 126484289 -44324585 547675526 809351326 485183637 67028738 108594815 181200328 209100851 852744033 206178548 -586271129 -135185671 -339079635 -51149434 -652366294 -193999957 -561191802 -283170114 794560622 -911026971 -381802313 -245034768 -184691743 -43949889 1370520676 164219410 499428404 -315245421 470230349 -560815811 1023397575 320119452 -599357376 -444777144 216822243 -978648517 215752364 258931822 -448473876 23738532 58273660 -620718164 -309489332 518851724 -687592063 -116865780 125305256 52212310 -188604593 20805923 55523755 -318376938 277710420 400046399 -618189153 -499724795 285364627 121522265 -277562887 25314981 -502755454 842248241 286618496 439881175 63528942 -113104003 345993098 -474976401 36288996 -1008139476 -85150910 -646604065 -776093669 -117130862 139758951 162079599 353285077 24656352 262761687 -1154329600 196099167 542313003 -47018796 289768739 888528825 -1102462775 -171165829 958238209 -310354477 -126350056 -12265651 -514125925 83259519 1318830552 -299723087 918324925 -875428205 -1343543831 -647727294 131960729 330510536 -203964775 574614393 -1430398501 -343519799 379212103 -537554654 145116851 -704821201 121664220 459844419 -1018562647 160658411 242653399 451958470 -75960768 399243754 -544300573 24478728 444757783 -241402249 -631161698 77310510 776482804 37349309 127858426 545956775 55804247 807868719 634187121 94731659 53742395 53845729 -728536127 -568525073 -388999203 98501538 -404488047 797171908 -44054595 -320941969 -710474686 -95195541 172045389 -263881705 369994315 -569358260 99999670 737520803 396554474 685015305 56540145 -323617684 -100895496 232151566 -1325368999 991183351 638420823 -497603848 595670678 470517738 153327813 206319309 -128670847 -23271861 286742307 366144287 -20377388 -742967560 710150555 -379511598 -583568723 -351807468 536801258 113385582 168580906 765501230 -533943949 662559748 -26300524 237662266 802261864 488509004 -14581947 570944257 -374663861 -883031997 1077616866 613132895 602649599 907578185 211458486 -829296771 -383220583 -81094235 126007090 -196379064 -9074106 -1059564408
17635122 1039910294 691372470 689755295 167515514 713596688 -407620723 -320734883 -707692594 712153061 23130071 151864495 227408491 728933435 860643449 1126768329 -145016003 580846348 17750213 324400717 142880988 247733495 -1002604461 -490592713 -348686518 511933802 -75547405 513541393 51555777 39270392 106599754 293809588 217741362 285093120 89180510 443193804 675918568 568949940 195703580 188518961 -323815974 627356383 -32565135 -281865169 -885424189 -1141230487 172753093 -681692143 -76030126 48937148 -161711646 -842423394 5640416 1041028373 -183269281 -273251229 -62109742 81108598 8036145 285849238 -108154305 -205042718 -125047399 -364019060 1272384279 498995609 663098015 -271550192 810385054 -617576021 -539712748 -510764250 167957769 54055762 36543123 402975746 42564256 269927142 480275331 -705190113 1406676809 -180449890 236571264 104384680 789729862 125750693 -840872533 -590568229 1037970658 -939457771 594500510 -865429643 534956637 1189658710 -590273928 -239328734 245886196 -265828473 -950629082 383187810 -601298464 504078091 -12088608 295278596 224955964 243844095 404780034 254615895 -414169211 -415435953 531313950 82738223 978925142 -398798237 1096905181 -3204081 -138577519 -228735744 74722601 -380542167 -94285050 255570764 -161063775 -298957199 -160208338 -531909818 -381587739 766727894 -288348674 -113419740 546065563 67457528 739200774 -218384893 449195111 -75736809 988348559 -139142146 -873566065 297093273 -707116545 177976870 950566090 -1095825435 -155617988 -584377264 -1257921262 -573057108 121089818 -210442140 -62663482 44715645 -420015890 -1010428487 -621849627 52758627 -963464167 242305933 -16274038 -516768715 -716650607 -191454985 236130561 247653681 354360829 377005170 -226624161 -806371119 128359851 616596894 -1128905195 -294996063 197377999 -1140949147 851034268 273874618 -245714535 -1110488587 314144908 -149979618 62940620 284013228 541891839 -486849667 -331038636 -78088076 503660276 -556106989 470884058 -261520225 -70973700 209257296 69843938 -204915062 455013439 -334195373 812102329 -604383022 -1284563969 -80318292 717948620 1165649445 -1088530636 372584701 343416377 529252197 -1043911895 725836531 -1236240788 -667012516 393195869 -446177018 114107569 827856628 8680308 139216122 417272745 -48500592 69834709 301983151 338517184 -481231395 -1196069443 -194611634 714073032 -485166754 3672440 144860244 -467879600 391420860 -343310743 -782521843 -872337 -54520896 -69834425 -81887487 -136752661 -145886229 190963642 -109247860 -187669635 324183232 657349854 293027265 -238992363 60941254 -200818648 -465378896 139954298 117160162 -468322928 -606395503 303163922 176953076 -125866435 -351989538
-1620543470 -839307215 -428708118 -329196505 182044107 -778030666 339638331 646552611 182945830 193716133 -489368189 197500807 -827259089 298232828 -411505628 -546550174 -504904336 -193017664 852362206 -369786917 -529717270 330173472 -1145260843 409768018 606715153 381147273 -11051329 711306915 -1489158625 7219369 453681492 454737282 210692179 -202640351 278888993 -91527058 94331634 -608510903 649485312 16797007 233455221 6089195 851629509 409493938 -740330383 -511553554 816531758 74169548 403064795 145405934 -67229555 105901924 1164845466 -909754694 -202410778 46625880 293327822 220535363 -35288241 1519667573 -511545968 16338289 -268235871 116838167 -233851361 -531661152 -395448056 -662659649 481200189 -74909251 -128239252 -423331663 42923082 -451125558 -26273152 -21955097 -761792431 399398085 101946994 -511855320 390651227 -294059013 -99071868 189321383 413743772 -713051993 -1117710008 -130735396 563742384 -280762758 -374855350 -837866240 -357305899 -197135482 -452186795 -730538207 -804778562 -660143052 -268407257 179106941 386982055 489620029 -30839259 -559719743 91083209 394068797 -385074999 -724114925 -759531146 627839281 779847283 -374408090 -190292330 -293983087 -293573401 -651915733 523726626 53639474 82400535 513089602 -38771544 -384568396 18145850 797043246 -510930986 -1093176275 375450554 -273603874 -1034052979 -530546540 -118896587 919829762 -211646413 946001251 -381061695 215534211 -933311904 735352166 345307760 871340089 410196708 298414818 -300253164 -260316372 -9005819 -779706948 261759156 228361401 -507464064 -766284431 574870973 796660107 -30779014 47416245 -525450362 -321915629 -178924265 62582106 469220040 -633904726 -147771344 64587826 888055307 -131560482 -259900050 538906207 -468813801 1059368001 440768325 1323641642 -16729222 739029426 1548803559 -462872708 -774593258 724441024 -233779735 180597443 768814194 445614144 11691865 512728491 412810699 102670025 614204423 147679610 327335024 -136648797 -383232592 954700526 402011824 -292695765 -307057014 -887213566 -262437643 125232313 -124222681 -310451516 348329688 -597321322 452107242 706720951 206971405 952733749 571112286 -400618987 -506975250 -82772064 417555218 190748263 -265295979 -151515079 145853938 726596917 1063753256 -72887789 -1313020711 338484493 238494182 -342737335 880590061 -1015976939 -215698221 -568657397 149716338 -159081428 -364391969 -450995006 -195853167 -16780541 1213197307 887974937 113368401 -207326841 -589464234 -7105498 -175113537 475092005 -2601420 69457834 -496078293 249602496 383776058 256051438 -227539954 233255060 569330542 187914908 -644432436 -450332313 -73774215 145143249 230042197 -521535901 165571394 -495547538
567133488 161876411 182424738 -871576563 -1072341123 -122374802 243728079 -45303742 7571573 -837179770 646633952 551963944 975686278 -467895673 -507986023 -645762856 -222521217 -613614857 -493334495 -1079779104 -74635778 -281027294 -235361981 183347070 -413018288 -225768719 115562503 -118648923 650042291 -521490392 512945302 -201717847 -499192774 368559555 96285612 -468798813 -1080953637 629729303 -796685091 -287880240 -864291987 -476020754 668471544 -600379567 451902842 176147873 89376618 489458881 -723350864 -687309095 675499284 -36900194 -644358522 -113166685 -715765977 -306410648 524110482 -354577863 346805058 -231387016 -232196164 -231374657 -44331210 -23998692 175256012 -480437949 10607733 -583249967 -433370690 -168687167 983510411 -568036641 33029774 -419975092 580154 -91999796 -245776513 -850851053 -46269777 280230532 64116268 319757074 -626699429 -373874802 468072175 516303787 -1710275138 221945934 -147117949 -260508594 262816655 -18887919 34168420 300334048 295346004 -662325166 564650982 -60057620 -231648937 -212522925 -816757205 40755909 -845914620 550290469 -1180475426 -213498053 -416089057 561214612 -115588655 295513668 243568587 307249050 32956420 -56155062 504747149 -38152766 -44744046 74954142 454208134 119829469 102573344 857120061 -40278302 186411669 457683499 25257358 -448583014 -438191386 68145431 -27940040 832999968 -273713982 -515229414 -163383414 344736136 136784239 861744648 141423775 355083363 -772607119 -837777926 -158932240 724326196 153087303 814125913 -4822081 -550025046 -444245256 148094602 550932656 259092746 -133427639 -431611991 158673221 165289426 342480142 435795457 -38223114 -120384290 -9284705 -289912078 627714716 644480578 523034446 -45453107 -746374813 -337683173 -309350675 413972449 -808534960 -60968701 -653362350 -258113414 -748849316 -502767377 -129841702 403225062 -625690595 803444666 507503922 381512071 -779558021 651649490 22741044 40778050 1124806735 423147326 404569024 -103611792 -396494015 198123119 -26827866 -199120359 -171129143 57376344 297684006 386309005 214889488 24422407 -393355668 102988997 -143062453 -85195965 -150923671 235105796 -828789841 27279956 104752099 -208019798 250683209 -182826400 12663854 -524060189 187206746 -142806594 -115442238 80526981 -507260425 -152884432 -544848031 -620854149 979960842 36811390 183412353 -605327340 -432457700 145120371 615953221 -322259025 6430749 -108804430 116344945 80374719 -181215214 138304440 110260541 -427660110 390077473 -98720532 -147446030 -181484190 278961083 686302328 247423189 461724575 -537783445 3425879 192992234 -160530693 537657908 -468691877 -317286666 -513942199 -254685859 146913831 430009297
125755968 -415396156 338744381 -415491831 -791623808 -4129323 341341029 677566122 420952326 314656833 -457527198 -986645626 -245138198 862334971 -538593466 781359957 -46996705 417456018 -285699644 -83040286 232522536 -615869530 -142685178 -31982142 500453118 -149507945 296435434 -757746670 -194080651 396110788 -139998886 -214444967 865728810 -138082279 246769446 1026200924 189135434 189821417 -144977989 178183364 -212824180 -805613704 -162050486 -1451896708 1461313869 366893824 41341164 -163149656 340606856 413400846 -154011655 236538284 -318643421 -24883215 -295282111 -369231491 783177323 -511609069 -551451634 1157681107 -489161551 -91525624 -438808663 -43693301 -405329384 -342745083 -148732584 468120501 -42106015 791937082 88084637 74415657 667709257 627944388 658297098 -137548447 112786309 498434909 351800393 -105974718 98682818 -591475520 72468177 16438851 104401382 626020103 274791699 -73156921 -193237716 175807260 327429322 -129836021 206024012 521621582 408078095 -95897755 -687267494 -882618598 158722053 505056218 -370876973 274315373 -68513866 -606944793 -399232831 -699627351 -6566551 -124729786 151255613 85509316 -387248715 299931078 -587414956 49745894 -845897264 834524462 -100294274 432140473 478757983 608593676 1213668174 -503346637 -20004738 -596953465 11991492 421465519 -211881467 1091136016 220009573 -185316495 -511911017 -298896905 25044952 -155444581 755049688 128596798 -140640256 -107754621 -198231835 -456433880 738124351 -444172780 294414317 189293522 -595495074 -545117063 -506080315 -446780720 976640135 -139552368 -448754187 296256152 522452393 267494188 339932304 882289657 -370659922 102062129 198979424 -237804909 -497782436 -490647991 256332965 -152575485 -124150806 -240747046 -715165340 944226310 -115571778 -103164538 436420172 -526926799 -282344190 -189440303 -1694527452 -557890219 905173563 -645892086 11005643 -762488376 -833030366 -590683551 256074302 -568138609 -211326754 442457027 -230826292 189414015 731512549 873412922 656689894 -250723109 -69920823 804190929 482689087 -431671180 293424736 -700169336 -1083974590 -702791341 -1066175606 349302234 1067108219 556292655 -607674788 -239203325 350135423 -182923809 -797498997 290962054 -973537921 -371086132 -477473832 -1140377866 187370666 -646826240 -530478632 182006916 -129459427 678557844 -333565216 -623911350 -186499047 -274557030 362295117 530290901 119004808 440277984 -43345140 -429980179 119782304 -199092626 126263393 -984356622 276567563 -271308805 -443944704 826881711 -268649932 495140308 -316435960 -138367068 -982979499 263108089 -269759922 -521133133 -898892214 -10464987 -304920801 629299649 558140332 917946787 -160330677 -373446084 -240029540 -321133970
-672289619 -5500053 482285912 -576275180 -732042198 -168130668 67023119 -316626726 -947173844 -211236566 -167342539 633901976 -191303964 -266810263 -800866799 297176463 528199396 -220608216 370279324 -141121069 -690489144 -312014314 -505115852 24394597 121140823 135934741 -32599449 452195232 -249291305 385192575 -407543752 -493576329 203212981 -1295630209 -400751269 385990169 -132864864 -380096738 -529407049 885408129 -440765822 -6316269 265546053 -430962628 -1225962634 207814326 -354355765 -1244324536 345820748 327746517 218566245 322348272 -269822767 -447149674 166178403 762724577 -224822064 122226175 -157734317 77512173 -1239403498 -825178525 -327634510 778282357 -231162158 -227370235 483945704 -342756313 338971245 -187692950 -628018171 -71387759 -71581009 82141912 249237971 -816108119 -709747184 462444399 648630798 276240089 254196756 553907369 -59579748 -366167759 -39065532 62760 -185839834 -354419858 -73874923 -878704458 331205744 -283474138 158449058 -572588160 -1952734 170434810 583749874 -610112086 254460549 -139405531 -162447256 -734041284 87570486 -256177965 562902107 1761390 -608614 -30855372 -565882172 -202893356 -379204369 592164028 -188160094 -216827149 -84313297 -395848187 -454198157 450851119 39203702 -668952568 285462212 -2069880513 474129756 637412878 697962336 -292860582 178594167 330983744 -15057012 233253035 479985299 790522076 -87661194 -241984445 680697443 -589864602 -397881195 6647342 -122486183 -562457055 649667464 398539786 -369657680 -288460580 603510737 840169575 510809189 -8695414 222703247 -659754906 682535083 350703836 66832296 1326462 -69594639 479973020 -331599731 -157516070 900988249 277895403 186909262 -162292979 394221471 -326994652 -197384167 133951907 -442278598 254730658 9244310 531827268 620928885 943224914 406461566 -11755329 -27233460 -27085293 -19904902 -560313720 -269960570 394559614 -229975419 -182904843 534474668 715737430 -768872437 -45434949 -114157113 31844619 -251338197 53550197 5582614 -25025938 -300510857 114819745 394637119 -328456083 -616830674 -1228545847 972480624 -1420152169 -423336900 -208329859 430415978 335402501 -49968184 312143208 386796853 -436466316 375494193 391272681 102832202 -455296475 -497566413 1241942720 456122003 -906883827 -725363826 -447029993 83171099 91501630 147227078 705068928 314601497 333402262 -474813430 1011607704 457743325 -293294191 639419671 237148 636434776 164425593 409413551 -273145499 148619364 -74534495 620555590 326119942 304439296 -3301204 -181598647 -337163329 -446047132 -369210377 95578815 1056276331 -163434946 705953568 -422071893 765227873 -415453049 -279595765 -381219975 25389232 1024754764 579139426
-1017355885 391361826 -531968216 -696609 529781755 371992351 135628670 -9236612 -294493857 659909722 -1184119803 -631161092 -242811678 -509812215 1314930727 640037269 -346295576 -76001464 182410827 800976440 -693987921 -729470852 360805727 -802711394 -16811465 -855062228 307010452 -1064768831 -301290243 -87165766 -705144743 561462780 -243494941 328051467 859605722 -179591347 -331303938 85845423 2061921 237683361 310890604 -414050875 237787872 -406050649 79814063 938124208 743979774 656386966 117987911 38093217 -868312829 167831444 302034019 763256921 -525180956 -787708704 1161609514 -295644982 487518093 540270410 -1397950793 175254488 447674489 -583370507 643315184 -314592941 724626250 29719484 971097384 359434183 -198633045 688922080 957332427 -846251965 371050876 381328896 706121168 -387861156 786010397 -495088623 -368838218 441523111 861100534 835262904 -292045341 274970506 -304603010 -494799028 -463404000 939333767 540435940 -362216879 -37166339 128297362 -128445816 358864244 -56149561 683805939 -1368813977 934022131 386129696 239450805 81526343 47588562 697350656 -465201195 -1081491090 587641148 66008871 465948184 385292284 -681304824 345988654 -128623236 -404136419 -52677733 -6815715 187230503 -1083555846 -1016256656 727577288 -111908265 -269513785 52372615 -40423830 962907 297655818 -66872665 -243512023 479648292 574246655 -645329654 -1380837444 -343418517 118109365 -230943882 229097717 35723494 -88205668 251766465 -854291650 169030102 38402910 -507128282 479317463 463971216 331404944 -1253553621 -213073217 930153813 37086999 -160224367 281729696 -242090635 604018073 -256718784 -66890036 930146482 -564462577 -157320619 480821618 -1059203898 -4831808 561917427 414990246 276276091 -179209452 -882700456 -386968905 1129878790 -332939456 185559736 -897887447 -700221751 363738380 -381293053 288486450 -36527584 225114403 -347766186 -581517939 680851272 503710630 462379046 3949519 189412336 -833678487 -569635139 596569648 115080277 -277023023 -683077071 -351362858 -1220689443 118195110 295842463 -541286330 -108328427 349786796 382050260 -814208653 -953443150 906624454 298190052 -981086303 241038634 -862850257 571330308 232427738 41619499 487557138 126620084 438978638 399986784 -1176623439 -71203034 -125868771 -226268042 849682105 72523898 -239928929 -541057471 -1092413128 689999597 737049526 575155152 -332040074 120434127 -1377406760 150023742 -711460436 57561671 782833044 -926538198 32829390 547271199 -85471952 526598097 -352402381 -92550126 1495644034 -510416522 -282884982 -595315392 397206962 -37906287 -108446891 361156013 -1299099888 -324557336 603305699 -48757185 -570747236 -771370621 157449170 356850962
-218726926 -620144658 -231185711 23006089 -802607593 -822995966 1198447263 280524853 -35423266 -390324051 553596537 266176265 -594404604 496978046 910222770 -77341815 258762942 -95395228 -666230784 374731783 -307769265 164953112 -13262855 -207213751 -468894732 -1430898738 765421738 74018301 64981819 200332899 -783301142 122638991 -434436736 -110222253 -38209640 543626234 -377916841 522566425 387865770 153412968 209539046 -1023120463 -343122295 1549883891 -388886944 -187476421 -63285255 338593706 108273788 377535135 -180912547 -551938603 -606374820 -1042325818 -308710333 -37625258 -488439135 249979706 -202066405 103084141 1007720608 109392340 582439692 -237145620 -553204767 844844574 -57414442 -269709971 -725961916 -907032149 337119042 -544064818 -25777616 330999305 -201163995 406443549 135741606 -587216307 -1006419971 50966143 129258973 -143807644 243183840 153348909 640566443 163038403 435382274 -1371761085 -861318952 -924681884 -433358266 424479827 -416800619 177449146 58885446 -828766361 -1474894353 -726570576 -279482929 -104898707 543733202 31129812 637465459 760040442 -459104428 -972052846 442659998 -529236202 233737893 -122338837 181959664 -1405502423 -115985704 -363283478 -117515434 -608061304 966463656 -292030803 -111992566 -1015293325 163350181 234091871 381554068 586266070 84187428 805138155 126433282 -513513258 24662988 -984487993 126721946 211456293 737022265 -36377600 -379668146 449942199 186507177 329210388 448348036 -1102058861 712927155 -251081493 -433100791 -479481557 783307247 -828618434 -581614662 398387698 437900436 789578751 133948829 822088919 -1000103102 -209746443 -518796032 -1293266008 -27028969 -632298571 -9230274 -230928191 672360313 226909529 234802363 -91632262 -295697701 562929021 418748043 1270833413 -339838829 301370451 267671413 650416483 -184858586 -662776915 -724774713 335702284 -654960651 1120304909 -621677491 -809053156 -634255677 10019584 -409753238 136470289 -999611845 49653697 -164698325 1402956534 -311715910 413505170 437385490 -370594275 251535661 77925063 187338675 165356305 -70297161 -731276137 637159104 575201520 -199676448 586760186 -1155322744 -445379076 180880378 804913064 -67642388 -943164040 346815951 688785543 -17711632 196138008 464867466 129610239 -205456182 95554741 -793576563 145542103 -100719019 339299035 -492173850 499791215 438631739 -282178015 -974651214 -606181350 1426953167 -439301064 628216652 820451886 1418386258 -30586148 -739757595 1433345683 -79364691 721339264 597118601 -252212432 -256666297 889953349 -268918929 480200460 554472628 257745100 -302039710 112716780 -881027177 -576990475 -104308934 -215622695 -627918758 383774391 1586220551 -180656713 374828819 273041715
114890517 33203767 591075198 241531357 712000647 -242823436 967066646 -712433887 -207592063 11609452 -432114751 320410296 170239064 567290949 -210566783 -188997441 1145287068 1226207078 213639482 -292065801 239104988 605749418 329576592 397797909 -363932585 -248833272 -955472531 -608474767 439642524 432373840 -902553635 537173125 -956818944 -7160362 364000172 -25229406 -101545585 -595932234 926561036 -224821832 646382223 105340894 204534393 1057097646 -562311148 43654411 -149442376 -618520864 -611709233 898002804 -124403680 255733128 585682654 -202056647 400913914 883865358 -564071279 501375318 -77829537 88631341 -490652966 -953013926 -238540142 -300511069 -905469843 122329460 1251749235 71921745 221250480 -355135242 -1000866016 77940553 411060358 -253077761 226144826 -1159618146 428880319 -386556260 -555830957 -225292582 775934376 78257190 51561180 -248650100 -214111204 73846767 624386772 -332797123 8598047 484572391 315961814 10536713 -252791368 -366337025 73028135 188990360 217109685 377942341 -7217987 -164327707 978863249 1144938248 133903454 -164159245 715347163 147540935 -417834769 -339375111 -427858495 139927358 63093491 -374491390 51547576 -210961375 -490342628 390032745 4005630 -180505260 135019478 37469962 -34872938 -1060741308 788832945 -471982197 632888123 109966938 353219705 89580550 874701764 338500626 -86248644 -147380799 897465945 -816291 -761097066 582937474 -115591207 -352247071 -225580729 679327965 195948542 -616920621 -341098814 -134127994 4424631 256466206 -151605100 -777517767 73138581 144807130 938237188 191744481 -815621402 270565059 -249157010 368304876 77890558 186118001 287235123 -499436193 -246142907 -87527638 433865106 -162825678 863627448 735819053 896420053 650206154 345030233 -94468032 -571214633 124301404 -650574349 345633357 182322317 -57963926 414904891 625635280 136924461 -65941949 -715975131 690549813 -178659636 -34921465 439496184 377731486 -857440619 -477853415 -866091784 326460774 13403268 690239165 -198659085 -45846408 884955957 -640389508 135659606 -307165587 584634559 -577418842 389549722 1305488312 -156313549 -934686469 -256948289 -10290058 185791665 -221233737 -32981852 444432640 -713765122 -285243673 258452802 291882942 -466038777 857229696 -1020010875 664269258 284369404 493594599 -326622152 -241973044 -589882471 -5677983 379445276 158193749 -360500808 926709514 33811794 393818277 273927229 1019963682 400796489 90992927 -322727258 132156057 -238620225 -708964290 893658475 270709613 1233841230 -401938528 484973524 131661976 -583710580 3178438 -379099631 436238201 -886903426 -40955345 386669882 -747008953 237358037 168754249 90495894 -411947727
-32470011 -854215098 -1129853281 -1072615432 574177798 113694204 -855514730 434644993 -223163872 -93059811 -437418207 287599754 270012663 -512353920 753495302 -117802163 -638536843 279751960 18443322 263239368 55941316 268806109 -530266914 387089865 -37090940 -116291384 -711375411 653808383 107402719 57447532 -95505254 129075164 13679958 -456427906 617823995 498948440 -917074537 725200596 -376611216 459865055 -236611435 490539881 -201239685 59100282 309646893 190836280 113622586 198054435 148324825 53656849 914525709 105973062 -246814871 -67795788 -172208798 716702391 781065057 -360083684 -73272176 109719529 -85347477 -357176399 -610559712 86401420 -234950924 -1119865899 -535691391 -869331160 34393741 736764928 404546652 -281395419 327826276 -67792381 85350188 -716167444 -536877490 -191867664 -1258230678 376635569 -52397849 -1080574964 -8011460 460622985 22904272 493234804 -133484076 -202193045 -355432834 -22608329 -208153406 -707901178 152705342 -344423517 890124081 263196415 134419105 -260956469 472528206 925967144 -314716575 -83813766 251438820 -545653578 998329134 797839820 -130135777 -1175992363 -61347834 -146417654 33124942 159022140 -541480982 -81593282 104245499 1223100156 -42557174 471356868 167441540 767440270 11629222 -455842421 116658952 536200079 -891717580 -366660825 -43824118 213291656 -217417237 117651994 417696173 -307323673 -202129012 796755023 349768359 224113146 782099116 204816220 -127764371 -629195626 -325868792 690788272 -50062235 82720837 -245370948 -382216704 -795141311 334515407 -163312404 -176254248 265658384 197492499 -36346409 -468672264 -740288641 255039833 723114327 476404866 549443657 50669731 314046773 -393316660 -19908626 1116745473 438687729 492875191 746018410 253924923 368145178 108129718 213183805 -553605870 174429481 1430073603 51082052 -50665396 -291165600 -548317416 1103977 613605008 -466742489 876181355 918016520 375372450 279622988 -488138499 -241928916 -216182140 -1627904822 -718083760 -243570944 954772445 636302932 939735962 480602553 -322905875 -613701968 468191244 -642439762 766611656 -96535404 512096575 -253522185 694740289 243986552 -11933215 413751078 -471475900 910715684 -291971897 -312342218 764325322 -450851820 312564264 -611632034 -679331436 -540037206 144468023 -517274221 -308737671 485482084 711560189 -321722031 -639927380 -279243737 85989074 -157740206 -468424125 527108769 -60025563 353458100 292076598 -219792647 -41961337 1232868081 786321328 775462454 506739890 -824754393 212312640 246731121 -537165726 319410231 -913210599 567301156 149613162 617872505 12551966 -364259793 354882507 49942477 -1073597787 174548409 234655624 270207115 396047487
-56417875 -766532430 312509302 -407797298 540832170 -375990650 20895422 7501874 -953287021 123825888 -416700710 -402426819 -241055558 -282403825 -309606770 -655023790 785692006 544324685 -535446410 471800160 796866903 659338757 -426096604 381796813 378909351 -4117759 885710875 709352805 -594681211 -86664289 110454605 184656982 319489923 144011092 243009577 -64454113 -263766486 -67830475 -434335185 -395976081 -349741709 -418969518 -290745113 1199124940 121621267 756616621 44161258 -454011415 -468729623 110640159 -406641094 719803602 -176273314 -407984884 -464157967 -648068181 2530026 445893974 126555711 759279420 377218864 -602435469 413749987 -129956571 438864710 71246089 484705193 -713966630 226073962 -115244177 -546978613 217568105 763945849 272249145 -324873268 -42791741 -801356537 130746418 547753907 331619771 -286599357 -921937561 814662578 -1582097894 -198013898 -1262090278 458369777 442914235 -553615933 -237368523 109954089 211674378 -19666768 -203036659 157439706 702430751 208608773 -373110612 285086610 -233574550 -587344290 259628704 131043450 609856052 -682226709 439304273 494880442 310807658 -1172870196 -48848314 -622350708 -1216146490 -353108880 -625354010 608548706 -800215027 218964804 -235306991 243707533 176218891 -831294828 629434368 -2760770 1013310240 -573361032 589380238 432619687 -164042144 -654203669 246889599 14433058 -365468264 435670250 202330429 498438336 -744453866 258762217 22399775 5119409 -459894164 159335568 -533747025 173605719 -707709154 -510070839 -23311793 -458517486 -342189173 383046112 1045415586 -506769686 551656457 -1296734052 487208708 95071901 -446393553 -556521350 53581948 -374358871 -802375965 -345575057 -548107475 91718977 -66855788 -470424402 842247034 479297668 -204875152 -24113571 -514526453 41675749 886185484 151690492 -243684769 -532983314 334596607 554328854 257740142 -72853850 -152116457 84902808 -836744837 452665787 517406676 -501532432 -7768481 102489613 -144683806 504838887 404043442 299201957 170180730 -95480102 -268046976 -155257903 12020545 496375159 93276570 -344249206 -23343053 -292752879 878592004 -683241638 -1529666515 -383620373 336038712 -308188217 461600068 559235262 53716900 748304896 -964922951 49364236 -204314360 -277524618 610766074 728783770 -166648177 -18999766 7600782 -649022132 249895595 -2158117 292807063 -59624746 -318426103 -184847206 -121618026 277315421 92633690 559980075 94215444 -518631164 210251407 -222746190 77357086 822088590 692588594 -130198122 555382406 1025892795 -544759253 -331091755 1050461024 -131353067 362560525 -292923808 846232203 -779358420 399791183 -79135213 -932006333 -135740066 -415362229 1047429607 -385387
-29930788 -134507510 77250969 -757551602 245485457 -204899033 145147959 -460891843 -126515891 16162291 -576059052 912446733 -1000872761 -765617935 360590479 943572222 -416136183 -11948610 -232300252 174267279 521881231 43058840 340424929 715388114 69678480 79127300 124837277 755740884 -98330580 -300115101 642052218 -112284596 234614707 502610141 690360199 -607902197 -470206163 -562168562 630889409 405568981 -48884271 189809432 903950733 215573573 -114830359 278485014 207212315 495275938 907280745 -242162667 960964429 1226137134 924732386 158325794 -936595456 640399139 194016843 986556664 -674542975 347897050 182122642 -1072361196 21836627 78672980 -302076501 -916649625 -50247458 488283325 550497908 318057749 -126273456 -1068683082 -930987846 44274738 768897667 -422289065 -129791604 1117813237 -298641567 -503283119 -440817969 -161652183 -284300310 86599738 -113116182 -100836860 -369464653 -387603831 55916649 -189370373 245977425 1087277950 253328356 496441106 -688128220 558685674 1229963086 -660113044 397551670 675274805 -20468466 833907740 -216481675 868623978 -253837867 368022950 -443851775 525732256 736335446 114916937 -324288954 -668025506 349069511 132191113 677625300 -364512992 -414941820 -190094903 946393531 -238240341 -325336470 296092507 240154216 48398347 767585910 -669758440 708833452 -1244635419 305107438 513623655 154410676 310545055 471789228 -535656316 572960698 52030776 106789409 264845746 -106586718 270357435 -370187634 283794352 -713678302 -860174530 -322351286 -318226554 -629293526 410930605 -384317081 986809121 708354232 -277929652 116794642 474080959 -598302502 301888346 -473032479 -268281421 501050314 502781574 444762156 -18304191 105231873 -229419928 300226961 486798680 -815537079 195774168 602234955 -1070447792 772875888 -166379360 -39192115 -390829256 351558908 -851728690 52029100 -931049597 896812392 -252807255 536800592 588485439 -261006398 826242272 1148930689 -891108386 162609235 96299808 197746876 -720701633 586080897 796198604 -59500886 -907654510 -433707929 -873616309 96699431 77751196 -1233117713 451282287 719113971 -213157406 206674997 478730127 -912656765 1018371518 -910164025 381894145 -310395175 -447408438 229558187 100659018 -271625065 808883489 -127791114 748888661 483286420 111514158 -249497833 -29247520 -211415715 -9927248 -21752119 1060377060 -600567631 179720898 326946526 215309552 284902420 455963771 384339242 -366836090 731546739 1448861717 -130833111 -444679169 592226986 -474539170 1027271410 883491525 -242253867 524492193 -396077987 -135736707 248576641 -340994349 -796106486 220973300 -385808476 -145717750 -84291954 -484323927 -22210343 953756327 460409391 -286129583
-1175778382 -974398700 441861421 -105061487 421531322 547820208 -894438930 341941842 -915027672 174586375 505648097 -764573315 505856379 925842862 640350869 -39571170 -468983416 -238773122 -138334117 -310264311 -78059423 -613209470 -1009718987 290451259 -313306364 202046049 -339488589 444417 -195941470 741720881 359495255 494954614 -681868878 1136536242 554742606 78103073 -333812440 -188960742 -196792905 661641532 753144223 268851767 -533210138 392457309 -282383629 213592907 297225612 497776609 728423565 -109375543 355697927 73885706 909171089 586697196 -268559717 1298453222 532937899 229091607 323487526 161579276 -193961819 185173153 -200442562 -741014097 -470601110 954519714 -348122667 -262274467 170378697 -871858618 267639418 964309335 856827768 895042512 5795261 -84091045 543039103 14826692 999875555 81341005 789412730 -101044636 103760609 379951078 -432579061 -457169045 -407172209 763504867 531665292 606984050 -214533951 17217349 1182999354 -883311070 185353102 -1075566667 -186355280 267193959 -388837265 -27787519 -309229160 -246685108 278851991 -284391191 720516764 -17711525 107849151 1035875553 -102840180 -709702032 -127654600 123403212 665243109 -224464121 -216837736 1208361052 51853792 486713253 -248746816 122765759 -37142427 1071318216 144378223 -148035383 283957415 -759763790 -843983510 157428429 252606926 -5614769 1236508667 111918898 453460552 146464988 -552606549 -619785875 -140197925 -71006892 189257536 195189928 426023161 -618718001 -723963458 -886266240 496331146 72098929 429315339 502014656 -39310981 614515845 -1031302901 -102620746 156489691 -101944471 -31721690 90622761 -429760218 -144905074 -543902184 308051586 -1100300970 -121207749 388478387 1188248948 195014795 -156923312 -597474243 -837183551 399420241 -422549561 -410585081 -889634259 282479620 -32400587 -3562254 -911921274 494861793 192965698 -41156432 280145997 372294686 -257877795 -1251961177 125793112 -229031951 84028788 -340548751 -1073487347 -708683829 380540369 -280134077 194468673 11765909 -848600136 413838737 944596469 285021347 -1467926916 722274463 4116803 683471308 -81814755 -543482376 576368992 173902713 820622013 -351985352 -604077441 -366429320 -286835452 -326504317 -41963229 342008186 -291086844 901859530 -410044414 -457950725 -870740436 940050387 47128114 -172314402 -470772156 714212891 378401897 580948156 -87196485 -560444279 348930779 -298698660 -634880417 -157589333 -339162117 831633066 45260510 -709949294 -507807720 -95507411 -459106794 -73741529 -1126753906 -299787511 318304586 178718707 208900608 -492809906 478992872 222392048 601813586 -370311563 -623642542 1003548306 -25215434 298939433 -237798400 1002983282 -157832296
-82711814 -344563080 59393217 -45948877 359597335 80222904 -737986487 60757981 763798116 -117114254 -279759242 -173199738 1158505641 -280287346 -419526215 570201236 728484077 380580900 -55107868 -550806718 -280189343 -311757128 148578602 412361245 391759731 930887106 -1394222710 -124613983 120636608 -256782510 431807215 465149306 -37769862 -1073021498 -440064018 -255742599 -1075907324 -227700875 194125040 772867841 -37045225 -654419823 -415813137 331663449 -107139243 1451137827 -277211265 -494435179 -819786675 -14449238 -250265670 -22226724 -251312156 -838813923 76576288 -485600391 -1010376057 285256988 -468530939 -549646603 -252042536 55038948 417835117 534282731 543563222 -1096159091 -728753154 448003678 -34392377 -302261800 175239462 -1022768034 -88426946 -203639691 561978600 -409733134 -785009877 -982805669 159679086 -514767214 1101079463 321246638 -128451661 -71048877 -1130746437 680109609 314206211 121843535 -305535928 250603396 -312491901 -280645627 -356554332 -759915721 -51440137 -667781015 535761704 771669696 568838499 -1047662437 -659502929 65572153 -56342804 -437200730 -462649324 -36965262 353221200 659782796 372670962 -348034057 588933901 -242416438 -150224032 1216153218 -362100235 678549638 -411819760 622862983 362108293 -362143787 370954956 -1132168963 297590028 -273575497 12343111 -493837480 429316058 350023133 457023687 805767155 -823413846 450755091 -630601246 440574344 283901326 -318935483 1174595840 5171193 -815669843 426504973 116420551 82847028 1074302394 247238051 -419394397 -47183779 -346311688 -212760663 -914439554 -519908677 481479313 -65781199 -505514151 -59836422 -100002156 383605420 328283672 306899376 91538723 735174639 425259982 651921577 -451059101 -1067388563 523942031 18966267 -121357352 869642046 -303589916 -1218305431 -49035385 359194523 902685547 957472102 919347400 -61341703 78130354 -25325029 -17508290 -714245525 1355408079 717160062 -784850662 1284820554 -171556763 -1129866328 -262066439 -748055427 40404479 -962517100 563566448 -504679388 -388358281 4079415 -446403192 -153345657 922921204 674566857 877475691 -687092971 325656075 -600940399 -239289421 -515633005 689882692 537471263 25818791 -427463817 781734542 -75584264 -484112481 454605410 288951508 -370917145 -466166022 438961440 125306678 108532548 -163509783 -123931116 -383924449 -401150273 831698531 541575669 -146863761 5051551 386875895 116556839 390881702 -261223294 1051205670 -191059872 781311699 -349025252 -59864154 33364511 751190636 343467222 464992940 -457316996 617293431 -584988527 407138 -429513168 813096875 164237765 6187291 -1042438734 18686950 4543159 1339965838 -4651546 -196159414 -109380090 -530119717 402198881
-518547228 -1109759317 -1066244768 -123649908 -200294920 -398178660 1002825995 929342526 -358253345 1329787464 244066207 276543323 -149746788 233149339 -65340027 -590384029 957509999 785146033 -641687330 98872605 -339012526 -247096286 -1240642053 -425731849 -668195742 -187378102 -309894107 252347345 114089565 -513882913 -48170733 -227028463 -17250802 -409186441 516024822 395680304 795692933 175382712 556660951 656880277 -466492488 -907750427 1030867612 179517322 -358904419 626930604 464136937 -139364194 -260144817 -105713065 -155022294 232732628 133532538 -265333239 -432374837 -119904037 -437470783 -426519890 -156980688 -838414203 -698430517 -995455848 688516488 -15335082 -194689783 1072828567 -170408676 -321416316 -290992605 307698005 36572175 556153940 -638006529 328504423 -617794085 152614249 334463216 -729464108 -599570771 -372752552 723452508 -381061614 54439408 592456138 1326160902 -1469931029 -658597690 -52816881 933802974 936094974 1168009343 -389646403 506175310 -494633902 71559354 -34196548 294522932 241549917 -59700771 80072691 386624210 -490282149 -285733603 -140886606 -349333850 -809391211 479779452 -268148768 -753944704 -480691852 -1148835620 -337095855 192920238 -674361983 173969682 359040103 -552314835 -723804855 -522561832 191522439 -270090211 348947618 926858966 530567702 -469433116 986751689 -884465271 621173409 -656085404 -709748196 -121023372 46735027 137659814 -754197483 1131985210 -547654465 691766034 -716275235 373212179 -181799876 78746470 -363275866 -407810470 -1048386174 -773403565 -214005781 -60068766 194751854 -174726863 252179736 -377801069 102491294 -1732394152 182893776 -306094994 23975846 614187699 235652893 779956230 -737229978 26148889 46760993 400414677 -341008449 93807197 576456233 -523635003 -205872502 360407885 444397075 -388048747 198499514 653833849 -969616176 -70342574 -658166356 397445214 213390421 -152586407 -500209868 -158503163 900397627 534316448 -52600044 120921674 572001818 1045445354 735553749 167018595 -454174771 -290639088 215300322 341177185 -584557727 -420252214 156988435 875511263 133055467 -309527362 -393314950 -9229200 319587682 -353765397 -278068948 -286243034 -161588128 -520864797 231681079 -294614091 -504824362 36029921 362825201 644991037 552110035 -231939038 1297943976 -235281894 221740558 580861184 297856156 -20318314 -97811570 -515635153 -307638443 52015382 -817683145 -308765050 211185774 410011902 -361835096 -853388385 -593583500 707719969 152488658 -334771755 300338784 -380568778 254282523 -82121011 -221190801 521800682 -154446481 665416560 817419788 666456432 78249299 -486238064 862101798 -966390465 -457191674 277567712 46583718 139934958 -98924125 310714334 -599669547
-1004710482 -451761938 -714156883 -680726741 -413855384 66166478 -330598743 -440741138 -176691460 -247537718 225124299 972974273 20908683 732093840 327224661 -586453012 -1047068507 -637843052 484271063 -864541991 282771682 212616976 -655709748 -271901076 277430616 -685021609 -1101949050 -385778207 -175340822 116725194 -116240901 -655195583 812016814 61404627 -1141860055 135913002 500872758 -447248186 -883172377 -320414667 372554678 -273021027 -881698456 -98243799 -390258178 -355738430 702029982 1074006706 -352132503 -748640963 161508174 -348845465 -166046039 761245323 -858285316 -605440799 -325700347 -63100175 163941885 153223737 -112342951 406895260 -48058418 447217980 330446769 69823033 -494298011 -538840207 279437686 -451375914 35079925 -324741097 423277200 500530116 -59881365 -600544242 -1399391321 -99557580 701716978 873373230 381186397 -601719267 -130989178 -196347217 -554442859 -401009866 635329666 1050922357 482379407 -371667100 -80844995 -361103926 99274969 308006479 -509957853 48754213 -217601075 -335424845 490303871 31080295 370815309 259436724 -473046569 -432297161 -614238788 -261155301 47722380 -265581320 101045065 862725610 -120558796 -288835937 136750247 -167235983 308548806 -433726496 223979245 389992004 -33623887 -55178133 188048033 474995004 392854465 404630094 -348276767 -237697753 -443712053 13237142 -552402455 745236477 517840437 -105271039 -377100011 -226567249 376483003 90697838 630169763 593099410 -254674274 -267933658 268134327 999053590 972381275 -105594483 1407020064 291224077 535490081 364223830 -186284008 224210858 -424805578 -223451843 -846585998 463591498 -371834017 680908662 -224228475 799642565 298711549 -161496330 262743126 658266228 992366641 857289935 -189013528 -214380904 68985600 -151056733 -1547734578 -946030473 250915557 -251555275 -246128312 932181952 367324296 1551464926 -396600066 -959137325 -9861969 -625226462 367004792 516741234 -203740476 -89278614 -185400537 940645085 533282596 60062534 5129005 169482659 -157062321 335843832 -574953547 -1118679119 1367749942 271490600 -745063854 387705881 -111001997 -499248005 -810166150 -134406163 -869585095 -621115330 -298937628 -83010670 -121845566 872647880 -700272627 -463057106 1636226534 97074726 197984160 -575774097 487921642 265465022 -1044419322 533936099 -303517131 18463243 1263166555 -358794909 -932209984 249188798 -732930390 -49520592 -363225831 -304824824 -257533477 625732950 299256211 304969275 -207427894 -141296818 671479094 -54019634 828681091 184943789 -1103472180 -488220421 84186647 631913125 -31434103 240610288 490814922 -170844500 1173560736 260702729 -89112488 358875092 -427998187 -1061753258 -105480694 -1124049856 666860642 -284956544
-1164774085 -161870490 -444094847 162074240 523535444 898341135 688212920 800617399 -79416480 -428858119 -103501099 445735272 37752570 209383323 -608806742 191626146 373578743 -489880057 962041067 342208803 -119994191 264663955 -402591312 840897756 -372379283 -199990643 79682793 234301313 -427820 614711198 -69102565 -292207010 138405143 -1161803430 41320827 -290670252 -168950048 847517023 711331342 729198663 288878641 27873945 508307235 -529146397 -530908083 -259045593 723747458 -83216279 -271294763 371573543 561350061 -572461835 386967637 341098765 -421785764 -830057940 -166332433 -289519354 -716409372 -412674573 -116114176 -128436358 51923134 237053739 -255931885 -428487258 -195587300 533680291 268149549 -33114976 142087698 645836983 -64659658 -249877349 -339775686 -512874675 -292508405 -723674352 -505779373 91321730 -203866321 -1709837902 -281082980 450564943 398969021 -122335283 490645349 -668564352 444229272 18007213 -42356046 -178294209 499325430 116844569 472122162 -628428832 -403082990 -302745955 164166559 729829768 -647727524 -524243210 420126823 -1072680259 -395959778 -543463857 -543418905 -511047388 970087509 -325329438 176307574 206659445 90854219 -586504591 -561855800 173924572 650327845 20977799 83931363 86589515 266842439 -386738145 308976797 -335562067 -625978019 -351618665 1143931709 523194335 674620954 -696803721 -7621738 676529452 -560710899 -592663411 46663088 -538941629 747792 -467910034 225272230 615695404 -395907791 17256109 169693288 -589158712 13158668 -1081725165 -68249587 -51207655 412095231 513902707 -638277187 -409697797 55293623 99961519 -561872093 -101313379 56435456 -267652094 451326136 402371927 -132663763 -299317657 -1090375390 -633621222 -730060501 451299178 156125381 -118081615 613646699 -263284238 -212088575 367219871 20862482 -479040821 -634145759 -480107611 222850118 -1175907743 -302168204 -443138802 260025812 -128815787 -360746814 -248611442 -488475874 -468441538 -776275074 -636939073 788581340 -677399876 -251664547 200212318 -351419896 -72694515 352604304 557677184 -171770090 157231521 -431713450 -256283364 -66693226 265735105 590503932 409990231 401651869 -458174965 737241133 -419383362 -385520647 -1491655669 -1290666311 277558355 588545855 513792257 24854576 198375457 14882888 336934741 -87892184 266998152 -807180324 45234018 88322688 -828038775 -73503592 331201532 -407528151 -575336776 725037450 -684472856 -90344532 -806795451 -161897048 201150978 -371309636 -471576392 -1040969524 -291384172 102690871 1142940437 -61760290 -1018848541 -244514945 -63120875 -383977359 101877774 -1053810536 -381869309 -1262470680 126248440 -26400219 857172897 162970156 623033247 -937660290 -461177271
1470549220 -135054769 -297357883 -974318406 -273362722 -439126278 265053849 -441327473 231686403 -481818467 -647615170 -49367488 -124694786 -241146403 -926019806 -201889324 -659167366 235994048 -216590132 -443159529 -612129459 -992602932 110948757 -67688237 254006750 565724164 -721199154 206884047 -411260633 -22925502 386895936 -827725188 612248108 266986415 125311057 116397195 -116353105 -842271052 219830827 79661436 389965169 -7675901 -289078035 489619112 -362090657 -744908810 193937264 742554401 -8556156 -300201826 603130525 -927048827 396655245 7274259 -976740770 764499089 551383688 67573734 -371206871 -331683891 210057667 -418327362 -509941614 -402918081 -145781465 -11694866 -146229005 15357354 -50941795 68982095 -699871937 206768684 220808520 -6895286 175526940 -654279621 54978395 382649986 922140328 -235310798 412659936 1161487907 -215036208 288422891 -46429896 -2527327 -1631019323 359666157 640950895 42781497 -249068665 662774576 185483021 -501453795 -694934938 -348535217 -82027719 -364549509 318143260 -186089789 284339224 266528619 230090196 246840143 -487421895 -172540356 -64275611 -91104838 -506750325 -117433272 185774235 820083769 -448113734 1046984459 -3955691 116619146 126513607 -472514981 364430588 480069164 -301485860 886909268 -154091637 734182947 178504478 -436672605 322066856 -647780163 -1233803662 1639599921 -264843435 596308676 496987005 231467531 -719586096 -29392550 -818618246 -77633241 760986787 142714165 399318793 196434701 -55438636 678345981 393901766 -362248884 381918976 26774945 -98024714 83928510 -102350933 -496088470 156913740 -59608038 -155946637 62359513 536621605 -205557169 320292787 -418426521 184933007 -118934133 355339591 -310302423 -410631165 -645912130 -416374754 -242096806 -141861838 454890540 -620057966 68932504 260455098 163820815 -172107034 133907708 672729142 210449863 504203670 359945302 813682935 -674738058 466051999 -611935271 -350568817 111236341 68727037 800162907 271963247 -128264755 -442772139 -448871587 -1294858240 -715086029 -769453919 7411468 399523597 396498417 380394653 275478414 -349706167 -49266522 50154793 -853080322 297303721 470646810 383953593 -183755581 -282427475 344998203 499952328 -346696612 -137083790 391595777 -154440115 -1215870943 1920102096 163683295 42611508 -382943382 486142553 -237402731 306687738 623342299 -533489845 -1524199454 -84475530 313195913 -218416675 1307354193 -6819266 478796690 843388079 -353807559 42829818 -949081310 -233709793 -383358331 3734224 -25883007 -567049955 711223742 58739660 414135675 434148286 -444228598 519378800 178183578 -528333624 -15542381 -268979156 94162728 -1141761376 -370420387 556567066 -395728701
634000257 27496573 -568240927 -74521358 165646984 -93060304 -631417858 32787784 -606248953 334927271 214832751 895506684 -744274272 -1020599708 744601949 -1427888456 -453880673 -326385683 -561875610 375710995 -84024622 -203144570 1232893149 -266371278 210197888 345217519 -314465900 -265677991 -2648227 -78173936 -1050078416 65391518 122683905 -957590681 588333687 -378222566 -292883269 -306196741 -381411804 -459173159 -301933141 325901543 478583305 89127508 162305865 -273886500 -645468095 730845289 -1020028380 -384700012 -506405568 -206528635 -595944805 -1020169330 688210833 -196477452 778847402 -496723910 -270503318 -162571918 -77540047 -476653562 109281328 665406754 553378487 -452034651 830739993 -226227316 537038264 -193563527 -476972593 572635507 80216065 146943127 -505431261 -76354435 -352450896 -712922878 448674763 -590264480 -305274443 -910906518 236426839 130241484 63241534 880868980 546462812 305679941 683515544 258042931 44522196 -98069436 -88123769 -781069043 -242841672 -235346648 -261769910 687892476 -57342437 457497865 51629147 27396914 384756943 -375415634 1351535239 217866942 -404145395 -280089642 -1000617184 -161024904 -509976091 1209016897 806979040 -929890493 -884977905 142394149 51988377 546246155 694707381 -1630909422 167715288 -1542764738 51190330 -293202387 34891778 400339614 818459915 40546955 5583736 -178009358 1032285367 121355260 -291124016 459892895 629931300 701329970 -299666349 -370248302 56613467 -390139034 245203468 776032501 -256485872 349220772 653992323 465752933 724832156 57052432 115484153 146155386 279862028 -116032823 477981048 -314427157 -20070904 -59896575 -781133335 -146021667 693152653 -19056580 1413233322 -338875762 -316512539 -118278462 763990148 -778409008 5091669 -298556630 -79538007 613890542 399221514 351397807 1046540209 -503426111 951979941 392992022 730336964 -53018742 -508294926 399375410 -25887974 421969855 449235789 -160408573 -144857197 -361267724 84004789 217868981 79648003 -258079537 -820010731 -906445042 -597569526 -120830842 313598373 709528866 -168154983 173737010 -288232965 524578257 -899360180 719092690 294709051 -341906117 360533078 -483548114 294530720 656161785 -196930681 241690416 -912387770 400246757 -649350020 -446604262 345714416 803625520 214060081 487456093 -1400075589 -693090645 -415557289 -244464904 -250337945 -229463693 -396477835 353091973 -292952239 -433402812 857337009 759388093 19205588 -761612162 -1396583301 -736074065 -469819292 909435790 -617090622 140452014 219727910 -49415712 843193997 311432350 -483509230 136831614 767339965 -695427876 277942613 -378415368 139755341 563838652 -777182043 1105475448 141521150 916089687 -831792696 -22639497
287019112 291947034 -205396966 636001268 -151706605 346956829 -686976020 36599494 91152178 19716405 -156365106 -413650514 -593290992 -602895578 -1314588982 -33499995 15156188 -1045902709 -61539425 -980480781 515770023 380456353 -131384128 -16052946 126961467 -1456142935 -206716776 -161366823 -554998646 799376991 -528469236 -598826973 -680828959 -147779692 -524139606 -336952683 -733666962 -301277531 -461469994 495543655 -533867351 -81000108 -59507880 -623204688 -1281267821 787306135 799660864 -71458491 597161480 601963825 103418070 -1139878182 -232010606 136737374 -713033901 -15021532 -252371877 -314686363 736466348 -1001940373 -824329763 418283205 -518898539 536284195 281280896 195452688 -267949412 -415496892 851815609 -627197512 -715359585 -1014178482 460900 -3190033 427624973 -695993888 -339861140 -200660105 -214098143 311406628 -462461407 -28101151 480033324 -85325599 1432047204 -210243486 476477285 -351247270 606379132 -413843977 -459492391 -518881595 873041752 163182629 500420189 -369983896 521335699 944092058 -243586667 729098561 -914510548 -968931680 -24804018 -633718634 81835894 24686113 -674328610 40214677 -374023609 164441365 911439247 122806225 61141215 -800252602 726381052 -560119150 675751879 495041194 214292828 -392072809 1263680483 908139845 2398422 -429531484 628253327 210000977 367545740 547884584 -109390040 178461335 743618830 368149230 226104958 301751510 -1049578235 -56155590 226790350 -326554514 324178017 -475974957 -436229690 -15551083 646129931 292809910 -1089339374 -123603574 505454385 -509027888 1001884623 267486123 879007487 -1053815346 87593290 -433739545 133590244 -32082807 -155955559 255902646 289705121 -212228295 -250024390 -162697750 -526589298 221849169 489552331 274451456 400869910 240117238 186755031 242777057 39498150 -385593001 109313622 380063195 -635577059 851636334 -606696046 -18425628 88497394 461882752 586456892 -988253854 251273513 990396380 -375482653 182169782 215627968 202362902 250577903 -140341445 -190141578 238250148 93789767 122074585 1264203714 -1017445554 138486296 -387161309 24547621 -93134321 -742580708 564074433 -75180644 934357088 -27054107 -786731206 -373333440 284784965 -477609056 -173082429 1221009836 -368718927 -188336044 93098285 -476705802 -426085420 -420374993 -591164662 -142576571 655689905 822749199 203390992 88380623 395164269 -382605807 168648624 458572169 -534603239 -184095715 34901766 312063780 -154493388 809800903 -166919504 -77914835 -829328387 282662882 -322153040 -126427398 361890542 494063497 439399325 -82204328 349231313 341311994 -488342838 -294599261 -365989615 3907986 38564299 956221163 -263107674 -522035349 618760567 -152410635 571789024
-783773950 -524919715 -326542126 -682227990 472000529 -126501931 -669435980 393040123 28503977 492212460 -515699838 148266145 -134088617 -397740016 -40953710 -571898211 1332617041 -360440003 288079206 -655774749 -781686622 318576476 208735840 -1086085002 276962716 -1173643393 -4737591 -395141218 -197256642 -61100976 -560297152 847918028 -310947874 247342070 -120469779 570594424 510614613 -79478777 270179248 -179697080 728527133 -709093950 -320349326 -808865141 -177464771 271934597 624775717 188319794 181427129 705405183 -388555728 -325221363 -1136144519 70404468 -346399435 -474417016 496329588 -895355571 -535701432 637144336 -247369413 -565024876 275179389 298142076 538106720 -9419568 244621431 -193243179 -66624686 -240303963 -248744315 -195566172 922051177 165664132 55595889 -183948464 -1150627409 -971518835 -365273096 414784015 -663288808 75559304 -233902006 275905626 -242896951 -52522120 533051832 -16382601 32442430 37838169 669986258 -983332738 -548160640 334855541 -799560152 734399162 -755144160 -769018829 157838899 -369211803 637876057 740321717 358468381 -90347798 395820517 -830405855 572107128 409023540 374019733 -484433307 309299671 -989104095 42742348 -346581688 -677871280 -1411981613 390325289 349032854 -252124330 205534018 651724622 -228264309 150747212 -665395584 5564938 407904828 40184271 651041742 354332757 -242304311 414810667 -781927306 331196076 -118237721 200868870 -589381988 -323865865 -1140454841 284101239 1292394108 154929979 22305522 515802507 -90054969 158485936 -1092409248 -193613886 143513532 -664646321 687710203 578777328 -835199575 182902564 -91284956 1015952309 -267072885 510441355 954627793 121367724 107097348 461315465 385696929 169306605 -804434506 -476009294 -435234222 794085927 -830759728 -907814696 535436282 -262826575 -56816061 974748774 24117997 -804938419 -256584942 -174649819 453587252 180580209 -397780833 294142322 417228324 197829980 65957231 -201066356 -740227534 -626230263 -694867433 -181398260 -55929938 -812595356 -318415641 -132700426 49649505 116568105 151060653 -359099483 -775223759 -248187172 -440136539 -448972394 693156917 -177159240 -318609865 -476206154 537918070 227360947 1236310050 406691365 -721906546 19169628 356330414 135053728 -71070787 -58368928 448541032 -925207059 477694450 293378877 29599324 698611124 751160923 -197845120 335370553 -1322664980 13356637 -609206124 -522078085 -81753580 -262595251 205069953 -109898260 -121764525 -1034520685 -291296060 -196987208 -155403639 903925213 536333674 -211228227 1303851210 -79375229 -339505255 568298767 288295220 -347357239 -660105920 93729023 -1054408136 651920264 353943419 30404814 726481752 -11284596 -656673727 -336388895
-72934127 166604403 192957173 383743162 126651034 -380572785 -1124443116 29932273 -106643993 -71542332 60081863 234224962 429834159 -304556509 97906795 322778434 -763577851 81596133 -383619032 -1073142577 -407594412 176834644 -403291712 74602493 -3799050 157282878 -321376617 418553469 258023774 515958973 502220837 12181761 689792679 -177033716 -595737618 813329715 -710384455 -611207016 -378071413 -695225924 300054975 100509711 -549083870 121346946 750693789 -81901406 -332535954 -250243732 798344481 -41328030 -15719598 -663054809 -202815575 228599549 -251824593 -780790228 -345479904 -553107389 -441451002 475555761 200958094 122558796 250252276 -84871612 818210206 400326186 296420017 101872800 -368510424 -162843341 210149449 299702451 269796066 654170610 -308466419 248750546 -464414636 569493572 510990606 405479133 -305444371 -205944437 -429448102 778519099 80843287 66040812 586479881 -966653920 284549636 -510464143 -181100232 -427564012 539506436 -1213368578 571149047 -938060421 -221656953 -1075217975 517767069 297211093 -554715302 -551297582 -1019411289 -454032675 98570186 154908027 -416056779 -90955322 294638031 723494123 1393256615 -265525264 -724945712 165116243 16603471 256904413 -1085438139 317866236 448102910 400283612 139571801 288295974 -642414202 30837262 -40777983 -314896950 -601463711 63849226 122260713 -506437893 465459078 -152117111 -600134535 116350558 -324146281 -267996638 172746188 1189000740 -464427204 -800216349 415571547 486932234 569402635 483408267 -149648001 -774057651 -62256500 -577053204 560055463 -213205604 -753387007 -380981227 336556609 -91247490 647564249 780555093 376593175 452832467 -173242096 -199354888 -291285057 -86044171 627968344 899663312 -257510183 -545988245 1684021369 -778281232 -938433224 768360396 319724697 -463156221 -539111610 269684560 -259160071 576113713 -145887300 -719452186 -1037176930 298903701 623119523 -345256218 1112697498 526615265 -264314978 245771853 -782861929 102078987 362271518 -488805971 277675638 -388866431 -185920782 256025016 -55305042 14950875 -304226801 104933769 -253682443 228214782 -326064147 -105992527 416253329 1071049575 -179238878 -494205217 169721969 262781415 -154812397 552333792 -420223637 -128016050 -2077211172 -395292601 534635991 -409271237 -393347313 44313463 79292852 181088165 -4065249 309441625 204669058 245500104 -452294476 -863737819 1591974627 -125538304 -156795277 389498665 -585501022 -511104791 -1172773933 -931898551 -3278157 -157817630 541063959 -298188721 372251826 -666175237 522428095 -461664550 294767027 -9734776 796092830 -412197749 184285523 -775150341 -444782076 608234588 39544326 -1371100541 -642271517 -385090338 921053865 -15685135
97486308 45449672 742994526 -176399415 -270829385 312432531 944924578 791274032 205650975 248686207 41226652 -390189784 325926437 -779967608 -36535270 377818200 -516863297 516509883 391761355 36030807 -590616653 -1260818546 526466354 152366734 748736890 535691767 434063688 -45232174 201076478 750772760 9616092 -293858403 -202834026 -619978795 -320792289 -32621998 -212285591 -209598501 351656912 -368541519 -577378496 -1224692489 -210509915 756609559 184559 -91717214 -1105932972 -203376062 -412197213 249497905 -439813623 75518047 -659266227 690423464 431067210 -259154341 575574291 743985205 67388720 284542441 -90332393 344317660 58076885 -329721524 576512897 427540241 477337731 -344715428 417914407 77372810 -167743401 452524321 -571069363 51500361 -273464389 -925175462 -550814783 118098020 -132476925 -119858503 -396775753 672518669 -161398678 550240400 41826937 178078037 -57288145 555974866 -733694560 111342850 350714230 601592746 313833194 404823886 -587775388 -300593178 -42680439 -508799194 -571415429 -215320671 186925103 -359103674 -235264335 614144233 719596120 445083215 -738904639 502646091 -138157368 202811063 -702910660 -327322629 -849284585 -638249255 38325882 -465746787 144142481 -105062763 648503812 317649620 107578670 -1245156495 -436425147 -144329356 214065832 151977984 -87565295 -114028142 39446553 -857787720 -332310901 -207063145 -498889887 -1118159344 279642293 -713921038 -557607929 662751235 509056683 -369171627 -241873329 605784205 -527841361 168500230 545606465 1050108888 185284408 154085027 211523293 -529777863 581217159 1564891209 -75136009 -480571148 429661291 800423082 -204910330 -1051963386 295158733 245755032 48392006 277204654 951764505 -130409096 36707463 121365468 851744345 37869546 -453872795 386276487 628905109 598058667 -473380417 -182864011 -976251281 51002588 -661370937 -704453313 70545977 -1152914728 9373856 -455805511 -613075698 56443477 -204780387 -191615790 -202244763 -413004164 -407390135 901939876 6389524 -167921535 -12634931 221092362 293545493 659100471 -356152900 -259285167 145181927 -556775180 -562598567 -1525642187 636022382 533348686 141066286 409603612 -81822594 -272731017 822106829 843446582 -315664044 -247192339 500106618 -152635703 876836380 -251090488 -341109130 239236026 115963614 44843613 -197568975 319195901 886151687 368400945 -759495613 -390594156 386517058 324897098 167421286 565815129 733415077 223427766 -583730584 633937596 264168059 -934113624 34388358 -347213598 18908582 448619567 823447708 -588932988 -306155204 177046676 61025011 -251257204 350170566 166442820 -194965234 299671912 -569620893 321397816 926499964 -363887058 28032762 1360595444
-468867045 -140534428 281391097 168419141 -173933893 -377234905 -662365588 -224067524 -439607189 166322813 -409503023 -1286947164 296494561 -318350198 -1394760480 -321146866 -301388671 276763009 702787117 202181643 261360882 491246814 -433463517 -403876692 566958052 554383707 -522691225 -902198521 -236389748 45507631 767300275 707893791 -701493487 -201555257 425871987 65542940 84723585 -104869426 -802239673 -235902685 1235220910 -331181360 -582776514 269960059 434279838 -111833509 -73868843 -787051052 26037539 161164839 -408463297 257396472 860147839 319698643 26350098 693476427 2993702 -422960913 -1262997786 593727657 117792856 -39998173 265672932 -606879166 786220890 -302795389 -52661572 114402401 -86778912 665947813 -130363477 142704652 246904204 -1076875449 -200304187 -252759163 -584475935 -261825655 75244906 -862440081 -188243785 -280541938 -352967559 -395097042 -159028096 -324661508 -23275437 -284938017 -1587900097 65608329 -98593964 -470956540 -917865620 126449982 557926834 -664923860 416547373 -438567396 -804740121 -961015726 230216389 -408801289 -101664554 832398226 397667207 315537877 -9872085 -953720577 439375752 709143721 578043742 667086263 -858607740 622721508 425474894 371762480 -69617398 499455185 -809411168 199451424 911591928 -400230516 315457832 473471394 -603454139 -187330316 -354990586 -363035207 132866572 617605388 -345766952 898031699 190957859 305630163 -1084484560 168286437 -213857807 438563899 -719767700 -216879869 375542206 841272447 -340479564 563710519 -159888891 332404557 212358085 429565618 -265320382 -158318000 -833765436 137706687 1200646360 -1679226902 -480615896 -52280532 1442228612 660888962 -336311180 575081380 -118965150 386591426 -337496436 -192773556 312335486 -434897907 164080133 -781856510 -991562195 390153063 -649256452 -281971570 -61830946 -79841467 418671567 566553845 178959466 234090125 -127501314 67122221 -872874164 -224842349 1202283119 -62237518 487914038 562654560 393601739 -213140474 173969232 -958209304 -187875013 42023884 -162226363 3857553 -169067188 -986711829 -219681231 -17153642 292522345 -839915516 102072532 92742452 -86000593 -975617561 -750203165 -12867547 -477787761 -394642825 1187519092 -261222903 -207995540 684762879 -1159336251 60929225 -377066608 68167495 -609237545 435842515 183915545 826601256 637227429 977876139 143906598 -1018100676 453108722 -373088042 -4659179 405982024 -489554861 76611748 233202375 541060035 -182018362 -441370195 44725624 663337390 -449336504 -560097507 621580068 8031458 211011949 219279476 -749640503 -618680175 -104937702 144273472 116208746 884315061 -410066143 -649915713 -145895034 -144580729 290277771 236277041 -229111183 -733797630
-164607221 932946782 490461555 114583450 285999389 -184924912 -582348270 -219502083 142907398 -206920110 -911828155 -839801876 -695073255 78926733 -433955653 377450721 180654103 384856956 27300053 503516796 122936423 -108719143 -702975453 9541500 149993376 225014658 -445356825 -34396920 -272995005 -311693306 -474917638 945309746 259583852 601444231 -173570869 -65633246 326954261 -357973438 -706117964 -392315621 218618220 -691565442 -1234547547 -348711692 217010129 589947490 1120692069 -385966377 -356169452 369249384 -523839185 1055949787 2232170205 567021779 -166662067 -32965070 729997958 435209967 -435581978 716416927 -16382308 -429516747 -536248429 -817649516 412747659 6637201 -44287429 -128391159 210612945 154812570 -1187497910 -451075578 -687686533 645879000 -148115685 149251691 -572090425 89855165 -294222355 -891989280 264688070 417056662 -1016641354 -173670255 55843466 1462899843 -441974859 -165694771 192763481 738757371 96859568 455696268 -202948662 1258370196 395739193 530769513 783311749 -355360608 323634478 627392660 541601316 258786472 -769674723 -221590698 441769623 816278003 259024283 251793964 919763983 786370066 -106306769 -36524006 -676359536 -668882803 569273859 -768248727 -141822394 297949203 47669677 -221259871 344297774 27404893 -457151083 72772897 564339008 -853981108 1045349777 229457387 -359533020 195976131 -617289006 -122851273 -241984154 -185877319 321496229 242944329 -309682509 160986538 524353151 1072815904 -679033477 271955914 -1324261576 -345747622 627562176 448021496 40448029 -64159048 25893028 533775910 -164592100 288585528 -116880929 690993554 -440088208 -397510625 122852887 -564301377 -1104757738 751231366 289869018 64572342 -347987433 -457598630 141829275 354706677 -497795215 112879217 426487733 -413871373 600077353 -652905254 -357681718 -71299332 -356447471 192831529 783680604 579743660 677772270 322471459 381687108 -660201751 464858079 -718440266 -36084018 180543114 798681777 479673330 154077794 -202535253 332847497 -721884557 9504441 424124588 -126752930 166396057 -158363330 1073959467 40433650 -144784976 534255749 813428051 132991764 -52298962 308011779 648907465 -783610850 396925451 408117556 -176059881 9710369 -651813113 -217613574 330820250 333351349 -20384218 -364607148 -343333892 -182396512 -94922643 799819787 -224635737 151651562 198946809 -348648687 -685834161 -452410745 333026862 260365349 -465594882 628357900 39593089 1172655662 292355104 47749013 -637379793 -932117768 1598570863 -57530489 563652044 -35305368 -186220867 -400266266 87609129 -811575466 -320206611 -45936442 475315020 56887306 182446134 260722045 -880777541 391747383 -727162468 -67749050 273601808
-1548164188 -122744696 639482216 -132531303 -95209515 710598500 367686460 -496957713 -61733554 -47012013 469286515 127954286 367821251 -194682499 695372530 91487263 -132773347 29521811 -357409143 -316213832 -1550047336 -512356648 -1076588828 986847330 -467328062 -372542254 -305186834 -20907579 -795474413 627060283 11654446 228455385 353197602 19554348 645823144 -1638535314 -808220914 293431361 246854081 547877286 -219742443 -854261434 570536555 280237914 199295275 144044251 188173503 -542971829 -260668500 -628083654 425208343 473044392 -439555451 -608023822 663722922 969706000 362872436 399659679 -379305537 618881971 -394014743 -212098727 148121745 -354397769 -291079961 486459965 -708125276 44372353 -692370430 -253149813 -670298353 -118572487 171957216 19613417 -373608268 622154243 -489509077 185459065 506201989 -282210410 -765052049 173923439 648663586 -116382085 -143402954 -175366716 -169322560 -893961318 672128114 95717314 -40543148 -32309197 1066607551 219527023 710977086 -1383472733 -466711110 499976519 -69128589 202745913 413007835 -812241610 345678284 128523331 240123832 -278503901 -350941052 -833072621 251337803 -320777827 -90071116 617399421 -424845813 39159862 -983511978 -506642622 -629080257 -82332957 -266415865 855620891 -67578300 -397707381 -320204957 -816782628 -166122785 -43072641 -280123005 456707062 -943992423 -249574611 345923813 103449155 -485967940 318314266 427739881 953201492 -23141228 -359487809 1012817308 -78066573 543956058 -209288560 -84341534 -706402138 981341717 -62563979 482070605 -692675892 875252939 687106862 4342225 -19017913 -569482752 38245163 254851965 -167632113 -30504894 -649186601 185257140 1142807709 -1427722429 353968430 15975402 212834355 -13659367 -867401521 -566577209 520256491 -417445862 -208806945 300013579 -183338584 -367643470 -24247667 -934299810 -1080400552 651455077 -286224134 -14959113 1153036063 -520161885 -230570509 -298739523 -15621155 -381308051 1159531570 116909612 -356391691 -629600993 239908651 354964680 178116892 -207039874 -413886658 -520757030 -358694159 -116589815 234784632 -95104236 -459042885 -67435210 82182263 -360268178 1159119549 -417180143 -188350878 66699275 297276371 -427789659 -505765104 -683752629 742226517 -592509357 1022757385 285868307 -1280870317 187402897 -271063399 63780866 -477229866 -246980036 -731777304 -263811318 -198873478 -3003666 1061870255 671747511 -219853432 -815195284 -154472251 -935905512 120302584 679494236 -282985196 565629464 -173419079 -595256539 539215935 -820592309 142219765 -1310178773 101562614 154751078 268778902 -112422863 228206537 -174803294 90174467 -441956030 -430519217 335735180 333857580 159631457 706139016 -22000727 -323027360
260630798 -182198808 645067504 -132623983 803807986 -329340950 559789544 157778734 395146596 -868298748 -193392450 871427756 -353926419 -925296938 -853006972 58404716 -218576666 -87638533 93736326 -557815105 -248135106 -28645006 389936868 -826019093 1170237077 1153140371 -729537031 295901030 -650516403 -422006205 1213615578 -277274237 425135393 -332650973 -25368849 114678289 -87692840 340238920 -175990410 -322731756 -544008167 -246553750 853257740 1390722226 -89224698 396143380 421895452 503689698 119542609 169104688 -512794221 -465959921 604715560 -718184014 -392735761 -15789310 224661459 140029847 299360804 37977709 449287342 1128850505 373956605 -395178689 156608244 45611633 184989391 843368193 464656070 701020227 -264169901 554857498 -653180157 300196538 422011867 -120469202 879991215 514831162 300869441 -231500004 -84723955 304352365 -662667308 -519865769 -1003231914 -179957648 -599577421 696721000 -47689197 -349249657 1123041740 -112710269 276952481 -65592316 -792360794 -211337629 99194321 -450186586 -626486922 -890273004 -332787126 -828393689 433717220 171709390 441774808 211840314 -356197597 784474345 331931418 16524226 -1617674635 751499119 408934083 355143277 -56514288 -269017685 -262658746 -213970076 448240116 426013340 -557880293 -38246140 -141086825 425920088 268452717 -528066573 118174998 497729127 -21413955 -427236061 527228945 935488551 450387512 -67160332 -368356880 -60133882 536671179 -19811632 -605925209 -446341425 254620416 321402796 715426089 -339652256 -334768169 -1183771282 10307061 271777702 -294681133 -387303207 360772140 -598457451 584680045 -134299355 734750730 592344156 596469419 260311328 -784027184 1134543696 355578767 18444957 250901531 -692698175 25389139 252690612 632709363 734077228 -46775370 274659478 -3103045 378805998 -86849447 -494346272 680946727 -8986147 -354651615 -319088043 203332658 -556790245 87148856 -301320453 106042238 529181740 207833546 -1016594618 -603575741 700545982 -557910415 352224089 -170723687 -1335057940 585510657 252548508 -60616836 344902203 440670594 215043862 72958229 181980201 -183052344 -561754970 501483905 -427500693 -313834123 -137981324 605770767 785204281 257500001 -405510668 25395569 -881147572 104711532 528309717 -393031869 422595143 -288045097 374270972 471753718 -111932455 63805010 388917546 62595901 21673923 -430847211 -961727490 -741937341 694207880 662506519 -578241612 -224701444 100856859 532169665 179916644 -492958051 1104261358 706123240 13326175 67414109 -719319147 -362410412 -539260281 373055420 -134236554 600921617 -752792550 937161113 -1222387563 1205590149 -446168377 330616145 22677095 505933427 253305554 503685517 591386892
-270605252 -153783285 -326908567 299917179 201372910 298460314 -486594673 -208004977 -975579878 442015381 4575484 -1601016890 146112497 48509766 -384243265 225114668 -725408472 -600940109 -190545579 788324674 872828034 -583768703 -33563683 -305467945 -278875975 -169810344 358740903 -447396940 -189526785 -320035730 -1549787 -349891210 255158799 -496270221 277712151 557155163 752048571 -113355814 25759256 174202177 278021279 -663657881 498857475 -233481931 434962979 -1061165429 -532752602 -679854181 -471257461 -434607255 101754659 -98956094 764075925 -460598242 118312003 682860303 -380855679 -1339631461 -677916748 375913168 77717199 -177454690 -578318366 -649775869 39510406 253122047 468645699 -21118454 -137889094 687758222 1203854650 255053804 624012857 12766583 -543570428 383308886 113527928 -1216781573 -497411072 -19540158 -217208562 -436264939 77717854 -377085593 524875293 155265545 288363641 89782838 -214702405 413244571 -397621991 -62594535 -231189203 -385145435 63594161 579016249 -485790640 -257604757 -267428116 -181015157 1031916574 -502435044 249924273 -860270071 780928088 385556350 -219514819 516707966 -89330557 -138395976 44262458 316170214 -754087574 -374787262 393981626 -723806195 551241365 758552906 -214103469 -607859497 1014637363 -796712272 387627783 182527845 -701688431 829743449 -202134256 133366970 253757069 79347491 54738189 -381086905 20877086 -65440629 375951134 392092751 -146158434 313731842 -338818380 -670228250 1116693779 110193061 -193631064 947992488 -962350083 310773005 8433545 -86757253 -404538606 -1048168771 -664992675 649128237 87573162 -603411763 314870495 -33418204 745288090 -760784009 -541861891 -224598008 439989767 -370199620 -179480070 76881715 -343288361 85602902 626524099 -386495486 -1148955380 -25970471 -39577216 -60898987 665080016 -609759709 224931915 -150400278 178865876 514672601 -396002937 -347315461 -239144837 -4941756 711098480 627536608 -74910599 -118598193 -200504384 -546901160 -759111418 -303163116 121019668 11121500 -306192598 56550640 -573530394 -756758772 257765846 31741435 377907534 252101370 410351969 490614771 225786484 664335926 -170266033 -518124880 73531281 -919550826 1202141299 193932831 49219347 567746140 -1148806921 -474175784 -183988352 110939638 -172459036 24346447 -167794277 230754269 561147078 125246241 192566724 -482748343 -329166151 874426113 -14989594 319224171 149552794 -622958275 -188266013 197657601 -910229380 -782174529 410237049 -73548506 -199380784 85422501 537211611 533624146 -79440846 -900679952 -350438170 187672935 421038644 1022042594 -69603301 -85350361 -451251679 82622638 -582481333 -31457155 -133007265 675326998 -107829586 625420382
252140399 -40244398 340853050 -77477907 -305038957 -581737162 311974978 -313794683 -12366872 -390374948 131701604 1111056279 -613272189 105475033 -360612486 -555035610 -288456786 807836747 -1046110186 76472977 198501940 -683470475 308571324 -83649453 -531417526 762850679 680038750 -415207788 369991753 -919729835 422483514 -188725385 -120793978 -511122582 -1674344297 -766170067 -513188353 -725034673 -750461142 533769886 317032674 -80993766 -213806679 -671208849 540108387 31022524 419940889 665415435 199029557 -1052230555 855356531 -6238058 -38654165 298414409 677125734 731078654 -217227856 -101939048 1248442810 190291921 1399395202 922087789 -402048803 -872505780 35752381 210631262 -499933613 341312531 -927814293 1079360764 1120594860 217929700 682223936 14457785 163035860 -383886821 881318158 294322907 708424497 349773558 105024128 389480806 -838530220 552171660 -47145024 -498377820 -848304295 -478798112 320599680 -277355929 1156297310 -865668671 173901970 -414526593 -79898656 1046120668 406322010 318385998 -1184566592 -528792337 254934860 339477674 -101774213 764534282 396895746 168290166 815194799 456294850 -30393377 54082868 -451380948 -126093678 729572898 -44779234 -1360796554 -169254945 -379160245 20874482 -96799433 483402769 1147017541 16073194 -572205254 -320416240 -361321484 311494228 22048743 60942508 -485547122 -15860469 65574830 176588894 -1041221006 -653981267 -462864692 -285032154 -51572340 771632460 -133994609 25176011 161815875 620714027 509063477 -396007170 -16510047 974494381 -578948738 846931522 -1143113833 -826309504 -698607393 348951697 -694637312 -351774775 437596725 -55458578 -66950342 -294003244 -775837932 -296286420 721188277 -526779381 112918837 -377289091 -600830353 -455749901 -93654806 -777469515 443500943 -121111155 -144551193 -400263356 95751195 -377828222 353023341 -138422800 -110487885 -388441307 -493248646 -358536385 -608721757 919341760 791917972 147160801 1303231394 1609935003 -779944196 738414833 283499885 167460494 1514425820 619557244 497878689 -890423710 524287568 -338156207 11266950 653622331 -245507055 441454465 59472280 -309422023 493130133 19554117 -1040305681 401233518 -309363155 531684608 -106097725 1041000573 -1208293189 130286358 7537802 14825489 111915889 -49095464 724945086 253774887 -331582090 -585911731 -1352695296 -129833713 -667148514 -790916160 198737358 -35806294 637771946 -31913642 -130344606 511059445 417543443 252952699 -443912310 -226092581 208866023 469923253 1017499524 1054911833 -643856889 322634319 -926373168 68812831 186668357 148043372 -40045897 -315809759 -358449053 304877856 392528207 223408943 -51531020 -307478435 -699990337 -448060665 254582755 -557854666
1428608761 -190444578 -152715792 765953013 376735291 153931796 -762189104 -134145044 -708483528 65082782 305139117 786031347 -429472701 834316954 -927490993 -856296595 -545346981 -621096265 322664357 830117119 149651899 -244655271 -1248801747 118967866 86173784 -605389146 -261284441 -304400274 861069373 18570122 55671644 -384750092 -107628007 -109790293 -28530751 1970520 -457496764 -65639929 -620984304 -641237663 -431071335 78701147 -545441981 -23241916 -425773182 -503402923 -559462406 958854168 -350811802 -443996368 57730882 -456597769 331075654 1161387957 866410597 -21340372 -562028310 1039476414 -308750931 -876726355 749477403 -470244380 300384437 287243190 323366951 -121933831 -68073539 738422061 -457208793 -237079649 -123098500 943811940 313532526 287397816 -98786875 307047956 -187024278 -644187943 307021372 482389013 655729974 22330120 -38474299 -39588873 459276804 -769095522 21140981 1330873951 392457651 -224068883 -46161542 111226183 775445266 804666572 29874258 -125572957 214294437 -279491997 -419613808 -295375222 511911085 -942139696 -492884158 -823744421 358462619 1273981063 -241992921 427310258 273393858 181345123 308019142 406890117 -1261059227 421827643 484585416 75432922 491719162 -357667938 -350723469 -424548322 242363791 541508718 342975104 -186547162 375721050 193757100 -104963190 -401845113 -525691651 -696189272 -183497155 -580379155 -719011571 -111109691 174026219 -648503307 -79663275 -729777250 373500138 307472380 -626382462 -796368507 203348213 -530465589 134290510 -52714943 734899818 870426200 -399338291 -447872747 -428999951 458467480 -1227007468 -170558183 -187978294 -89715752 1037312100 940492809 53486710 -1319907316 -545049814 1102353352 -190049072 153040123 188147405 -836668893 -267292747 -995257915 -277088479 -591203977 -133714549 527187008 -164994585 369042581 -266739805 606122927 765902816 636602598 -234019394 -64039376 -307511708 -489534134 428728317 129039897 -19338333 210564559 592103624 918509432 54003326 -336112325 -1564329258 -845890381 57157579 -741316811 484290885 402568671 276636343 625329822 49446046 -424869280 222794710 -288107661 -204169731 608291563 1042052615 -545666244 354322347 -705561674 -524159555 -630883320 541334745 -288735232 84546596 47508777 -157259898 -474070135 1426791285 -329883296 287598791 53908005 393123881 -605230422 -3601528 622091182 -608807744 506917660 1105127967 -560403904 -263956139 89970377 -858838950 -1537135369 -242384413 533247565 -29499336 -552889129 35756322 61995311 290088920 -434738083 133214723 237542256 52909562 -729940495 653690338 383397919 86146279 775976804 569560615 -688969748 -153712057 -874765531 -594415430 -793891489 438664565 -588198009
206608807 213631754 -644309449 671365092 118339567 -438567329 187829962 39010294 -68616634 -157404653 646344810 421421318 148092796 701212736 -1439445376 -159422090 -350135766 -238511363 77398773 542839714 -329264929 -180766930 378469318 -505396825 -994487878 -587196866 98369979 182653980 312337916 10206209 -1372882431 -196351312 -205334076 -951657212 -215390313 21294657 -16459765 -423471802 772648399 -149602786 457945362 -700574433 1132886745 -326261388 -76075906 225453300 280815166 227115825 347380249 336367049 -47616829 324029633 585038249 162272765 -180659227 824210013 10295699 27742301 -214223198 -276430477 136987207 121885163 -280722518 742687097 -470488481 313411852 726856486 -337967601 -470702011 -31527274 1310725834 -560723335 -587009249 155540600 -12465919 511878303 132296869 126502059 -458174114 -39346362 565477738 181673626 281421540 111505478 -115675011 -811586323 -516917403 -603086437 96811068 -129615888 -316301017 -527005344 664727628 -702650282 -387045817 567301854 162212835 520081265 -782410328 -327476457 -584787993 -184147106 225109490 -395151319 -174016926 -104633651 835542185 -260746341 102261675 -620564348 53228277 -307654854 -974011165 -234450535 -375088686 -74073416 846855325 -669516370 -260034559 712454588 1010783964 281743401 -397666629 -340561576 38012589 266304706 255548983 373129720 245782861 23608616 -238858253 320682913 454386938 186281060 -123253788 -270391011 502807578 -890522902 225953845 343384763 -829306913 -6254250 388162895 -194678890 416629669 -499246377 100794911 -608839519 85000333 -137446374 -355751479 565173534 -829468367 -432842882 -335895832 -107603464 407099391 233757305 616687397 -939766922 452733019 327781400 92926519 -238610254 -217603900 -305179109 359398163 -737834988 303399443 720949869 -69145189 -229429402 488121073 14233111 -695872016 -630346670 695990460 556361945 -840361969 -417027823 417354066 31052734 102023299 16998335 472182023 -516841676 -458375752 523880252 -337544536 127614063 -430205857 -461809408 126187662 429858962 -208100377 441292930 368117795 847643780 336593078 87107024 -578256024 287768420 358032861 1718084438 874503901 259877957 -281906719 -670735349 601405405 79424025 -504946525 846648531 -187773359 -61183749 -636142348 -436743608 52584654 62374331 -267051304 -1341736493 -404675332 -53877838 -952680217 253687526 450715781 170766997 529515723 -190629652 198524405 85425662 -680881490 -700424880 103493024 310553111 202186142 -256777552 282523934 -748442876 676296095 -257174317 -104558834 134326294 -54390971 -417476018 123590522 182492646 -60727205 175828566 -523385767 -312062161 426499224 242232865 -129564331 -304563422 -469122658 -1521045881
323184241 822197608 1179082583 -109377198 -430706846 370601260 -153034496 874815783 217267569 -97891983 355569097 -102427676 -417130792 -969025343 -194667042 -274276776 293023845 -345111512 374434894 725780746 440534018 -284761898 -1336936614 85284975 -418076422 -245155122 -59027969 869362310 -642238249 -946994336 -417518248 304621393 161536646 575347098 -127308212 229580226 -503878693 27174184 -399960139 -167133938 1228004029 -1215973124 -3915310 130130419 116451581 389291761 127335265 -45811276 -321247457 576790236 -1000849809 340228611 120836092 130465006 -347031920 344484223 -498740786 -47805662 -751336621 666277139 92282233 -82970951 -89786576 -1045310857 24495564 313229690 -901332027 681426235 232742771 -53572608 112372542 762715350 -225380847 -334677725 883457130 -463025878 -4083983 -324892066 518558298 42308137 -562493788 651535680 -643464391 -508014802 -706576352 128272721 -157546944 -771694135 -1066475620 -679629637 -556117067 -278665321 -550559762 -326578662 -145186182 317740518 391367007 -321634289 -367924417 -227963119 -687965107 -4212464 452359359 394639805 235468273 -274688146 125845831 558170999 -281987614 492150269 -772418566 -286339122 103648666 -125441906 1193770824 -111342069 440163883 -290062590 -492767834 1283671675 154502268 1175362117 -54044263 -94518795 -590189154 204137870 -508281421 159223674 92753353 -367925952 -199659019 425406596 640846847 -413881567 235220932 812427219 113604182 351172055 409045910 421646772 115081052 -15152588 -870854157 337251187 328846101 227068877 -242462066 759111435 -77729143 229148713 -943359646 582980393 -293380158 584611090 613672076 232749194 512620374 246164158 -1045669383 560526386 -206207360 -71137548 674043307 -147890562 611902290 750597676 -413917401 413737520 488511917 191341794 771329402 6676871 40457226 549893051 105828572 659711312 -17870994 -24965850 345442516 320207981 91905108 -402791883 -322904501 131998168 -353109847 -718803500 585502039 301529966 372176035 866208714 1245535186 -22691032 -602249285 161164619 -972778859 -577760982 -73952875 -292090800 316303859 62803415 1155857947 225001682 897407903 -624177713 -284841753 638062680 -282634637 785478848 -311473105 452087335 -784240255 -908500337 498510824 264049394 -213836209 -512352793 457435337 -746720822 -775419591 295978810 106924910 846133142 -399069401 -285927916 -581797491 -423634092 -7212470 -153830673 -234494345 -590052127 373570475 580150614 562778809 -245627705 -192198542 72800354 429168830 708279062 223913232 -101521461 -492695372 -480165704 330328414 -229917235 -1166346602 -725921561 -279253564 49170683 601490778 276172369 -374820480 529206475 -408274478 58985935 -890465683 680944496
-796640749 -26473520 183732315 -347725812 124651726 17868808 -717647040 243859358 -161254611 84357305 191642851 -251139787 768526871 -111140433 -962518104 -300123637 211921805 151993497 -700000960 -286024832 -531120501 -231719465 478778358 -406204098 -418039221 -438121066 409259985 -656173177 -348135612 333320030 344553865 352843016 -141347873 -336489194 -869137742 25275050 199797769 641875897 925814146 -307805683 -356018667 100094713 289134936 -663584415 -648302943 -411674181 -237377724 -19732204 -241869515 255142865 -591870213 711606237 818144374 232060462 -354309278 -925094465 1117638231 -10923307 234496145 77518746 -762779673 142007238 -288974027 -23043607 -156184426 766673228 -430770763 8737491 -758956262 -211753157 -212843387 -22428356 1225072926 715650465 -288821354 -389430537 -262331437 572006384 109649348 243935671 648730404 396553291 527878462 -16352056 -286521251 -842073477 -596050642 7826857 40341829 192757714 -361527846 440970086 669981423 -458199497 744865953 124964319 204580210 802179341 -765179557 -276592673 1034913352 290599115 1000198557 127628174 471495121 115440120 479229445 93415633 -358077363 -400145547 96858677 -977526430 -112130256 567675828 -536155101 -107094489 455537065 793271206 8168149 134071011 1412077320 -143650821 280299734 192338528 -85793744 -816526657 -259619565 -124692724 -469521315 1087658878 -180908795 515569614 257427807 14798057 -528289499 -156143397 -804711562 325194678 451961283 1415059729 -150866128 -401985423 345913347 5653942 -1898549 -229418207 362701831 -362921744 -84913610 -150884863 565379303 81053978 -531768267 -263952919 351876037 -137266600 123178501 -1076339952 -556062313 -555382967 486243808 -330139748 96669992 152514638 -301982940 134396667 -128121808 -325572771 431251069 558288301 482563274 -112085147 -62744298 254678087 -344130629 -470534078 -1045058418 951503593 -333028162 -143775352 -122559037 -53313477 -111909330 -766619534 15245173 170532076 -605845505 -401658049 -413718144 548504938 530638102 -123747247 83688630 386079118 -869982683 -5171069 -784659823 -232906761 897967593 -583279079 -483758499 330538342 438948180 341406144 -318385153 -237643992 -1068823093 278883134 350714912 1080823433 262930619 110297297 433927150 -190394146 280651286 349918641 -529757437 -270843714 -399790694 636917599 -495904892 758895229 312039424 171413124 -409132548 -438469305 308214088 -696651988 -86148984 377311080 615906052 629698555 305603452 541543344 1364982043 -775086545 466288264 -337552551 -765320345 -753553329 -718759153 -393117671 -626446000 -814125826 -696403800 682477612 142205437 -623061247 593988247 -234397466 260217790 491259280 -597797880 -156373987 319139480 -695128542
742894700 97687158 -1097998464 -6703544 -396728731 163020884 -339940318 375790434 -621197329 332923357 -987308898 1202553799 -9304163 275960596 -302840969 -77272628 60749996 500047501 668120092 -100412780 920447969 935665193 -147605891 125701089 42638674 -217662144 207676438 -51935969 -299294844 -503532671 31205993 167891809 -1174672114 57566500 41100139 -101768141 199474076 -13863831 422691443 -1112245531 402840423 -490519019 -1070954170 439008722 -98877124 -88264066 -1024315336 -439443949 -670513630 -82794128 351396610 366650476 374883492 163272129 70792619 -495185477 -570528266 630794467 493369379 603406412 1075519318 -1066511637 467996040 641237637 449537238 411554078 -173553158 -97328319 -479877459 74166031 622521569 -370231184 -263491089 -80952813 -350730154 150774589 -219105988 -694843688 -1127219339 406774491 -282728026 -309535268 -79565588 479905623 -129928312 -278538798 -536215000 705125943 594850550 -307946794 582579697 146555254 49158460 -142178848 -305924244 -77481918 717744740 751012182 -941552302 76367040 -69587985 -707824183 -543955500 313632213 94337834 572142660 -311591487 -182748512 933032942 -324444264 63136475 -219707229 -54236648 -2676713 477490432 -247851487 1085917063 168298503 -288206566 176277319 -1264524416 -214906316 -52451866 -760387915 -1328918378 469558912 -431801016 -39509708 664515969 -114899105 66977948 -647950952 970716228 502424194 263204895 -478600625 -177028686 -306905303 -21496530 -351662280 155718689 872622835 -386446479 -824419169 -664378900 -561127799 -474289273 430492621 -19281000 -125777292 39240560 428446314 144230667 -378953376 200241938 105323591 -800278829 -342323664 -436857051 -940686530 -128555029 499539863 -367367638 -74215085 -400109218 -269775335 -30604373 -514176103 469469068 449014242 -573162058 -307851138 -410623678 -552123716 -135056592 430050625 -678548280 245055051 -152150011 -647043547 250149754 -1216904870 -887088463 -609756959 381032312 -241786824 500605167 -662530453 176816538 206305633 -866047604 20008857 1174170666 135888050 -319576814 -448927794 446034788 -180659121 -656040369 -1224334001 -59576261 162055133 -428711832 -204414542 183881940 355056439 -718975799 681810157 -39402408 -245524431 480618140 -151627769 -6828113 -230407875 526921167 303652420 71395626 -849107877 -194214167 330325193 -198050746 78821189 -262675334 -1269211771 -662661810 -712929070 -765040640 -575271872 137331942 -254170589 -374001986 -863518452 607862314 -423078152 46114578 -821709106 378389306 -42137182 -513582003 419920378 -389995623 878477951 -195017764 79109606 -532805712 508493251 412042737 -817506788 -346037351 195703738 611525819 168356604 178479620 590138662 384752547 -26914275
-12127949 -539702842 -443679191 209190792 -281753352 764403690 336599676 -250835885 -4554207 -1028940467 33344015 -682656484 29412576 -230014709 -194520497 256040223 -107279105 -289434700 447961065 938546298 460500214 512156397 213923183 -183527867 178096104 -304512252 -475549611 12191136 86971394 201258194 719087149 164176789 645682456 580167537 -744927057 573468425 -74691015 483435098 414488445 -611401566 -66248314 -374146666 573211311 -178519099 1475291346 289595378 -256711370 -240422361 -794334275 602828869 -683161215 -145993786 91568279 419767756 735111413 482298884 -564666634 -791814577 -175735738 -398672014 52521904 -229423116 -80318957 341434079 -284906810 -164106958 526889252 -307136698 -34758145 -699185064 288969011 936515006 1373459235 -102638433 -229936535 -117434217 33119203 -613455915 702868053 -521439576 -44486451 194687748 577132975 -1351419270 -7105035 1319935747 77137680 -440923758 -5928032 -176113916 -788129411 -531130114 -222399912 -630342862 94569354 84277025 374713366 451849625 -418705040 -335458858 158190114 -157405647 24365319 453720312 -516129651 -235255482 -101120494 -82958626 336093330 464837639 282886372 -95127649 -366780515 -500396702 700460440 -335583193 316476186 236466852 -437646856 128740884 534281510 47951901 426823303 -218076655 -318899157 801024847 -189801281 233382368 486500472 1315162268 347114222 -678666468 174181957 580394730 209124426 363310338 377845467 121113936 -948730694 418887008 -399740934 194836941 -438706654 1576782934 -509179678 257580063 518915257 317018322 159498696 -553526437 -590354118 1585668190 -559513537 196434058 -199873535 -187580377 1132277732 -212032002 -484560004 58960908 278002899 546171563 -223565620 212199114 -760631760 10897897 -145067376 -460001957 -305843111 -358143081 -666941083 529688666 138240364 389471237 586658070 -161005776 -426688533 1029331739 277434993 -359452009 -429924446 -129624749 838055073 415713357 407928165 -602403960 23670924 337638186 594802329 177246790 -344442106 -467189571 -870701222 341220772 -178883303 16889617 416056876 819346853 1036607532 -64764702 295094169 -158812883 960442843 279430042 417156781 -422634087 -212446718 -482486796 -515081644 558514865 553341437 -619996088 -425113823 331242873 300731972 357270281 -720886027 -117160012 -469483879 -627153296 -355136347 292729238 -226153868 583969119 -123023634 196356953 286118491 811567005 -717763221 85801100 -281728340 -463519670 598747444 -719196451 -469020827 -83200277 -676860223 -318953761 367127331 -36268109 493824534 -89267699 -212918049 440209281 242142234 435869336 -749848669 507696965 -155181668 -1195198842 452790338 -535467522 -108033882 230695063 -500828885 650745885
-373054694 -6908947 -708948168 -572976617 -122738126 -538511616 -51629119 -398340571 -548925889 116561908 -189592410 157703342 -414542565 651727532 -351314388 -69380330 -197850768 604540366 -591277859 -123566201 -870547448 -201841345 -596585520 -481034052 200031709 -222784208 368338550 633892685 -454714226 -589887299 537722323 293811882 -282462645 -677240696 274845235 -475215341 -429662005 -539004983 -598718031 -821405091 -547348846 687181398 -280239563 -251524524 -1127445548 -1343767019 -282171866 1017220244 -300073362 -18876871 -719910192 487579167 -385274628 -45217082 -123725076 562066143 478575991 254685821 128489760 -989314861 848782681 -53635465 -126661450 -129573836 248078301 293474573 382051338 -185986717 -279694921 58738597 176456996 203489568 -478662147 -558961962 -420651120 531595620 798830612 331037832 -1342830653 202018750 -618244 687320795 -640360353 -157228215 74915524 -147849822 328747270 144642789 -724595145 -595538076 -982683549 257552800 237723947 -209218385 95782151 -267482579 642170142 200258992 -87547284 -906557655 288352200 -851734058 372359909 -220313738 414375548 -20552568 -53866552 -400110180 79149270 758426377 -402432259 1127798608 -405600683 642046006 386785743 -852403983 711573449 329416941 163876689 -147604124 386284531 214059497 -87278615 -339773994 271757228 1419867002 -1050449096 286460271 -106819773 -852591061 -27140819 -504482878 79965353 976722558 332034466 -188368574 4074175 -303261552 -676936350 194365028 196388668 496198265 -201936110 889793369 399744071 -464471712 -542149148 -162812820 -651324334 101566833 683775254 -228764699 -435192761 -360872420 737705340 12454527 775864009 61225570 -79383608 -446173123 602047583 -1097066423 -527192760 896382540 48323890 204947652 92727200 141015486 -244781260 2829049 382017993 751399174 197037631 292330775 82651534 248051669 -561966723 380952738 -448254692 168204842 -367620166 267283758 225017821 222458220 401526610 822969507 -32425259 190889253 655039699 617986558 15567174 -662653542 438584243 260366865 530890453 -940515066 -944871232 -592550716 -290110185 -229457566 -13157538 41240304 924941475 370974234 158673817 39137224 -251942059 934088545 181924629 380713574 748767250 585433038 -74209912 1091200209 -893456238 340865473 946895152 -40206238 401170642 948189662 -743698099 -1203061040 -488053714 -661419116 -27470902 690374584 323783665 -878207501 -96944438 -371046773 342669113 -74993198 -920838400 350664535 -929049182 -72858107 969852104 464513068 353990152 -38919933 -179236749 189355746 357894995 806541768 105606085 -113369306 396284115 -267098101 -606900676 601225051 958179688 662904534 154574643 341183856 -327672302 32853696
337765176 -239648470 -373253396 705936119 -55017933 1089813691 -7131490 -1242877557 1193771 57818154 -174516497 -422286200 292314532 15044362 -61379691 -66928320 1214018444 -642617704 577748485 163817938 -216532360 387391976 423066903 539885820 1399974726 -566468388 672764634 -1837268048 -166408701 -349669538 -112762562 -179440392 -703667414 -472749467 -178482092 998731327 344796899 322667232 511266214 286276641 390429367 264204561 1108452300 -832737719 -739998095 325897371 -203429072 -629123220 -54488318 407151699 -232051270 234297631 1200148526 121648991 534456850 -363520570 -420412408 161669756 1032979292 -118408332 366162725 -43620548 204069084 1164537183 -183247436 80510231 139385855 -275026614 -136654279 -548907831 218680472 434022746 301680503 -895761131 1131371096 454836775 -594583328 645314055 317434732 335508353 -6489594 987119591 -185054938 14707484 614723304 -376989912 -878739094 -96461364 -949023352 -663232167 -287965814 -727047837 -166482818 -301100753 465803457 745488233 269260503 292740077 -711317285 -169163845 132071477 135221492 -292763186 808362523 -1007360237 -508898909 292113397 643049892 -283091366 -451299390 -71497495 -675196625 280228232 886158858 368819447 -504478992 -619686460 1122727186 58709640 479844544 -253333191 583772463 764308267 -621312524 205156487 1323031246 224751315 -207601446 -58042673 22608549 196484012 -884186099 -13011810 -358794528 -504791700 -251891839 602526428 -43018756 189211732 255127870 669171067 43625055 290905537 -752977552 -1017651487 4813775 60849940 -330741961 -1495348243 224694583 1011468343 926397462 -257246714 384963652 -547926633 -1350325728 415550465 466468413 -86054948 102957210 -906285603 -945953079 -174680103 584481460 -829120846 477418559 112589694 -637520669 237268449 -437442382 -661054651 -23868295 640023976 70440859 101393017 -530571721 26701714 1478128923 177823859 452406874 -751980165 306333843 754635620 718232253 -193420302 -401861070 -120433796 1173931209 52806435 198672848 -670572588 -88446113 120557869 224178669 511783213 -107595684 1148381145 -248468058 424257397 -252318470 -658066124 -479008154 -25484102 802751572 -694066547 -274029563 239088927 411374003 400166935 371673493 127031024 -106520315 1103804000 -429942361 -746077838 -280183968 -587368235 -791521836 1545064689 -526846611 -102007080 304433685 530948838 -826298772 -196661687 -281399902 1146961947 245104395 -621497759 -342097474 -245789431 576579218 -362980585 -23060796 29538884 -725870216 83268049 -415630323 616154831 203332595 366414024 -250315482 -277433885 386247845 -586532398 647352090 -887553116 -201606589 -766289783 -627084143 -268888833 -611633206 774998644 -711471186 271419455 543262610
257561473 229440519 -706655233 -153477389 450286722 -95836566 620529198 708635317 163739984 189791194 -553185428 291073122 -371088073 -120497952 159440168 -661531749 -451217699 -608160092 122719707 -672289620 542842410 -904045596 -24754087 -481411605 877481472 447492860 -925596217 1234631010 959109108 -670247331 -717868132 -878250691 -37110580 586875476 177679909 -54421810 257178707 78149735 54473692 158550981 434691430 -242181293 -494417665 360669613 161431422 -238537526 380629343 -86102428 386008 603114718 -130220249 834548107 600605103 546942487 -529203584 -272970834 1235965397 -452078894 121064399 257031181 -590481602 -924729076 -372770899 -361976025 -703476531 -265878675 556890224 -352673717 -176256484 -380640361 -407325257 368900042 599243190 203947088 -136269186 809091404 653727781 -380894859 -606300071 -444589604 489444333 879493921 -341873144 -1116981810 1179377649 208729072 -81036542 -51460952 -699702791 1138673386 25222464 -145341389 196453595 1139885388 1246259438 323344192 -1111061931 -1026280570 141400830 -278322377 125621679 87387753 284422848 469671919 -161372011 -1019444974 276259788 -61760141 268185884 989770425 142156398 136929969 -438147582 71982580 -109574142 -27652901 -894516255 -70056318 -213281790 -163504379 -310186463 -211017741 -156019758 94089288 211421956 206240140 132380145 -873106189 689580335 25752342 453616962 -723266290 -1063116905 670473228 -321865776 17203995 589627085 -641144688 607144558 -112895182 -604094242 -216556204 702035395 -498463460 1143533871 -240386591 120614325 248012488 548791802 71546142 -198712545 179174222 -302706445 1269580951 -51806537 70549704 58458364 691181060 -100760245 -50506461 -324032117 -271834987 138660342 -331081395 384933556 -896342663 476255783 423674724 -499199444 164582907 -733387054 -410017569 -527602508 38175235 -730814248 1293529539 80637302 -113614753 -51237840 611948635 46217396 -576633786 -613151404 -718711719 -822383749 -87251635 133772612 -366229333 -390037899 -926505353 -8648024 -335366627 -348945569 530483226 106073999 -660784461 -405382449 118007165 -343249714 -493228000 -236458322 875565567 -1129415103 285201834 503410308 305000198 -516401201 -328895254 435369199 -129993823 379207628 -639943513 591892709 346707706 422138485 294409277 15812293 391265770 364344724 164444233 -27117136 -575000794 -160296288 58122970 -262436193 -284505489 -667241381 -307254337 389719097 607902427 -367078996 129545802 -469873297 -66973729 -211641246 442479327 -657353349 859750042 297176669 226148315 702871703 100103270 -631329184 -86026639 60996999 -345138815 -225537685 -1002747 -802857315 589431306 49577256 -500539064 189584776 -1151505890 -275245411 -858067783
272719327 1400468930 -1004275974 -309348196 -221201365 -1074619103 944282012 969454297 510038687 -482730357 -821292292 1156110406 516873082 284241570 42071060 -535101569 -25195674 -989195425 465749291 809648567 138951171 67990411 -85098273 -1044877999 -641594564 986789528 -168499306 1019375623 492481781 152975375 -155293232 1320528684 9517255 28548945 -424899879 -1059047450 735869174 176116418 -577405857 -687972610 293682623 -48513568 -19826535 -120971117 -385663358 -337001315 -673849679 547842546 -454813747 -107556984 28274787 132673257 746393123 -617397216 193991690 172567712 -157272297 86883578 1086477026 -602028313 -410067591 -908825229 -795867709 132715948 33373868 -175712614 -231066922 -823918778 -833655586 26040828 -376384015 -352156901 -773043514 -286527246 -784142361 -542632374 500662421 -3270459 493853253 -301040458 -592544385 231344236 525846434 -873692253 73766039 1151773003 305146518 -699987774 -51443975 470129736 -197715146 378149075 15677114 -572929417 -191416598 182466961 -11700832 -78493131 173757587 1332918876 149868848 -48962761 140397098 -419118281 76364392 -377184102 -374604036 -71387390 216790811 483942532 -1423450145 -1028894902 96699958 494047958 -169258219 -87704959 378910577 -421772766 391902345 166288377 -29250766 -568123997 -78604872 481240309 88691208 -428299128 208571149 -30441713 97452242 395636198 -350494153 540566925 -855078140 -448994835 -230813078 -306479106 -1272374651 414656665 38454810 -1041579366 -155607362 936958623 410542668 266628105 -70001146 959151001 77175780 32952116 -247851848 -263308245 -196200793 27514187 -351966036 84569024 -354185043 -954170867 -256626143 16526824 320346741 267139945 411306042 160191836 -262256318 -147263199 -227682584 306184482 306556960 -498663413 -437296722 -501295080 623589880 200743878 -902074731 104818323 485287974 -511715682 796718392 -697042277 -422670502 -345573680 13334018 330263699 -774055287 -493152396 -479784454 964246184 382836824 188935821 -71231192 95127352 506381790 568845275 349190732 -445921011 24431999 -1074367702 788109617 -811676277 373652857 -608997506 -307000708 351909734 -870183272 -945988363 432027073 474850741 -1076673436 753285439 275723564 531872735 336714297 -277654013 -1101534471 1076916394 744180571 455261200 121525193 196491489 -425057177 -758276018 -553994236 -687207824 -217698959 94787231 167237248 481999608 -1022126368 -47283976 -31562540 1412467372 311120101 272031863 -504377934 -424082190 520458581 316374824 191840186 414772621 -85801557 225008895 462387168 41908486 341202628 -669110379 -74189281 -156110219 -322269799 150708900 326715801 339529496 -800430963 84084119 -1385411488 -306659008 227952706 -131166978
548411684 251285837 505650580 -703441859 1229155820 71392282 -49818214 -558433042 -157247428 -470386166 211551660 -797910028 72960887 1019038698 -234955480 -599395797 78285882 417894062 316027470 -169783075 -813986782 133262589 -819591594 345684256 -198635561 895498779 -13877773 521868397 431918427 573453618 292527432 -287903753 -1136112337 163635358 661117848 716098196 -576517906 142680160 -901620209 350106946 146551624 300742137 894623669 464337002 302734978 -202113316 -20029649 -386865214 -136639296 -237655784 -1161529541 -79724189 -1187234036 -222918204 -689173677 -392429573 -354297410 -72588737 -717782879 -318333085 190610121 738807395 -41242420 -469319983 888426499 249961926 205066019 -125158236 -660228970 -397211291 193060103 757617949 105354317 -78642774 -1102895852 -807722955 45903779 478207594 119047299 -633013938 927182844 -1237661575 316684290 -511946473 -7449067 -53238631 -134286445 378852659 -41449354 -290210066 -676634003 208117940 310149278 -108280365 -299233838 1045221869 -650083660 -86052310 -690649402 -1267954735 105000169 427376284 330772635 193979518 2110773292 371193708 -645390752 42659014 430097125 91996981 54699645 -210524710 -1039971698 -453869253 618657786 -362483387 206841373 588613471 -1300997411 -355909985 87789867 -653927092 -37314006 -630388007 454535468 617965656 376038868 -140518076 644519314 746503104 -690463528 686517941 -971103458 1030040071 65912996 -227300165 902647461 -513485163 -871849323 67892898 -496554486 -327523145 192020180 1333395508 -388218235 403037670 106553199 14681195 -459160748 -303731864 -556324500 -365890691 74932077 497822226 613296857 -901714085 716467310 -506217066 -1239488045 513894492 348677144 851975768 -799403286 122980332 -695922436 -676420650 -4598148 265458492 -300186442 816645228 -248343517 101174767 405657167 845693438 11480480 1428041520 845028130 -559957771 231955624 823026320 -139143178 -640770781 312776428 -215404231 -663760834 256705545 47433426 449562501 186270465 -592581381 247827509 -824690796 -788940154 138014034 -145789059 -177750333 -948096124 879816672 982607195 742780429 -290899811 45629770 -324705419 -1289765848 -375358967 -323898571 912211 -1486712315 286582545 -273658614 -343664949 10709442 40054273 -790605842 -129615007 -14770562 -292408089 -126839733 156002845 853648183 -266209784 241738562 -372789250 -124814189 -258888580 -327731435 -955679661 942151549 -137567307 -422629081 1074543235 634996012 159741701 315597690 -915212488 291524375 -199050910 16550921 20812620 -1185358191 413556914 -364558267 -439613961 -217947696 -618500104 289584826 516924667 -509372818 1000531017 -64330057 1076216020 320447302 769640015 -468611195 -426803004 -226048821
606778877 -363870708 -363232550 29850787 617215632 -146124455 918056170 -150004403 96245474 -519931340 232006744 173052040 -473962808 148717575 559802065 801446325 -371826700 256076314 -538938218 -115053578 -277070460 309658013 814535553 -894988618 365343907 283442012 883031864 -16654898 -654424295 -148519281 572967774 -310389351 184514425 -209730982 -609959086 325005005 -639160297 -244168689 -667310729 -14461834 195335559 247651451 -38840976 351737032 -74115281 960252698 809881682 -798707110 375102654 379016445 -194999294 851447612 99338353 21481298 -440114752 -246542895 -277805226 230560041 656911111 1508987489 -449298615 -138347891 218873039 -258432553 965107550 -464522237 721507215 421327258 488108686 401298386 864532201 393326343 -214703861 -610759963 769401055 189800659 632734225 -668923227 -133134882 -634529384 423463981 35497931 -915901208 -601994921 -440499271 892949376 760957475 -1545556642 -307386507 82822125 285120416 -394994394 91577471 -105492312 -197939867 -890530012 -561530102 -229223920 200640364 136729216 36409395 715366880 -870028721 194784472 -641820884 -839699295 -682628856 417795208 332492563 -132071502 -169632730 -471900638 258230122 -13883589 -530590239 757568066 73080164 -141159339 1051094047 777364374 -296741569 430158027 515713269 30079517 -403444558 124562934 -110425966 -1095475106 308532333 -170510898 544877915 -151030865 -304070187 112845605 -57597001 137174685 -553267820 -203141523 385390083 -293869809 -627681148 187689798 -248344843 -895550700 -49257828 -525976222 -1570198349 -837513644 646982348 1009238525 30728580 351174277 434265147 -704795238 423393499 -574424644 27907004 490057687 284705952 -237861394 -776817797 958858585 301263818 -1341353772 -24933467 210034796 -7879711 563702364 729503557 -403124443 203701884 244800341 -71977896 -508547415 -286723398 311122489 224915877 283670403 -1204073804 190249943 551946378 -570084505 332027533 102160929 -668020420 69580555 -1486815526 -539684044 -175884790 -733123220 -404756208 -392510695 168870215 -9968284 543598463 -138869788 -1042699326 -287224615 298384717 241500026 240783617 -254695304 -330729008 231702747 -192113771 -478228582 591675653 172888060 551967502 -590896602 -662310162 372038416 1491163693 -97642658 -522716249 304140800 -312233009 58821349 1122201708 -798086051 -843117582 680442655 -345506506 -405895954 714442765 182274350 251436900 241807498 -786885662 -203490419 -549514062 168886207 360628372 -312166628 -917072808 -773327839 -274419720 -202962292 -219410629 318857719 -338121129 33069063 936726 -662684154 -665247644 -933217018 -499108014 -808294127 -608362886 1112816897 263796332 26463192 207936599 -111323017 292046412 941464928
-20270064 376421271 66376007 62699410 183171138 383292780 -742094350 -297971713 -848784893 155222518 -174511403 -604797122 -686522609 295544062 600999837 322625740 -829974730 617874273 -254575962 1995655977 -752794788 -93013183 22737840 -380070415 -489916390 -224612556 270282366 -108715628 832082012 -102243262 -146403499 -45307149 450187318 -631346710 638242762 113719206 -821715751 1167718669 973000987 -857035406 -409247800 -1185258123 -469694216 438255623 258230666 -676341845 -1330124652 -33802190 -167660252 -618856921 284446715 -465631146 -504884451 361978928 -347310007 151643807 -73381710 -140100772 -1448505936 439170761 282432960 -895531998 -333113561 722927706 -623750879 616913246 370949162 -344501926 383422114 213126865 247084313 62764339 -16305594 1024904407 -708463827 -662851241 285314295 -2593819 314558146 -264704937 373274622 -1054352823 350945984 515916020 -540074828 -55971114 382055197 -298080586 843696967 -208604423 143662879 539724230 -888172307 170451930 -670155492 -345107191 -550122540 822999928 -471598404 524968759 -131812632 548595568 -135321632 182517540 112689271 567046764 -434828082 704649673 54722219 -538276941 -60800654 -129802238 -877531579 1000353500 -308590197 63944665 427513638 -725604877 -283485750 -930542225 444030854 -344897237 36401328 531231569 687608475 -105785787 -638183261 618736327 685822746 636303822 -305692697 380093722 1015942525 -155977487 181107454 -261984241 126522174 -369626638 150132178 65276125 970841021 -62945287 -474506268 48432983 53813877 568428855 -269781588 -51277694 559365592 -52824128 89268472 1259766293 327094703 -598406926 -1484185650 841036219 -612993109 -420049553 -467014028 -93731453 -76570297 45221441 169369781 1044394075 -131198954 465286979 -148318418 -618154319 -554591794 -1106693479 1068156057 923704582 627628673 1103487464 -689468322 -1037458912 39717125 -1100690498 -8574645 389010706 -164737694 -249847909 -1062740037 -202363735 1357316848 -736004827 -75793338 -640022600 -890572726 620633896 329391261 440309727 545602371 92805243 -187697599 69913310 -187812885 -629937129 -393757751 334372358 290694349 -252182296 334294371 51944191 414900178 106748986 375721440 -126277459 48156731 482013035 927865164 -384511079 -514485414 -1457698911 -434078759 -590033941 668143771 -14656931 -105746511 -189641059 -403339121 -246992663 -1107705403 471532412 31463032 564565221 203216674 174572895 294333854 554246952 447235652 -120013901 -50425853 778072421 -54003149 137716702 -402750862 195696210 223331254 -155136573 -88209835 -157172349 191035728 -345302570 -327341301 480124590 170534647 426475284 -127618874 -660988267 -383037754 -186201921 458305599 -441122249 802023342 -107771012
-102400317 -489709386 25033697 -79823320 552372387 -246299825 225294218 213957199 -295764514 -82439991 -1213204746 60055738 -891198029 254174591 833064808 -870478827 -117590810 122230557 376954879 551200516 -198384855 -34519790 1355421050 21932248 -110177909 409787950 25173112 542706171 -37309664 122538700 -51562541 -208036935 784259239 -564213852 103842824 172081481 -329053731 516913368 -644780949 276614999 -376974971 476104470 1188363443 -715614911 11572488 -498745363 171044180 189375242 -373772100 101249417 83326695 -399346365 372894895 -341902190 422168312 -558650090 -583651895 99517941 -327031840 405668096 90072345 -490447140 -247234760 -465059128 -87714830 -131206188 401159099 509738902 -743239629 365918904 -731131008 -214190582 436891032 -724106578 -8755326 -1027672200 276520798 -19155004 76800745 330525893 379053895 -596418888 13173255 -1031211158 -80826183 175592297 829527026 432777595 331397825 -163971139 1153730195 784653536 355612940 60962096 -200191226 -220779208 -990991357 -344058208 172058674 920845040 796123589 -722750918 -70136930 -10588161 -141756603 177102198 -254252392 237780185 537981029 126760884 1202845827 452901562 357580847 102333841 876056942 1053926860 -936847970 -787129044 671698703 -503643076 524679673 -829233688 500139677 -475651485 65821230 441457834 -56862345 -718619835 83380660 -199290555 597624613 -729224807 101066466 690852545 310423358 512703865 -616071033 506932784 619255498 589320932 -463938017 207467569 -233993415 -374166843 629448694 -498121058 -899834752 407104715 -678339280 959159028 777209592 479274019 -95412713 723984082 188717482 334509794 229114125 1296692297 -676098821 -80972700 333183824 671757682 140313178 -903585804 114811714 -1041541990 -18888466 1130452539 550130616 297393766 131632343 -141555342 264818275 123404224 194918145 -1352947237 345948494 130688130 -901710109 698139650 -422675586 -624752345 622839335 -570827888 714865079 310306615 1124024930 -587950862 1026547164 156312825 116465294 624796681 -153739503 -443258291 85535390 1028482343 229311944 -119546144 381724998 -95852551 255271216 -111319939 -679702083 826748998 524483824 -384032642 433515627 -49194121 -250894994 257063672 -416781244 704681521 -499238251 -664817016 386500217 364720885 86885639 -153708028 -564613520 467227129 -329772760 -260258566 -1019310835 -467969956 -745269763 -53532373 20986668 647056258 695220339 310820250 -680695094 182472215 86778560 -504172420 -184567726 531831599 -667863203 -679279338 -597978357 -443624660 275370523 -422678758 -61635360 -206558342 -218332854 435704879 473527307 165916196 196818224 534284457 481369396 953778853 259488861 416047299 183460521 -474111881
-195648892 -455663089 -1800973319 -407650666 812265730 414022679 -316589486 574301066 -429065879 733317109 218539944 25556811 -744197190 183611867 -540379502 -320530731 314704861 -1002312567 122609942 -368544012 1039207136 -12988118 507222632 1295352119 741477865 -1462591296 540911065 32759140 365091460 -1051943923 -290066695 -803270869 453449382 83679178 -378013174 145611915 88331230 391551825 -63860176 -541238281 572548939 51192531 332470495 -391833041 -681084603 -613237135 -1215861584 235673031 3958792 119586638 -276194569 -391974638 318285671 563329054 -569420804 123874412 229823749 -350207961 283722486 -946351563 996989524 -365946578 846718448 -460312475 -174136232 -513463532 491891389 669793747 -378107840 -81738681 1119798724 -568390892 527180811 -217457868 325185418 -543533813 26910985 387328784 -555232254 -26972504 294872332 401434816 -18083187 -126928248 -393033378 -509114273 42258603 484481968 -532896993 -1181216481 192895205 -308934791 -895904423 213883178 -494209394 939822705 -1299517110 178712340 -82705849 -132935182 106637758 472524964 425964952 -627732933 -970433705 -936608072 195149821 181427765 300066063 -669646770 208747860 -177461608 41428000 355079179 417830870 -1028393866 424976755 -123406724 98353677 -725305203 472064637 392145122 -482565526 -163110255 -775830548 942338822 -233406477 362164294 631082014 299897448 713945801 187328724 1015387785 -787692611 3083433 -540568216 -135484906 -596912809 -1290501222 -449023750 -77798029 121904419 228517858 150399099 -465306633 -567483145 868491974 593934328 -456112743 414779539 423832830 966862954 -110924173 -83959757 -272892104 206123468 -405185113 907934726 -178211620 508184476 1359454564 125714764 -1171457794 -334206323 -1171739315 -1746918021 524618090 -758497750 -39726202 -646051387 -897885868 -166943255 674229018 540266706 -177534581 -506550625 -360454866 20032085 -211673855 -1247183053 876154702 889040848 -317937367 -120842693 492074545 -637015831 -1533178659 -8654853 712294222 -155682427 293125540 -806251899 462085350 -296412641 -49974837 -273227411 1022249637 -947766907 239669214 829289981 -584204108 160643985 139610684 799793168 -341471067 85675855 516977176 -210894123 444477706 -629706838 -280135069 307236417 101132898 -1105804532 -1150709206 1020858580 610638057 -306679759 -643521680 309561798 524526670 191310997 22848791 -34571428 -103008507 -206366286 374791812 -81701275 661559694 -613867513 -252000760 -197634403 -782315248 1472115940 82733164 448560440 279109060 -461337967 415046159 452029071 -49148039 -69865173 324702180 651415835 327422262 -481989361 -1383133712 252410942 -142479905 239778552 436212788 522795061 69118467 306765569 -337037157 -568967643
993023936 -451303720 -563698094 729283798 -252375740 -1032260211 -373096164 -121955765 -476535249 -889621160 797757556 256541908 507606065 243640771 167332990 -502626579 69029946 40264817 -255743265 -59472402 507113279 250567311 27257272 -825863557 146418828 -199991547 -180005397 488143052 -170090445 -125136619 -72169476 -1223550097 -437351356 228772930 -1008731917 210025538 -286628273 516350584 952152372 -597302048 -839376337 -35081986 439250654 -235991750 324503724 317339271 -379274400 -360275512 266378360 -650407943 -569228572 -8127772 -232969053 372180374 -856937133 -620739116 28337341 -396075207 -120868201 -52824166 522446411 -457657724 4510719 -410658163 76933937 298981562 274425578 508561478 -582584252 293233662 415484104 -801513606 703071778 722368842 258012651 1172180696 420979047 -747846164 -34390081 -89965402 -369659942 56810258 -162274798 -197717938 285067407 159260608 -254885012 -664893159 -81338708 479977662 -59098486 232538630 449014810 -384764240 231810553 242019054 -1228763772 -632880929 306668910 737656651 323569213 462548879 -773027196 -554758541 -234094689 -263116585 -392818765 933294881 581316939 -43377450 -160414692 -988988611 -603679904 -53257990 -917553757 381162473 -340239140 -900018161 -659245449 589798349 -495787638 834315031 328068689 -546168641 -834997043 -75845095 -720691475 127041397 832439228 -780033301 404057895 -506795967 559457324 -542666517 489144442 -329083089 -860949933 -846457642 103104261 406329018 -696512761 -666778786 120837866 -961771830 743315522 416911958 -912204054 741105625 257191963 -280944194 -167096750 -532536335 -965420466 842922265 -127680651 -287930480 -496826969 -822186999 -1018252743 -109476350 -236245712 753453039 561113539 534016291 333518777 -613388466 125552587 143274435 -233367777 -1021741290 -512782907 940009796 -234681036 320862493 64299382 234818909 -40570409 692187178 -885112604 -663211924 492323672 -467601372 -699327549 -182946397 -953216706 -1114158943 574589838 425978213 423861297 -309233803 -538360092 739937420 243098629 1177537463 -483686464 233675914 -264867338 -255073678 -716525706 -427735550 182079702 593300377 -837962550 -75178191 980301369 -575782169 257802448 -90926094 -325089371 -37527655 -113656358 539163634 -142700966 -547625368 233121228 567907536 -955720914 -515886880 97906768 -92705751 -492757426 560712257 -187938836 129944496 118225756 -610490083 22622721 327358978 87745199 61091276 210371599 -74752635 -70065663 564528369 413220642 -154066243 610739282 458569424 198135697 984104547 -496602622 214175342 521049779 -1011314977 -190410527 119891461 -1112999160 -475210756 833297204 731541605 -483565988 -468495317 439219330 -1576785924 87601594 -191738418
424257167 -6486739 -477977820 1246593075 760095352 141629474 -218097810 141808185 -129541137 691005017 336225015 -149344859 655226468 133067348 257218512 451789932 -118029552 1595024256 221603595 70598922 -482389282 619636745 -979608718 390882017 243334571 -174105171 21346923 258336597 -288350916 519551243 -712003320 1102079596 323157189 -409206681 349049619 18204953 -682573897 260307193 -340771594 322474287 -556413102 -708182479 1407158511 -890564064 -605693921 884452703 601115063 959935185 308632296 1137374516 400532176 730756014 -160955334 -265511830 1019850369 11243289 -529327280 110192114 12368478 -110130836 -153554239 272015311 604103566 -257389139 537860368 192846492 784520116 389337247 271680543 -214275449 -472814613 658122345 -153561878 107009166 438795274 923552741 -562033734 393711548 667839617 794806994 873416286 -202015622 -519352462 -740449540 934755340 64930979 -297819276 -81926433 -707448949 563652786 -219101556 36301295 728529067 25177313 -193835345 288186514 -715422318 85149195 462845849 -635059158 -455451458 -581943064 -1164433883 -271197514 325609774 -198102569 220685783 579758781 77656515 466272396 228301068 56354922 -427368068 218373315 560063695 1341600386 -422606010 303779803 -546274641 696405912 603339163 -531161436 -923746527 -479089809 22166912 -227885146 73695994 1003125189 101875827 -398243431 723602004 100829854 292454743 -1343409680 318708531 998337114 327691947 245740747 -313768501 784510100 -951848887 -306287863 47420632 250622223 287726280 -101303692 -538214507 -343333826 -87441779 -913979865 323347379 172389236 -178929511 -361675357 -493812310 -666324625 729022542 517185006 -671676360 666792835 -521864237 233941593 470089295 1018180627 441798066 -144871210 -331446239 873063281 -131356108 -454345872 -20913861 372352052 945406829 852699 -254532971 -264118371 653729160 852184414 -516519224 864055380 24980401 -907628641 -299164847 155312944 -1034581520 -870856396 387134228 395452736 57540350 -155000751 -120815491 635006908 111659400 95225847 664418326 530245260 534783907 -299043340 -64653337 369605605 503007729 508917682 -665436214 471311280 304806014 375379132 410346015 2981806 -217502290 -440664795 -651381790 742128099 -189346886 -805868931 -113416420 354346934 -437844633 -163092323 90318784 -59436321 -327642009 217692540 156112563 -873015768 -423882258 -491114332 302714997 412918773 492723946 -196260897 -418954617 298811043 55281366 255625860 -41268956 -146343860 232737665 -176624965 476082654 -705469893 -391042403 356949074 202205789 -353949894 275696561 1025542733 -180543291 -253529664 518974688 -243883315 147534529 -330336305 570591920 -428609364 -409625422 -752056131
-242170493 299002437 -191973138 211649550 335666686 -79277465 454336424 -872233469 -504163662 818593850 91590874 286067756 15289753 908995199 -235165974 -136092949 514241636 436461941 495051881 198995021 384147734 490978378 -106056758 -347664312 15817976 248415697 -780441471 -1833702880 14572308 -202063384 70328819 1108930798 -446924076 -563426153 360789940 435828365 -13397184 -498189271 217686370 571663941 81139755 393262792 125410383 142151044 329313268 148610715 590120662 -1000396418 565061141 -141428593 442258641 303578222 659193954 118034008 351507932 362355437 1041488375 -677261628 240158905 -46241224 831557323 -370776652 -778822235 496978330 -982180648 105564179 220302561 -460181962 72802100 -163615610 185884717 -138048963 -848923830 -922452912 -918914062 596790594 225668730 -661753345 491274131 1257261363 -40458753 470824344 13155789 328401799 -863289400 72638039 -83563932 -1135104024 -467115534 720705785 -280869315 -270160473 863061759 885715419 644739728 -334451098 -137410006 -416647627 -844354609 -971004296 894284509 -77890200 -578343856 22942659 112813828 -477930680 504299373 -468166282 -721337442 -421107020 568184236 590306000 560740965 -71271364 -220110758 578365494 23440500 -563864950 -159970318 -549763506 1239340581 -589865390 361386615 325613429 454163486 941109514 75085895 -412331791 72487973 -91239670 355369153 -109993758 57273038 -2114531 -1483858985 673863473 390769389 -328502556 554909536 -363266999 -375234295 -301740153 110623102 -1208696843 -6163914 -779273360 441023250 634396617 215960046 24631936 150238269 -97276527 378553658 -1005138273 -3159256 -1018196218 -106527946 -187789233 744888091 -331865583 -59808911 -13025332 28508572 -583006990 44497525 231146904 846089385 341066674 -1257967189 -216381333 -535816533 -927088022 193143362 -246964902 290383229 516720136 6681873 496938340 -343013807 512542956 -519726624 -93752436 -73961936 -134742112 -477108043 879505742 -1173112862 -163138340 57616507 -556958014 10066221 59874775 -549655297 173752299 440224240 147646417 -476721701 -342449520 190598807 394433397 -1087765852 107485789 -276477618 415745727 -465220619 -1213855768 -529407592 -138502400 382470126 549973402 -1487148105 -514452548 -669230935 -735191453 -150027417 -133834402 -757424738 214001958 212681807 -578071449 -495858707 716010978 1102737610 -12918789 -614006462 -220742492 640508599 835857811 8494711 182971685 -162933814 -833986221 -697988071 902122062 -5577284 173365646 -492183141 -32358837 940661283 630157148 794740669 -196244323 -157363758 350995163 -234754469 -380754720 426705768 415327670 -1087185702 -466245041 -118306539 -172232336 -119831446 -273824051 -391981467 -108071539
-548624782 -291104075 539674842 99793262 80044716 289626421 72263483 187506076 981081182 336615733 -124930930 -412017620 -19472249 -290205977 -227215627 -250502292 80212536 -782043791 -528161257 768438565 -356655132 -650402752 326512334 -87484031 64391581 162428025 299842303 -339081361 1091163482 206944476 -170734835 879831428 -445467941 -8027549 -991724321 658356843 75542205 285253432 344017069 509279131 1137962625 -189387094 -371035343 -388628064 283400250 79036249 -225823138 -297278486 -747982550 388282300 -406960216 652887320 175101496 348425332 -234268604 583429786 914735293 -379216397 -259127399 277895021 -1471283589 477987517 -112753335 -696636111 -161453952 658598875 182412478 -149752363 143180959 248408772 60099755 44900740 -36079414 -219466892 669607593 -210965981 -57857212 -221604849 160540793 -1008406558 183906672 710639756 511190064 601819968 1056954379 522763610 77678039 -665085118 -341874624 -342459745 215361917 185058578 -774897134 -594288775 422928990 951436584 406191573 -482635828 152087960 92652740 730874790 606841153 41861305 -149423628 -643513880 -542092285 675206852 -332402359 -504119716 564663411 536846321 -130102890 222406502 1529348699 -357223992 -853334651 385747402 949720862 -49932695 -305011766 226398608 -241447194 -183539322 -761827966 -73086932 -276556019 -503898690 -206044730 -156919965 -822572099 -856120963 178708693 -216893478 -400279158 309908618 -522111621 -461468995 240451834 24949990 -277136095 -108200652 -304982001 -1165685228 -632324499 134918524 779162390 -426729849 -152002441 550840035 360283757 -986828625 151120632 210299414 646320789 9899793 -392510860 406866735 756558246 -425586009 62134838 414134382 -30378076 610166973 -158344269 247510680 -78845528 -439331746 -398991731 161874310 -301546949 36847203 -847110119 74494273 -13325606 -64836233 -360299932 730652879 57223740 -742510051 -70279139 47152106 456120475 18021033 -299526563 633687051 -584928235 217213329 4232366 710153725 345436633 -259184193 -997423619 200019427 -228652100 -505130451 -552853343 872798372 475695879 310315599 352645189 455290210 -374079600 -400058273 1275584394 619274700 -1184151019 -490587968 670739621 677289409 1282097275 -169424153 199598540 108300717 243014583 126256023 -915800113 596256877 741179670 472557792 257283111 149833427 192730385 -252533483 253891121 114734722 -406995 241668539 -422971248 -225342756 194152656 122382400 85485867 -426695850 320354691 -45134474 575519709 753729054 399890800 856719555 -253790178 301660017 -385646082 -240015391 -1148036428 -37682678 -13730269 -271316694 75501937 -416855567 -1104529965 -1169791811 6330857 -1056455378 1039919015 -273420923 17047391
216885642 -160794938 -29007935 -464059476 -562737320 -359810103 -214965595 -447994050 -638881130 249844905 175232485 -170773190 -706613903 183586427 -606389453 -86941586 -790411084 1051199339 1260855724 305755026 -207949687 503895787 585869132 -105781236 -5021893 155863894 612203925 7514846 852818978 1406219562 -301452753 275186114 656550680 177328568 -476436457 229642593 -183331859 -532985491 56974767 419657710 539163946 152145006 -82577702 -1147776318 456267634 406607689 545776659 884549607 772411819 677327965 -3486401 130513206 228189254 -11208820 161625104 556487179 -277311788 -469365920 37749335 224717150 -897384333 -757301382 -177030478 817271515 290277962 -457451398 490701833 -513556416 723348431 364927864 -28892808 928275719 -437678486 705765213 355099262 -217788825 -357711344 918101127 131554925 1176319983 38398287 -48895820 1046054294 228538586 132678806 58122593 245688346 78701879 754512829 35526864 248493083 -584667883 -476040245 -897731405 482344839 -459162981 -1710646045 -194058414 -610501558 253270432 798000046 915395031 -1180084649 387033451 -179388566 -1342772931 17299369 -693509681 51844915 -54760678 -340279520 -820217510 -24518821 -69167739 200826180 223187716 471370123 -71661307 -1171208403 1201655077 -488426092 -550835570 -351908385 578360065 -436689868 405749341 906464675 567133600 680423748 -455846809 621130328 -292038343 -227188934 -368950843 -681888103 16029625 172300213 345659073 258760116 -44929036 327764023 333176973 -1105370378 189789766 286521519 -196485371 -776637294 374521408 -296614149 -237003753 -259690096 -17491603 -142286357 815462228 320328364 -420350679 947633510 99582444 213472607 -152792900 -851113733 482291457 -115801926 -23552432 -654172589 1075465680 475525731 -22599131 392256675 638893494 32519261 368820250 -29223160 -221573143 -172702577 -376128968 -258428079 -474949234 1025049585 -303769773 -211619757 -540032760 -283354018 -537741903 312619655 11487400 -84933496 -84747684 -631533737 -626886886 273504970 203296881 397042542 -76973943 228802000 -175909582 -547673531 110884652 626208230 -800949550 -136217176 -585207571 221540059 -21339102 169050324 -278193617 -777809232 408248221 -371433438 -124696270 1111110247 -634473655 286713060 1106510800 861492351 455021143 -1137094034 553771633 165085888 397683267 -835656843 682014677 -626246057 -301290959 -324853720 664127165 -285242910 290806753 -478622961 -431932943 6563387 -178883306 -181484988 -306736987 -300132123 -79719270 -508516145 -443247529 -144044168 -48320833 663793404 818690273 -1003280111 -337600486 -727121452 535959413 -106671359 1135250550 -438914304 -1026354214 -651670364 -62009064 -192047221 -775667075 571413199 340026554
155916162 -435989195 -719459477 258355343 -36446863 -322075444 -67602135 -144131553 -714225658 -260687677 160424911 -416878063 755819107 435986151 -258316506 -525860448 431251643 -267846710 393468322 -760190874 -226273595 -111888365 -140775534 736140976 364072390 -122534066 -19804168 159104350 681944523 -347751870 -806668350 -439309479 -254663678 93338980 -85326818 -411726812 -170783920 -1011135552 295817823 391986522 716560302 -407686369 912435804 -426847082 182151043 4207699 -78688538 -37551389 -412758881 -555460170 -69085462 -302996773 468405628 540568582 973066322 537760048 -188924352 -290183704 -517676313 107758206 -286579965 -257630696 -53809443 13416915 151113864 -1058257411 -154710294 169879377 677037914 -362053801 -614407148 -554028901 792869632 -325486084 68444007 -243643424 -725692005 55772446 -359518136 -1276128108 148007304 244550247 263528957 -488491375 1286949205 -508758310 -721623485 540536949 -597264158 58309652 -1030423769 301183471 -180141294 396942798 821868581 -214324548 -315539759 925505768 -520545760 -470120420 -274387248 603987917 -470152602 -561791505 265264443 -919274262 -324899045 280839727 76209958 -1095154582 988688828 -312589839 -391030168 819630163 370392299 624684232 259138681 674168189 -726864072 -615814527 -391491875 -26162017 -79553088 -15055099 -595938254 -348468268 -91554664 80273845 145998813 519148367 92330506 -211262590 -421386418 179712423 185830386 -925676860 -38946478 -622224197 -575754479 -306554336 815869525 -31641714 268580529 -161714089 160590861 -134356694 421791197 34148057 -596407521 8905648 504302354 -376097245 67827274 407715477 72269123 380534462 -65897735 482016636 517059167 -181270405 322096470 617778306 -548979054 159713159 -207580583 -758761917 -864454094 -936017911 -362187634 -1486708826 108263693 505777984 195569423 -310079217 -35757403 -755284913 -226523574 615259922 617290129 284796893 188557207 234362959 -245879885 170230683 395695397 -1368957893 333218219 -740307313 -311451482 130660195 284602472 -214363496 872327671 -9972766 45791754 -975641624 -457322976 -568915066 305377578 -582513944 -4299686 -176047273 -295086738 -133897417 215572830 179638136 -359781695 242874291 67322209 -1233670790 827359965 1063130894 -265325505 -276575882 -271586603 -184060037 466870977 28233821 485962505 325580035 422668574 365826855 93465530 546693504 521618843 1074323206 -362199416 -94097761 28779578 998288732 710322855 -306190486 -732359107 -299760620 -287450858 -257517935 933422803 322501535 271148177 45432436 -15007170 -978683363 -622185212 535603917 -121676810 378998721 -389645658 -547525023 238268365 52586762 1065611120 21312423 -1154935000 741695145 363439011 -578266200
430209399 653764799 1288317448 -924283327 -606916893 1094792553 -428668730 175333356 1201071075 -274056809 795884624 -476846969 80789380 -230804007 -622529172 -6284552 800961067 -476892506 419534344 311530439 -229373568 -451928493 -250672564 -451385231 -36561238 -489122982 685975467 151792086 -167180498 -30411123 321685841 329150735 490763917 1135620750 -863445172 -413002497 -423981091 192997443 581093606 -466525840 332283361 -566526308 -553826411 -738522333 112609284 139235844 200579510 374359799 -888206871 -1077532049 402965423 -1277713165 -154927517 792615428 -656096782 -676309472 367610093 426289663 -70594 -443724537 176803862 9177847 173655060 25424625 217203166 768456631 159701110 290910032 -268245592 -53478041 -350628033 -183796775 232294604 14126667 143016571 -96503244 3976958 -45924445 8725315 -145362520 -422546185 -179856253 113799651 1060206908 -790060146 -401157457 -704342737 146026670 -631801229 -357744178 -630649602 -47555652 528753508 51249736 -57865151 675870870 -106065318 155595428 748377634 237902586 -183627120 -815711441 297516229 444474732 -292175010 980039933 475328839 1085389613 -220430226 -484973845 -93974378 302272015 -524746518 -238269036 327820784 -102592833 472665207 1216955923 -496094965 -969237775 -293770957 198633565 -957187729 -562245626 243854437 -802573929 -776166073 743812062 -95027638 -213988547 601685112 -331257716 -106338967 -1298960325 -498305968 -774115276 81148958 -192200112 -120544878 90159635 -36093942 -546445542 -638983908 -74944935 169605990 60486438 845289423 498568879 330477259 -722133678 -400904629 541652895 900671808 674341910 1170049461 642770524 115938493 137273570 -291535839 454546566 46452240 -965268001 -320864365 534860014 -491186926 419900827 -413902072 -1046166069 -225390268 -113856346 149581745 -12640345 -717947664 -38392920 137750976 199480185 -718561804 -1153915471 1062468754 -1127587025 112108200 -136462270 -104896962 -671863735 -79204119 -812015042 514498871 285547972 550513609 1343108891 967558804 -128467092 -229399022 443477133 -672032615 910018756 928121922 41036003 1487268489 -128896429 725594962 -883325555 293408368 894998333 160856183 -107849509 -141089744 2781615 -429814702 177939688 198263894 -648592861 -628475944 -389767488 689739996 -424446395 163775116 -440429831 -510768915 -422120031 196129369 -132183363 507453961 1210821370 32739637 -1196488119 82551666 30276965 -234658864 -479976504 435468330 326127395 142149288 722424499 94652504 353340165 372388609 519281004 97823750 863235878 341784593 10068975 564605274 230567398 -93633791 29580418 -538756183 -161778345 719217116 257052433 153181844 318860512 -157162270 -390764498 375657209 494862292
-202044301 -315849840 -399951654 502871495 -538575185 -88255258 597434722 -41836894 1057923841 -50847218 168862164 -128238169 -756356746 -415310157 193832603 500059379 -95380878 814888336 241433814 -460440344 -972008945 337947659 842104379 51750235 407881273 130304139 -461416237 112201245 -725308915 513029824 -95717752 770997174 -349697329 -875858810 -1514853088 -400653669 -433036710 416527541 106435107 -1478708834 323969399 390818106 -80414488 368799761 -16337189 374791718 -619301631 -118218128 -562803147 -481183805 -264711365 -241081624 1096669837 204554949 68008880 185530759 -203877815 611897325 -82597660 924781292 695574595 399157750 -202970040 -206720068 599689331 398311310 -548746781 1175881581 -638516565 219612136 366320426 -658281732 -604782585 -271380000 233033733 -403638443 -863303461 -162311735 -201108030 -427201201 198321247 141947758 -61057218 412158026 -933203183 -605917325 339133018 272282174 -531040974 -307486495 -665271733 456203939 348719014 41634505 -99758018 -394168160 1250545860 -629084763 -256391599 230338641 -89858233 -685489299 484869498 -393451356 -424798817 143698665 239694274 425377510 1052394909 52511244 498889025 -372947474 409818105 -414131164 -303212639 -49117036 172697352 266767934 426224877 650175551 -740512794 -189916245 -214968940 -272430575 278661089 -187290328 -139274827 21551407 -525865415 305050818 -201692805 -261601974 494298385 391047832 -69801880 -514461496 -1131978225 -670500848 -171664463 -693975990 253248487 850093925 -599951164 -205110115 -638536405 90173420 334105078 779098454 -1427685022 209268488 576797605 903212032 -260992805 -162283737 4608902 -412162059 100190299 391940604 -371923519 -352298983 77493946 -567553739 -665823609 -655401895 455582446 70007774 599141065 507608027 29841805 -570961489 594398529 60693537 -903269560 798546279 304780738 720599400 -697113142 705033131 -1096686999 -690315020 535436312 45356624 -38204718 -163533471 203671468 70040866 -490128624 447547054 -549671703 1411710695 -79313824 -149817697 51377276 -168762411 255968028 -643774988 -706714256 399444394 -82154337 -264606652 14137606 -935869647 783654276 401126394 154460101 -166002124 482695953 623633208 340159692 110160657 -365594516 689682930 -293056895 -574277802 300983067 4758676 -435508389 -765335082 -221141149 -1178296014 570465472 -316369366 -346578957 308387805 290378818 -686690400 569188249 85866601 727804436 -455296605 763959540 -256508565 -111620401 222571891 112235454 -1102536096 467688270 545688826 -178264715 -259743209 -273064064 32025320 -513831888 -390123537 314546412 -494756645 607331169 -402217112 -763286699 -63611466 -155274727 -25815167 -58855390 392178322 4861012 696542367
-296915660 -426285928 -718947201 18225052 391598224 277968090 -162112022 -142329639 1122654981 166584441 44082352 -980336104 -471950077 -142070461 -108710411 -33482024 -632442216 -182746004 763253258 -788364940 835389998 462418800 -147746938 416808460 270529461 219780363 -323278165 853167398 146846228 -58517916 158560479 198325840 -244022345 333032248 130242267 -640060690 -704431155 700613624 972677813 316199512 -643124480 606848699 494435524 -553409838 -750422547 865684442 -689266044 -585427292 391703631 489890534 669279335 -973358003 -6201258 239980374 -471221809 204562958 -260853078 -1108786925 530635896 219029906 31762529 -821106742 16163957 91782667 -76072019 222694085 -792022337 1153807065 -416540770 -687418594 1251701626 167857163 -288725648 -157110828 536259675 348631629 -103903261 572170521 -2710262 375882782 -636049755 692798307 -195438899 -757998097 -356758352 -76932727 722413095 759607902 1217122373 -228240174 -93634817 42232556 -505825918 -25548436 637231996 326584226 583462316 -75648737 243916736 -268213167 245608231 -226150900 -147232759 -81004328 -565034650 155985993 -481596248 672667288 289834641 1073738733 -225103599 320798455 473366729 -126282110 -141879059 -200629716 -963608677 -230793374 -90404119 870340372 355697492 678678556 -126375835 -366134239 718296773 -1012408099 -321638017 131661866 -598610395 -471031407 51201225 -127834563 72481348 134007996 857009056 -491958555 -757702469 -25558855 451531777 864549508 -194769433 910429121 201237863 691345613 -171039826 23682663 -319407254 246195872 775822986 -886115136 880800770 -393072255 -42085985 368325110 119438137 540552412 -1175367482 878135681 -1348299935 643835709 -534138213 117645101 813050048 -194196428 -498516326 369403199 239280820 1161567149 -224999220 1009794556 469763892 -279312250 227318183 -745774994 -773185977 133642570 -525778829 -283642523 -117053045 684147290 411685544 54939038 366215859 62089663 39854856 437989305 187131882 -603400118 -276904923 810372933 -205206443 220762601 536742966 -1109440898 -65697365 -1043314626 582499813 -749694108 -232088069 -359015247 49922176 279424107 1355503135 941133809 451396616 282073899 314786893 455089052 -454198903 13059592 650542310 120342625 -642966041 100361803 -355873899 -126173352 314439304 -905342803 629338127 57223825 325221235 128424764 -549748621 -892099885 -569072498 -212652777 218291464 386383039 474380029 -2022767235 82112471 474914854 927947743 482928995 -621440946 -1076747188 -1368627931 255618707 314671804 -281585591 387360277 -401822222 1123824650 -750679110 771624878 722319122 424490794 839795270 74790344 -368743613 -350851469 -667611622 1056378599 548262710 -25677709 92043226
49808823 1038481429 -731380505 -124932910 661628879 -378143491 17019347 222821569 -338032426 -357873439 324810069 -324665176 377349608 -147759692 225424088 479838156 14332805 309811478 -316912747 -782334810 -74819964 -745609580 -639309198 344517625 436993284 -50619277 401678575 -589573787 -403261858 -301756913 1044520743 -476552497 -18913383 416650744 257102193 400537785 -757753194 39781616 -139745475 -319706834 1011154635 265156474 -245229772 534078289 233515653 -622953046 452449724 257365159 -222049922 -72546112 77771129 1137328203 1300943807 203422683 444919267 522480886 603279190 319211599 -226753643 149769695 1020714665 562349272 -463095531 122960799 171554927 -649855494 -483497004 281254206 -479724023 -549220878 827787232 902064118 -704977484 -396082560 447729247 -1049722588 184231892 -385508233 -560016334 -275408503 59004469 610995067 -917927198 415090126 463163026 335032547 822429236 720437597 867949984 294645802 -453940616 590706364 -1136941 466456066 427607029 344087173 43259449 -902163459 -155276379 5057041 -398757648 1597703936 -290025615 603797321 -612935093 -210895711 364529715 -118557466 -296493617 256118404 -525967070 -80903739 503827924 -258988313 -885605903 580019150 1329364443 289992853 -18239866 -109818857 -973020910 811959445 -76137825 -201127025 -219052785 823308623 224800131 964991830 271093714 -182807699 20159895 -9269784 694207164 161931359 540068284 38626510 -114667022 103516994 276912060 -236847710 240457665 1178580640 -903983818 -222656077 226351595 -849307884 -743378938 -74365539 -645074828 174874819 -166354810 -240741018 -103237623 -127782549 -461778917 174566661 -303419251 -474995971 -284735598 -89586091 -589948328 161014206 -137340571 1161667746 -640762033 -678860571 213173494 -297075726 -73952262 -1143447612 -473092097 -23854313 -585636234 754177875 -380258272 2793643 381258719 -517526116 206800527 601884685 -232148665 285281013 -464700658 -180608216 -553920622 488412439 -1463605564 578590920 -89958688 -167611752 -829631233 92896130 -152129211 364166294 7228510 -643941688 -348599833 453550422 -244370542 460138582 -571504234 -1377152480 26987651 -497627685 -712393772 243458466 424820217 -145752344 -369844948 -257573329 -931120483 -69473757 446357671 1205404 -762531572 -12608451 120977823 -888345401 94937643 1302483443 581003471 154418992 126858509 -488661556 -243957811 586175952 273745228 564569349 -27214522 -963416351 -202725334 309033117 -197004814 -181390813 124107917 -193036180 -398259704 -96783563 -271910860 795503938 -173685673 1241956476 -368138469 473685965 -1138549365 354111340 -132259339 -1385522772 121597943 787217499 248809674 -84785920 -267458162 -172012656 364673397 -414835135
-803372488 -76099440 -779266975 211637658 83812195 116832436 750901981 -75312695 473822220 -847893739 -771322935 706388616 495486025 -102102340 -440166441 -365402245 -845212626 -749900598 -327093635 417510466 -1014723795 -457559730 -170866317 -212507050 -262249979 827423091 371721354 491218880 509738257 -707068416 503476574 191953871 577092 -989510215 249754895 -82603634 -11011217 -144389027 92680841 557425817 -30191090 -536269915 97693380 -525229322 -58522895 -835033820 103354143 336023496 88226463 452013358 -436747851 -328818404 -849910477 -273077905 -265066196 253854512 116015200 -327579981 -146350566 -583020547 172257922 446551892 260844960 1268103334 145950870 -20689761 -675600501 -228704575 481366997 474522822 -516053555 -107853359 -192861377 528765081 -51549963 -201049474 105564271 388618012 96247381 140397933 -509632494 -300348098 -452641002 -315760107 1199209937 -1624382652 646136537 -395846159 989914771 -653412178 82429175 -642081004 46190103 3823990 666033622 -179365301 967222384 -9938191 213470015 -521336503 -292279332 373513822 267391188 97198237 -190564014 725842786 440992859 460450299 -55226876 691112362 111605906 232385247 311061168 392271046 283740010 -170453469 -173773669 -673657180 -406874564 651541015 586344499 646802023 70811019 213794597 456778351 47057426 112489302 -287600188 -69550159 -351805599 -108164824 -195461368 -760161030 -281484784 -12064094 -791551607 -26151353 745079435 704585802 -395218777 -323174395 -211745105 56283394 -921776869 -826815544 31754514 -517781426 469994838 -209255818 -7530666 115472636 -777308455 -1446125574 435596005 -422052980 377419563 -288488636 438449277 -595448386 -242375925 143085726 -677363156 -389620112 -729649164 -551820012 467633324 1011084464 463218235 409933963 111721595 -265924061 -192326909 -21216975 -114404776 132457147 679891602 254714637 124080803 -838449494 571630042 -371856362 -825272162 -177659132 988804759 74186260 484360616 279553757 -576930428 -414322975 691035824 994548469 179481515 -266703663 213618935 192639341 180387121 578008334 312277828 -758012627 -620753355 729749887 1163045502 199787138 -189614996 290226975 -327930921 -620050763 551662067 -213586989 823954751 1064756775 -74889334 -750345948 277471894 509455841 310855351 1348849949 649761679 94597275 -522571437 425014604 -42265260 -1061823931 -310340826 -578507837 -254542284 702123160 -59567373 295382114 233139738 1403938244 303394971 -996894797 -82675460 -574186396 -1043279746 -714543484 -396004169 1447947266 49707793 348211915 -435991566 592465453 -426481561 126051839 -14415201 -349185791 -132278956 29369407 460745434 519326808 -100611746 -1110190827 -211394381 302873158 227971986
-189375755 -739110049 -329287666 -641318440 -636061049 729797514 507977395 -43834280 286299369 738630168 -167543500 553885515 -47434034 -104814237 190982142 416942565 581562949 -1477502 504640049 -64076053 454331869 934145639 672069194 129275171 -804176533 -316379608 25408498 -167103879 -637892742 -192266409 193511928 -357342534 -495388421 22441711 132052363 575361100 -34668942 225243411 877949649 299923960 487238394 -285081169 -622041726 317540793 130267403 713707949 -28282 -1017920922 -756103851 685973083 51631811 45665835 579697270 -449360682 43231846 -403937273 20313406 315120660 -912648916 1024134338 -53761988 -81034011 -548123539 1190115042 -1517866069 133308770 -1040476799 -471799965 -341403270 -564807385 411179519 -537920159 840633314 -257930588 -62915914 698691297 -109769688 447652342 -303539070 168071245 -805273368 -362346224 923071039 778075974 529836264 546217304 -42563622 -154714427 840253904 145776999 -64963139 334638597 -924024150 224012424 1791243444 102764631 193099767 270097100 311958600 -236919692 458362803 178995097 -699497175 -433934665 -710519880 -463397729 512510397 -329389173 194591844 -70118096 74938368 -956193645 239268841 532190512 -1267511815 122730306 612437801 -161148228 -35344819 -74347428 -907104354 -828005371 14862605 397269473 -383665737 474397351 -442937394 33897534 1117259553 -706135783 -101789595 -348694711 164965113 -222464746 -318113323 -583960718 205551616 -1089218925 95660446 -198998034 490291231 -1052256029 -1083252614 -446427963 -432131183 -853922234 550657252 647431219 23242795 -588829809 338117977 -64578006 45117589 -398940148 -550413026 -579708892 -961814813 -847707841 -111965473 368524678 -756554213 -259263759 -913238459 -321072186 604155804 869860465 10715604 115856831 533010792 -3263088 820975479 -453672074 334497724 405459985 -909415000 -369477953 -292097134 639984235 -47998068 762074644 -279976347 -12448377 -665631471 300848189 -44254584 33360662 -16655966 -403644218 -835604582 847782895 -813048080 131562360 -111809956 -107885229 -107434687 -77527584 951825742 701980963 -810165771 35162305 704583956 1583130282 214678802 -162719426 -622823231 -236240534 -52049100 156726640 -642049042 -643425439 594167980 -390181309 453508872 401085593 603197480 -1273895955 -658949913 16669964 986788730 298266062 930766731 775737621 323613874 441174439 -26422319 1228823285 394024468 157205465 -902997724 560780041 390081061 -698296881 384040602 652749643 1334536521 -580375262 -929346802 50194959 18323525 1517677602 17073914 -72600847 -1106424093 -624131844 -545745678 733553378 -1114718323 -78153226 737721127 -1310881170 -607252682 -341167290 107746090 -433465821 270285768 198756073
-746231663 -97091086 402756074 542050324 -354853831 -740024081 547152192 -553216403 4032297 -35169241 32760739 1525455120 223473336 -470208912 -987219242 -407791132 251120776 18405371 -108090423 -89274409 -912224698 94645417 -959116821 -99382106 -428510630 75420873 241777508 -592324772 38146710 657102425 -77510247 566467852 -27011387 370802526 -1036670954 131392354 -506669071 -795133326 5762007 162437228 -224977097 700859634 90155730 -82852008 -1190564723 -102077113 -418945123 470787353 -37988704 35185506 -66361981 95525493 -213341182 -93334024 843531529 253664965 -413836520 -371028242 -858318764 -1129059654 -186773458 629578480 391631047 -178886176 356089413 -505105184 -162498588 510436621 276898781 344293554 -645527440 721186539 -1196769870 -476341923 -91254313 -168821703 601794605 -426977322 -901215863 260459803 -288891747 -288806428 30336394 469157175 228232604 -790717249 -713049 177750858 227668022 -422317992 -209498839 394855090 161699393 332858310 281114209 544179142 -32066331 -652278182 1009047828 -92613457 508803175 -1008860427 -452617911 -1147889335 326222286 1166532295 -121678255 -183237685 1353867250 -609427589 512156391 -45481109 -789249705 -386205296 -389262743 -674357335 658258790 -440107520 -451719117 -767607597 -451600051 -367435980 -144244412 -1005196081 1023312457 -209128234 359566750 -85599183 -68493836 -848730119 -1432205942 558965767 -39675878 739430937 -182900501 -359906664 -740392548 -1064569862 1141072392 572859363 -879934978 874847940 -537965512 -685520035 -404795025 440416187 -98742643 408529789 314290244 -784777533 116064103 -202573231 540834507 -58159866 293407954 110671456 725891047 -1848585407 -612124265 79506251 21464362 694295609 -423765553 -547578559 16022839 -95543330 117636362 43418919 -309587538 427748776 -928301175 1417613239 59677108 199001725 -401514940 32171308 -1086237046 -50076402 108964535 -217679847 374656358 -469051960 55041619 -365093378 -417291660 123984828 -87611060 -407947151 896386371 -639843858 -325491071 -617907659 -207591100 -191361925 110262569 -222550818 -106521680 526440701 238042291 -235620134 -1000249567 554366201 565427768 211042292 194709010 -1263220436 128968331 -157844128 281082506 -595315751 -126724407 290622633 -550799507 58539982 1012966095 891660471 -116538920 334717839 646189601 120914896 680980496 341818987 192251022 -525517041 335833655 -293405865 -183171844 -817630250 -12597997 -295424373 1086854857 -466464535 918133512 35794940 -669613692 663716686 12666626 88454626 53379253 259496036 155885908 -376080084 136023049 -216949669 341180426 -1229259625 191120567 -729287528 734659540 458238952 -736964915 -105140787 -225554906 -305951926 339361296 -10983865
450308421 -500023414 769496346 491115988 429773383 361955504 11088202 417610746 -153139402 -629477995 -293264929 -518871418 320232629 604403186 406465507 -313548448 -486148274 -617517972 153165240 -299117135 -889359652 -687909446 -525616605 649090630 687969654 272000876 -698728746 -414111378 397782222 -297909839 244025374 156047830 -541384041 -23571121 546746386 148874957 -55276055 116656308 -444101629 -150780962 -507075615 117931642 -360160513 542785906 197656992 -78979066 323988570 4135789 311289295 -197060846 -250214905 309163926 399397295 184880437 196012911 -464197145 -28632552 335364186 342766991 -142622056 -829842549 174731756 -505443073 -771433732 -117824937 -375064155 -368190672 -252396213 -281566665 -183714912 -43922825 280381170 -801023354 414988583 65045447 -209743786 -354383757 1884934 1005763390 -426852115 241518516 183508541 -402745856 931031325 1206765111 562853262 -1329058896 58702748 -245948385 -263826267 -233504361 777627600 -79083362 1307519735 -1600633161 -371005873 -33493872 -686247404 -902436266 359766247 -665205580 116708164 807656649 511574902 115299333 -227242524 -51683259 203426217 91112748 587519661 528400655 96273591 -389072744 -341923691 123426036 309266350 131449698 85108049 314391562 -794721377 153637544 -454670518 212455172 487586225 -515503265 -34743292 210330475 5939314 -1205859823 33012089 -45065228 -207850937 -908432722 73071380 -1008898944 228562475 -1028994604 621370003 -206754261 -322641739 165199422 199464956 -253597127 -506629369 1182667698 -530967153 -561062500 878429157 -435937971 116548403 -254070656 -140993001 1013311059 976818700 424404185 454106013 -1174248539 -243736813 -147993187 -862331226 631422217 381823142 621506031 -246103855 -186229331 -702247697 -1113097604 571541494 403684499 39038624 -810767690 244124779 -606426677 -6657891 838128720 -402544135 -101773450 -800760975 69163019 114988308 252960064 -454505047 429741916 337895859 -283330193 544322876 -443646791 511603916 683076677 116100012 1000506293 518567427 -966216809 -223279750 761361386 1035407070 -480869062 -446470121 -1073534650 526556614 -83346412 -682599535 1188222752 597987365 140102533 -369523409 -514190198 29687440 -160888853 205783687 -494519104 829194167 -496678831 68249826 355327952 154118447 181719897 538564900 166047177 298306910 72587941 -982325402 -442880745 555291806 -136044747 78179728 -365521838 449474828 -536581818 -250002003 969614334 1045404046 -791054935 -282390653 -764969085 385346774 -193245305 236792962 893542262 -111737912 -203908069 424595069 7864586 -286866898 492656237 220840531 529435683 459191653 -65140145 -43978814 12032523 -314115385 494396089 -464057925 -349189727 -226252924
536587598 -252574454 -992318106 493111645 416163797 275250064 1285341937 42325197 -93502790 -565466258 1469515 -168055788 68737380 1114491335 1189498322 -368833029 -393610621 -66855261 -761602941 145516958 -788831701 -474785429 311642131 -82084987 1051749989 -56450665 154725651 -231549745 473152259 -372175695 -253195840 -1337721489 699724393 -479586618 -285014468 -325219372 429246434 393556860 -336520657 169186562 517598020 -263235487 126043409 350552522 -37512873 -405402680 -559480675 338994152 -396082485 282265576 -542533464 -89703808 -601407557 200119083 1332943373 30477117 31278873 -631857863 218722750 -620357894 -186741851 359179830 90613432 -96439862 -66754866 -569845203 -631488735 590067460 805326444 102951548 302312132 338091753 36946428 -831876968 433430145 -632295054 -619715034 702522390 563402177 -1091481340 980678579 -818123343 -567621010 930835851 272583808 317326908 -751669692 40169393 122838645 -459471389 -36648424 264880280 -102092955 -392392446 105567100 -140946069 307133413 567815302 -7695285 -201182786 363892477 90792950 -185484037 -366825742 677917595 132170549 249353958 -243900908 -639005081 57024034 514764523 582164743 129650863 621395618 293619633 506744507 -237438092 291483417 207093676 -1450895304 444911876 -71186534 367936495 -318153322 -355893216 -603159545 588126614 1118735712 398429457 -95828860 -390037660 890164962 236566137 113860944 935600044 -80102966 500117840 -115249834 -1369909542 415011032 76795010 545107115 107623028 286553692 -309624206 -470548070 -592089679 -352162316 393478444 -7928775 15799780 -524765652 309933759 -338492579 -939123054 -457127683 559626887 437492793 -31313306 -229579451 539327312 -1064713206 -984685700 1470252381 -216272455 -392828301 -174694057 345114218 -612745515 -553262310 380923237 -560092863 467748618 -19564948 246261439 185920084 70501207 -661042128 -575137869 338491501 -193834944 56838695 -183273242 -173002089 327471454 385077289 548878984 -111402823 550366260 1678284794 835329391 97520965 270825375 52012602 514620294 509655706 -106672324 492351103 2944741 617018712 -226741778 -541711468 -47970643 1042990067 508543331 246936806 960933230 15431199 -208333361 -165600343 -136309691 367462662 -30825055 -731675605 -246086721 -661643763 -643737662 494082573 298003156 739785175 16908101 -5810931 -689552597 -154538038 343016754 166210671 436016321 -556241985 -592793649 240427658 237777877 55374634 -535721406 536971858 -1064333406 293305955 588073041 144940517 -1032016534 925041579 -56406485 -842126488 231361172 135489313 -336640771 -431992076 960759231 -992124983 579330698 47770257 372780425 -598923171 107412758 1025235595 -1011224190 -785388144
-110804920 97929325 38998246 -572177574 134977065 240231003 -564136892 310973322 -552820999 -850401182 491053723 822489052 782482320 -971575283 654147824 18281830 388476993 -374725523 -704549489 283152866 -1099866324 -1082674393 390207313 304622161 541096771 -644571605 -201721624 -57257302 642820803 -154468717 957766018 -209931216 861437459 -270639897 212334256 -553363169 64844174 -354368278 26277770 -718132824 185325670 -589218993 525236040 364713298 -50902543 -250639432 -350690254 -1670517751 -84210881 -155584655 -462959842 322637550 389048419 -266218347 447598318 514472272 -430862888 676052578 267861708 310384696 -828641558 1190148941 -430457132 503051961 211854943 -98698433 -246224554 -295684161 752860660 -286918993 -430851653 1157563805 690482203 581968027 294970262 -530992364 -162523715 120301757 805932287 -949808092 -233588937 330836276 -348706564 -77291098 1162030178 -882671898 -658585404 -122676105 -768069680 -478781002 -616068542 45944903 320107821 261690189 -30625578 -540934084 686254112 428184601 -153859723 -319934478 -532226502 8837417 787631443 68963391 580477380 -22194050 -320887615 204996141 754652586 -613763808 232273817 18741280 387889176 153792693 109999062 -64228056 3646073 406976703 303052496 -69598053 -119746690 692521193 -3442193 -253722961 488788735 -38195332 -578744425 -344534069 107743539 712469998 17075903 76684987 304781776 285941973 642639137 336113341 -444035354 -700935002 -585947833 -264405237 -779296977 -835438207 -865083290 489703325 -116684161 690600109 636643161 -682473682 335911441 67181878 91374097 -68109179 -426965632 -873895150 -870274548 614011355 -671978848 -477595308 13012154 193657861 -172988013 1005224343 -72715068 234041404 1225940864 42510074 -451566417 -274817818 -91519411 -341898639 566403821 335999893 -755053310 76694738 -106273201 -484540170 -209933468 57903180 -788885944 634946008 -50814410 63423876 839236264 -76886859 -522807514 132157556 282285962 -1019317601 51622919 657253797 -904530745 -712338855 -437784337 -118186123 -830093229 -298791158 -620688161 381968787 -286044816 -613679133 4522698 61381621 -323816189 420713250 230434419 88228144 -496115815 -172773011 -224564178 -1055643409 -608573287 651959567 -349332603 592028129 321139634 -704597642 1161094490 424101828 -232174161 -875638801 177779509 -699211598 -170436937 -345993428 995735965 216407562 382420843 597164797 -261704449 509377405 16233886 28333079 -124506879 829310778 229546836 -223495807 360065173 45253074 220825627 206335848 -500750812 -617843910 302281266 566706934 214739706 -255968188 -749877338 -265153714 1341796271 -9315467 -463545833 290654147 -826870967 579188924 -33711148 556190078
386403220 -537962917 172860602 -529292109 -469478106 -121734998 353592832 -203358330 -1381963320 619133882 -53979994 31679632 -587899744 57628214 -137063282 -683305577 1232145778 -378332543 495450321 -1163590546 692676067 -1222377702 -312865020 -43408787 339761893 -457225807 -1361092960 218485416 724214480 404499469 36941265 207153774 84711641 404075305 533492741 417691883 -32795567 327538845 305855244 628659991 668470906 279579432 -113922652 -264181063 505274516 -182907087 -74303140 470256475 824282689 -398149013 594587313 19798109 -730988976 -601541596 -441722221 339712029 1117117605 -176788161 569185721 -805889862 -975482509 -160406607 135406147 -233838434 -796843334 -362095906 829665168 -194365830 -78993976 253624792 876766761 481909113 956191659 -164215652 -366756348 -237725512 -276936071 -119970669 637607697 482726810 -172026355 154377540 -255329692 144112249 -15100512 89529309 -659448191 -589022737 -540998358 235558282 -601921602 -37321227 1021903977 -46035083 160190199 691921025 575111311 825366239 -346834057 -250317586 -7896341 368705685 -77993036 -444767578 943441297 -218495261 -320576073 64834654 647684822 -308834852 411017133 -468499519 159512700 369194108 312296100 -319141114 -551391547 142110540 -817753073 -651647063 72125567 -303210764 512919371 -269876755 96210787 779472239 283243944 145901629 760899395 1144878886 797348753 -25494857 -443188130 -692470195 -174371570 400222364 34994518 162038944 -801087098 569799431 257950979 -754599049 -682218943 -43233565 -62538897 -183519331 -246829213 -47038111 -112533518 451835387 -877625660 464118543 456999004 -232682792 433630846 217973595 -381912019 699185474 -125374246 227935957 851030982 -380993263 239135113 819226857 99080365 -771836989 -63564307 -668108176 -734605946 116537009 -118965837 -472086024 -732217307 72210753 490966063 61376382 121941417 -654663666 791745028 72907745 368536305 104720524 69320945 285440479 -509636490 -235235939 -251653369 40607544 -694175676 -905544809 -658638392 -547147853 -346887114 463125441 -13597122 686392496 627979066 -184744296 547645985 15720382 -86726583 -640484260 742925832 86126761 -143663664 -407068141 412333260 -586282910 -107933141 15537374 617977024 -688185949 -946466363 922055173 -158962345 465923236 -1007827708 -27802306 309581835 315046286 -668702570 -3012056 -78623706 -276565388 433255311 -144637104 120416045 -231920865 372370576 572013309 256813819 849587175 1128502545 628424945 611542719 -341944700 367289900 -503772057 709986797 16164377 706834990 167517470 -1145928004 -220540077 246199606 -360598521 -185813583 -566550021 -356173670 26653099 846546875 83397075 819482110 -226303215 659178723 -626360009
-609996768 -421076367 131011164 -216815925 -140779310 755031903 -212954985 -569846766 90837879 -684624527 -115997839 642467 467932528 895441701 -230404579 151734824 714469938 -225768953 -171164637 327397048 -114197958 572699546 323945376 649518155 -469444842 1795503 787730718 298595105 -750356390 -50821398 -999977839 606867323 -1323590604 -110200397 981274222 -204213267 830151109 322586599 -319822204 -99294042 -839558650 -422911135 -724460105 238449101 71829771 200316712 -82245599 -541690576 -450716135 9381092 671085586 435523714 -121812183 887356284 -578618185 907882680 19267105 -51920341 491512914 335539647 -584428271 -174074446 230335491 921328703 -814947741 -230353938 208357275 264605816 133528727 176996119 -54162553 -118878226 383668402 636111210 -216168084 170423866 23427958 -14022477 546881516 -67105763 -310243840 -657522251 744650237 -444658320 249939079 344782627 309195422 139719908 -647683949 189565970 -419932802 542977814 101347319 472188891 943111739 33733067 -279632017 649674830 820024957 136619497 258957498 -901748918 -7820182 93076616 389200617 650563278 57553397 -756201533 -172141988 -554960896 402081149 72104345 -270755566 875682829 -68670342 255876287 -625747463 -16903298 22558567 -986821849 931811023 267493572 -459480593 -560932987 -132656785 -31713258 163456733 689227919 582286138 165045162 110070431 230667805 -127521945 522307030 50016342 676386207 132436240 -440242659 210623819 236492186 505652653 -449180914 -369476141 -181975360 513683705 822884952 -784550969 821415581 -53422474 57949982 -560392234 -235220049 353961429 -649760057 745359342 -236529045 -508997225 298069115 -127624738 -232405091 86069634 30851075 310685977 -162414873 -124652068 739824208 -233612492 681414573 -518691651 454096720 -290891844 -51847292 -432720955 99243968 -491611354 1038451730 -887138471 -199520654 102065876 -998187232 -293810435 214195868 -837687663 -437125330 -748255405 -1406682681 567293574 26789399 -235262311 -373256256 -434543386 -460314762 852694094 766247572 214335014 -855646862 251307189 -314525113 510677444 212868461 192921631 399512989 -85874234 11104280 845383752 23566021 -864663518 364261011 432674145 -26922313 487315543 250686989 -166424228 368559334 -414911878 -217052317 74865701 542406264 214862825 316717685 526540521 -240053194 88896987 1023366769 506874219 383915713 141981292 -85777091 -160334106 -427492125 -406742670 -623731048 1472285844 526762237 -67419813 428959632 310586365 -362879812 789352649 919865044 -56466724 218314383 -61305800 -644465107 283860785 -575530570 296752443 643965353 -450472769 83956522 1380354838 1034439937 1685665938 108954505 514970935 -733799522
650199489 -117841277 -393563887 -507516289 564230318 -560355451 490281573 163599879 1136932457 145031354 902688666 -380859200 -33524939 552002107 -766735506 -1006589132 373988038 -980003799 -179037276 49433593 -230755166 -173378071 -429165893 -83119973 -259773442 429242204 -273979597 789723661 699170908 -279893861 -160346389 -520572076 -751366019 292036811 -964234660 -497105578 -333176290 825643867 206199327 -331123870 -133651480 -118094555 -320656254 570279364 -58514639 455519765 -469709095 116526014 64949549 -1025550099 86382295 -239727926 62762512 -234888948 -265801405 683892040 699195996 705454743 357808115 -797535956 -253567962 -238988065 101006575 93851856 -98426586 -130700155 -995707887 -613220733 -272762782 -751798427 -637695619 -401469639 189052378 -603431690 -58409996 118758596 221366091 -454251366 489965481 -1426512822 22846930 -352558850 328485335 216242023 -28548626 -414788179 -1232768448 244217917 278704872 573435066 -711324712 -574249138 742892938 44137592 402296036 561824826 427393109 531174396 509942581 -805196338 -771572357 -790476 214255524 123767348 -507182195 -682922396 1803130361 273623925 598653356 -921548435 83294757 67610965 230984500 593420847 -353830891 -469153574 15531406 -157875622 -136098203 108837445 -375098683 46661908 -141089954 -1005250530 -137935143 169563755 -453869796 126088782 -383806892 -322635963 -443487580 45771238 790299641 294288308 -357368533 -225092190 591365329 -1440482510 -599357364 -265996714 392544452 126583389 11184592 -121048579 -1049582393 -571655379 128695697 -95101095 524866932 636891766 624769032 -569321676 -42978737 563210455 -317892216 143871450 80925990 -219223170 205816576 -38275743 -481948512 -84694401 328243017 -292207302 596674067 -568588900 -304626533 -95128521 -253953445 -173680254 655044397 -432159381 110827487 286531623 64282639 202730932 -254795138 -204919017 212961170 1075480989 -30343109 870253838 -620326426 343088657 120743832 652668285 813511499 439577134 -106068396 438833147 -633089321 264395692 189598847 -400153256 135908208 96332302 495513396 339986650 1117042199 599576583 339878076 278436082 -269485562 -73272118 -73926910 140832053 -389653336 -312665254 -111074860 -26435703 259039878 467889637 423610556 30466816 -543280345 -217716629 -264250769 -305779301 463983569 -362029065 -809006875 -341542486 -576404342 -118934518 1241416883 -587157872 849339212 936437608 -194318100 665990481 -352124108 336286403 164805258 725497903 -32738203 593848304 -238156834 -977028519 -662339541 136880603 -314623693 1461483563 -233055413 436844662 237029225 -128057326 573750546 -325381439 192057722 -984828110 -3599399 -536626683 422472146 566020212 -830474657 -1116397778
-409715495 -1172044192 106424310 -980823038 -106091438 172416332 454787148 476817600 112986228 -401137932 293540324 -35435549 -102385276 249110949 604041526 202561929 -890132938 132547352 865960296 -184460854 1135440482 -382912044 -28236653 135114836 -300184697 -201980033 483247163 -194065777 753253329 -91327077 1186400464 -1631017668 661908678 -903013933 798861342 -510659278 -299227243 -131496018 50329585 233869982 656805134 -463962841 96075020 491879660 390530492 38534738 335922963 -990572894 356603929 -470937573 -680141977 -220843582 45605257 1175673995 -963609679 437041742 -306217656 101406420 720550455 -67206909 -572138615 48560565 -294665035 565988265 -503584740 508239553 -248305662 -218134368 101792435 -393173039 1117441041 -63707224 -874252961 -677784424 -532736830 -1700029598 118318660 204797359 255720804 -716739531 1051340945 -323200489 -1061155573 -80197288 -185822750 378607241 -415801139 521156972 -17773082 -247399710 412506886 320651622 -319727622 762579689 -310113252 765458825 378966354 -172634365 631662967 -691970735 -302595669 1097131322 -32047664 2239404296 899461673 -1098920544 144504315 -137143431 765518438 -714462350 -192662738 148912401 383130673 -906598620 971968368 423461038 -495749581 712602260 1067957888 -84139267 -130372116 1193809778 995717928 710078662 855114250 150390972 117188167 -558763268 439650193 1448863644 -674285755 -123433118 452817081 286527261 804745974 582918343 742098784 -54819041 10894423 559507617 -67821304 -1069612705 392043599 19848236 -885191968 -16733355 -82376023 57084054 273106365 253003022 204595525 -239684150 -293599043 -519769578 -1330049694 -1024365102 -279114263 635062195 179440781 455148246 -778868282 -256049344 -249763405 474954864 424271262 1016179934 -387680366 304707706 -223978930 -1617538874 658687774 1383089698 772003952 466270250 96405823 248855884 -51173710 -516647051 482584063 109575195 285070036 -298070841 108312085 -108465194 -173170609 -442798071 -945060 533991871 -465001760 -225766527 343371043 -651271580 13169651 -215712383 -392444803 -959444732 207278910 -605498441 156958684 9840148 -10531043 -28277922 -496299402 -595690700 -226870910 43852070 895727814 66103445 -432008151 -943656977 901259721 897732074 -134481551 151066148 81410511 786679015 -170849159 761928089 -242491508 109198532 -738453217 476654640 -226578367 744068756 893612833 -1098778854 -669582854 658500821 959081396 554602769 124463740 319749894 737711304 1325351364 -124283122 465187842 -424864556 186186614 -456447707 -711645965 -387880239 610461933 -742136974 818200204 318953831 258698839 387780229 -471254863 718723433 -726266588 264098823 47844667 654089980 341785931 607469881 814484112
236944322 186344717 -539457717 299049174 352072799 209546820 845870901 213331612 -648994223 -111713608 499611625 58678821 830567583 -226934295 -19257412 336827529 -410581548 -81304467 -88000905 386410692 65472698 534108878 511545656 48320101 -72432254 474308069 54049095 354380786 -209866239 -580913167 -374676982 314620993 658378926 201753253 1717406021 -194828399 352652501 -788988425 761570183 404054764 890388255 -366854198 -2202688 541165647 -69851462 -358782110 21716839 -493236820 424457412 -278276974 20473033 301374523 379208077 -619791694 668126061 -290900577 -407572854 156084477 -64032868 432935222 546678788 -622960985 393871072 356263937 -1572720875 -457114440 866254947 -34581724 459375735 100537276 98035250 -276203224 -381117374 -818639903 805213970 1063591327 768834788 -380964503 423926660 -288588329 -958098821 -241862213 -99650703 612844165 385328915 -697752324 471262036 -436164696 -87285224 -684493484 205973998 -498409292 -971138226 987550851 957086492 695666308 -316334470 445607878 269345100 -183480682 433237311 -49459155 328188990 4390032 618168890 -187982505 -597017218 -1381178018 409911412 374086985 -266338833 -304556441 -259418649 514456631 -1086503584 107453058 -893900650 -868220717 107271522 301756401 546665854 404816472 -665442696 -395945276 -1372003472 709462498 -130782996 659511820 309792583 -1074649452 -318139954 306512094 -734354496 1062153853 -283995222 -117588665 -242561504 -460525622 -792548601 152215468 1114252540 95026728 -302427322 -511558164 -546294624 -592089468 -276831623 -1276682045 996281996 -554727437 319340617 336377886 319230883 -576482404 71654809 178285652 182360859 -226910224 1255025331 1006646860 -286703867 449105114 -1233851525 -109109426 311495628 -382973129 742316426 741218867 -240701933 -2730617 234152352 -507054235 411015554 -329001667 363739147 283852466 318426305 14664023 -324658564 471666908 391367260 19900572 171646412 -311179470 55047587 -681534006 -169297905 -559783828 215550514 89288965 157284131 137353682 1010747729 386400160 -659998095 -326640288 -123815840 -112829069 -1173806314 608959979 -924812156 410453077 -782128396 501034169 407363818 257366418 -415670989 -799946791 -299937648 -889527189 -786615466 52275428 221527320 236580186 -73808083 -10954406 -90427561 -685959540 -141837009 43492581 -414479507 -541723464 -53031203 -1005654577 755895330 320411578 -936765556 -383570916 -253866631 144879676 -359087852 -187591289 -401375653 489204527 -532308876 575001170 -121831585 -391921387 231528825 38001483 -972792237 -751710219 -404706694 -508675482 280032637 -524571320 436365009 -219786908 1077606893 -623638930 306414520 -829195684 -70588574 533737170 149290165 -977573655
71416177 480718717 -1441961552 -64713581 235243456 -742293352 -676296419 734399785 -1007469086 639373756 -251618107 235389512 -1220733308 180701290 554959752 66846876 -194646804 -644496876 454214254 -518111589 46534061 355716985 127271735 -916762941 -91468011 281019775 -486941971 -250795830 -617657088 -156912022 -433969423 828450117 -46253114 -170740228 -881497992 210324995 509424032 52799743 12991394 64259660 448116296 516652506 284697296 470026630 215839177 -551033279 96252202 197324563 -16695981 275066208 426835830 -377445271 -37337417 689272723 654753309 -169900251 289985063 -406054044 -250859361 -432719929 -119295056 93504726 -1151570850 109777093 -1113602359 -490926338 -282167915 -394450396 320497722 -544480576 232300370 -610663640 456416348 -28524240 -432539355 -270450265 -54412470 113701492 701510926 241664870 640499016 -38814577 860854799 -773657224 515080957 394779944 428010281 620287463 330245858 1134804990 932071138 -212518603 -716769080 -253686556 639473329 429358057 335381207 379368104 -344380904 -121401349 617366502 -278288324 -324709767 -828384371 -65084773 -194568876 129108224 123420592 -310823990 377711477 -220883158 -225386740 172354449 35432743 -245269123 511782241 -109533069 764284318 -427592929 56945141 126439400 -616130981 598765473 350422459 518754432 806840328 -593931345 286853767 628577514 433228807 -164040221 297423866 -627237448 451315744 -235138587 -300201943 1147946791 -510512965 -910827917 -850150501 499674172 -159866675 -258720736 1001968940 -45723328 263375823 771932899 63460027 -941809839 189176973 -183266166 186212032 -930941515 -722630104 -274802962 -650658432 257035937 74164041 802390626 -702042373 752498360 163974652 -194787259 427276058 708788862 91133197 30118010 -190145250 -118953954 -306988824 -1279945951 -774691677 1165061566 164617269 373619802 163901545 173068284 365448432 -97531860 -296898414 497323238 -385339459 276409262 -237685884 179115274 993460517 -1112804606 49134809 -881301598 379246394 411804216 489692816 -253522545 -636437014 1581666952 134352318 1127691203 488539208 -420275246 159890681 94795347 331844663 -689324040 -422570355 45257225 157688802 -20826264 397837071 295848100 -182620072 735294036 341356104 385887954 -471895101 380849632 -393726631 -154961643 368448465 127323407 213512418 -312817719 -28828040 -1048199675 -58171315 436638737 1218281508 -581670563 24407063 -575258051 -779603178 -254466122 -536239630 -329604222 -1041283544 570036977 -25850015 -307181009 -148928382 -409223447 -478586653 882633901 35976573 360946138 79220256 -20069297 623815875 -274795593 951911486 -659183921 -358816641 53874196 89714144 -828292720 -256642422 -635369861 -673905130
-139981609 -405366469 -338324599 -447847820 -756156574 -529438429 932164194 -73814140 410447892 20479590 -369930958 68974373 -1099171592 328122948 -638989903 323173331 546864362 222428334 288667120 -488625881 560147826 670652713 -417085309 736606440 301650832 -398576915 973129722 434302883 -735273578 438196172 -368561532 -1073428524 220699292 535337884 18125932 -225068388 -476693566 1109063308 358323280 -573386604 652722200 335314069 11356791 564355766 192616518 1085445004 634968643 848823647 -43460482 -233007732 -196757664 -152236074 -215256278 438831141 613031620 -529015522 195322738 276315929 949803406 185442314 -228606067 67399795 -107837282 -966076804 -808066123 618667807 -91387997 75271487 -834133414 60710720 -343874997 -506805079 -947885355 -159953441 413199165 -884929678 -55450610 -42864129 -38626213 96215681 1732251024 501075564 -23375828 696046077 177857574 -606915278 -119514442 44326298 -825589844 318259220 -871160659 360028418 -29758222 -385574376 76389400 703154851 11006728 -446191842 1099628475 -596576145 625344990 1142861092 469404267 -10631116 -1023366191 -1000870827 465371092 327507582 79187268 812609687 1204861710 -537721959 19541123 458367601 -773849293 934581212 -477049519 -216718606 37480880 136870368 -476787586 20266777 -349408232 467465622 -301018798 178019576 885280268 442972308 894635359 51207699 -9323692 -275162126 190697499 104293431 -142017193 -1031018076 428592954 156927580 159481313 407210252 277889789 -90008036 -734315297 -909995549 -153411230 -133292424 -172437865 -75250920 -374022980 53825524 -724830161 1070839988 569515382 765302301 -606415308 -931822811 -393792935 778975846 -341989459 -451319796 -208382659 490893655 383029155 798082978 744115768 101433305 -258303871 281161743 1208587587 -496750677 -660133317 -354608841 485144667 -98096809 -78943932 154042149 -241360155 -302515972 486528342 -161599219 532733803 -509462836 34253180 562200452 980960900 -846214091 110590889 483638929 -51820706 565551431 -376017280 -218704888 60307353 155293295 401955125 -542771067 -100719199 57636730 -252428673 -79165472 -334434331 -234702926 323374666 141906613 189152159 -221556388 -19339032 107251706 122375972 274854117 257787184 385171630 -181084036 274462551 72623602 1349878226 -638207343 426446636 96896465 366875023 21220186 -53247932 -246517027 371409237 501801937 -793237319 -458214750 -176228274 1022983810 -613450443 -216759715 323100610 393406630 228726680 14211830 812391076 -86670011 42029205 -105141696 64928007 252172579 816757316 -366346434 138829168 -275978763 269171828 -697834997 400566719 -962457473 -207741291 474652942 -275292011 663423294 388655368 -52638620 -395382972
-1070863068 830389198 510668384 -172763729 -158094651 124800809 -362583262 949139147 350094219 554300224 -358352004 -507503350 -370616723 -725619119 196908505 -364458764 608194749 -745032625 264880691 164629696 1124541859 51385605 601669697 460504829 -218685621 -993566954 -153562444 514590090 519890215 -304461389 -300039584 -478711775 1142105598 1132397370 -162402988 -1185883120 791057919 416717261 1020449160 467788629 470737386 728070735 -349092799 -126856311 577280007 449770460 -644191641 37508997 189850653 -815377326 1504582320 380950367 -699370629 216610665 -722409622 -56077864 36491306 -404310616 -835117702 -463741282 377569625 346297911 550684036 -554270568 -409992583 824344580 -289597829 17895929 -301941288 995297971 204159267 716062283 649600507 922327395 -1712311 -522866338 1205999995 65758702 -373041398 380641854 -883259243 350720185 224994547 -365881065 762164798 11164737 18431401 -303606805 833002575 -750097826 576931517 -53183084 -1942296500 134980964 51234793 180177530 -320429220 352313888 523773653 452865809 794615824 86120647 457654735 33703823 -321258267 -733703202 -227191062 624608851 240632833 -137017277 -650561843 -242286124 -3626233 -163002065 488541189 71556479 -224673771 -137678582 611780658 309398124 -353547151 488209520 691062126 736444861 450565328 -323283573 -23516197 -263582736 696450453 228743244 -910978735 -969858732 848936440 -152085921 990940212 368617243 147749398 606459828 -737905593 693582112 -34548133 392260348 -198018341 77369223 -76240964 -259046550 -959539006 363215057 479773969 -73254819 -172017227 -694233638 -403279097 -49942995 -468055319 -931861948 -1189933468 559919159 -154087611 -43015831 618112910 -885490889 -941411472 -120234259 -268969807 -789833737 -405449268 -71398185 378230066 -866159473 312680829 -289273530 814348239 -432392826 -607143468 585033582 538920091 -152537997 394911739 -54236704 -467955649 410638408 -331667108 -111109474 641710880 -46258025 189360713 -706444495 750577591 230398338 1087627951 835016717 32885923 285844487 -955166601 785825215 1100674917 -195432161 31423543 214953424 993128278 409447052 -570907129 -216427923 -65290956 -65295163 -309052408 977145707 -603024336 242175429 602851202 -74896841 -860465974 -508957304 87271716 38347537 146337460 -390129567 502875904 1426754515 371154261 448544366 -1216854527 -50928417 -438249378 -624902773 5890512 494758568 -474174708 -927272564 -410409341 -703897938 182586658 1081022396 580702253 353495432 62025881 -365241400 -843453713 1300666936 239219010 -134776243 -311018856 -411831476 -374832575 -233846535 -782661794 189329996 626069433 -143687478 643313384 -84274019 -34583309 874925394 -352038589 -672780757
-490526880 226277694 193402179 39535093 1005933181 725603223 -210613965 421226504 93171565 -834926214 302426645 -261734167 1082369906 -67007369 -1045807225 -521294103 6283453 589785263 822075280 -382506427 918138162 -238315943 -301762008 -534599007 114204616 323725791 378626376 861861751 -339694268 162252447 326236124 -83290872 537096323 944697531 -408217380 -636022538 -210288301 -737280543 117930618 628995551 77445529 -1387269325 911223229 -193771371 225999742 120202442 1752122974 3433000 -512670046 -49334526 -262266053 775414930 283922591 -440721348 63213473 -622906548 -278846479 914547283 -929297439 899284531 60845981 244289436 739896806 442517576 401022440 -273349050 -822675177 13186820 -577299859 310854204 -395699060 58121873 298750260 -927529843 -209882448 -148883314 -1076469646 -318930408 89639757 -726893803 571358104 165873393 1056851251 170512168 -148410023 419722183 335938095 1631154540 -1620040136 -427138828 -343021333 142807911 -567577063 803572113 495143237 33294678 145611184 167845284 365565390 -1129802505 -123275235 -328205356 -329845238 815033256 1163065493 -588538357 50893512 547830273 -18800647 -36269370 -412932791 654829862 -247778170 25850129 901603590 149933659 64162161 -313926748 -583954296 976551725 328413303 -497506846 -28812077 -281232830 -228251604 -1671107074 -656233757 -612627339 -748935987 -562441365 125003984 -738331140 -932156432 -454512340 272289966 -995668495 793836905 865529895 -248968508 5597228 886144646 306566360 132666688 -541576723 -239082446 -183559158 227646780 -1336924043 106272081 -1154048554 111240365 -691500467 423785258 18622912 700337716 198446491 -106749211 -790969720 484324310 331966174 -797924008 19108220 946771471 -251191470 -41610280 1047381184 227970768 -203010350 858630255 91683774 483707843 -493826292 418156659 -761601821 1620252665 389062074 423975548 -151136029 54441733 332998016 695841813 -646769994 152207759 490752035 177871675 -980875886 1844195541 179956625 608482119 -71943506 -85767954 -136507979 696417442 -438263360 -396752666 71078344 -44578328 414780835 713937630 407167004 526331684 -426778863 -610804757 -94882066 -833781 -125469183 -1223786864 -706987011 577641327 -269929403 -315703888 -361036896 801426579 677158228 -171106424 362975488 -636549240 334297416 726280129 260400297 -296313242 592494886 1000263625 -4078636 -280387498 -584763568 91742828 177920981 304898812 21752000 -62008855 130898598 266366948 244674827 -343225456 371117839 -220497844 436063967 -1326798709 392666632 169881167 414491627 152558159 -129480919 -145621606 -114683360 -325910555 -482561035 321334723 -1226062069 131247299 -205106500 -673812918 -479418 -892403736 -12638940
-263285075 -214389990 377230153 644546233 -124219707 151511530 -473983674 3257734 47583731 243561229 -327182765 611263815 757234094 438273054 -524337804 195787718 394991849 -73732377 630912958 -392462568 -333171934 -21241242 -298303236 424763641 -741107750 -691175745 -632292947 -1072513680 -309952173 1003638106 453109102 649739674 458838762 242618442 1772666966 20444944 471574920 -617847632 239077260 -402502294 -412391861 171895999 -865099967 953106379 -805286570 648765850 178363383 880122085 761082188 427959765 663358402 418026582 -138544840 -768932881 -217941129 -39943420 -212794626 241629635 -578828414 -556083180 90235554 499612244 -375699355 23557310 812287425 726941710 286466402 -877147405 22147043 -172775414 -415572496 241915605 -434388726 -88214640 490589062 225947682 -116044434 321992374 -1305172786 476953971 -102662342 -152591947 126869315 1022015730 862929294 -762979365 -646021628 1077263620 -530600516 621993591 -223775120 930433419 -92736501 221870001 -456804891 -1233139563 464489173 -374679425 -719176549 310294389 -880952598 85412686 -438281493 168408050 -864687863 -139036726 -120915823 -1552339732 394100097 -161040509 386173866 -509237746 -881459618 -425049008 -687983622 -1402497738 78649227 -674911792 -113471264 -1409367030 -333159777 817358024 -356285588 888487879 1397909806 -659088673 -508075859 -123660102 -214901111 747251010 189628699 254126115 840902996 726806344 -225684735 453664668 -649379541 335767478 -323880932 -1004729523 512092847 -535983883 -69304258 617631800 22864131 372385713 513953718 -409411738 268780481 284234168 -510665676 -251938028 504681982 -596003037 -267875909 455845982 426111302 -1224471258 462538754 -82699244 89665812 869947780 156104231 -491050839 -526239926 -816316615 -486944170 -494396315 -47849993 -395771887 295670598 518222247 -301201091 -212943450 -353636708 -469671556 666756579 655143685 -354638733 -482204538 136725467 -279953450 527436194 -526339587 -63135764 -407158591 465162079 98963937 372199456 -252159447 -78941538 19564089 -82856916 714289775 4067629 418302114 -768114096 147171760 -807000069 -838736439 -1090323557 260864654 147855089 -436154068 10227706 -516400500 -287556094 -446874217 -126754867 23584647 -303159941 253009936 -1213276068 -586069208 -157303761 621794864 629989102 -93258122 -255153704 -146592629 1336368996 -300374568 986905524 382219788 472599323 -573368880 -308334145 -234684136 347224630 -935237092 200754089 350965536 378733659 1043067437 570545465 -51753462 142969682 -256552678 856407130 -774026956 -328668131 -226319165 -55886836 -177758478 83571911 -384906317 -440005978 150173124 285727211 222077636 -718065836 963365514 -165869527 526313652 -130195090 171937981
-183045615 193808334 -78318948 157294782 127515057 -59346211 -142128603 553957725 -164018392 806218593 122764062 236394988 -313334564 186402017 -787766718 30497275 -95018092 -233622819 156138185 116358153 615506496 871016573 -116980843 -295810014 430708580 -559142849 575510458 357448560 -135948567 368342776 581586982 -55391522 -111952343 189929752 -246274644 -156827025 -234647839 -11956834 137678609 -82969266 1348820109 276971507 158053295 688986995 -698693056 -985794720 475248858 -70983305 -652584744 202862793 -545692457 337442685 1411414614 219700263 -36491120 -6672778 708055991 83728300 -98118378 425325196 133321552 -21203729 -365091449 171266627 285416216 348986391 -415289429 -479298567 747545152 -30167803 83129413 217748360 89910435 -187204846 -784747778 -464733333 291230804 584909932 -612986659 961487453 553115679 37030622 -576039905 -167370878 130087255 -354949754 346822561 251819789 -585699586 -278199741 -803866286 -202485201 -60680552 13538809 285431558 224420317 851001426 -184680516 -180716215 -124831215 -296861850 177154110 -294791971 -446525020 -1152722448 106340933 334898612 -27436039 2535799 154359738 357811989 759400573 -60686120 -392601128 597736808 874823495 1007220866 769067091 713229954 879072029 -838855555 -574225872 426868228 1246859194 -1391724979 632708278 -105115348 418193274 223581235 469509130 -55953839 -109187039 1676211674 -381465801 667173876 -264186239 -72114094 -1117500908 -250309157 4932139 -4762958 -391777201 -230264499 -88398572 -235016509 -352210725 216027190 626229796 306268392 -621916123 -881044 1156542378 775842113 -507589555 -899259596 -287596190 385446173 -642445573 172985484 483209200 10672256 -1602261832 122941829 1171270505 -256164858 743632233 -462912293 446156529 -266112556 -414463481 -25783089 709049690 -271064187 91274116 -635039611 725611406 16277910 -492593547 -245781244 402420761 -1105546537 -265318334 722656080 -804849052 -154277918 -59563811 270193697 -971463998 -322552084 46530870 -7783508 -186852289 -738609937 78808726 -320234520 -897750935 730944100 -211305064 -120954152 -761151259 -740762537 844592402 -487764878 207111781 -198831014 455190665 15988063 200724032 483309348 -849208452 800019835 -849283944 -203888455 -405647270 722801935 664809250 -255376477 -229388400 18890329 -65648274 775759916 -424812502 173354945 -700978983 -445253210 -735101636 180036048 -193537655 -132167172 797473418 -398413507 -596235471 373464909 568126536 376477786 -81975891 -25240248 -316118786 -752844080 515107069 230951247 1030540564 168141139 -243671467 -887945171 -73845142 -70163879 -854952855 -693849063 114235049 -570850383 -22722690 143834165 -236755826 -430490974 77808361
-274721043 483730610 -192308988 -316346519 -355299401 -253980666 -324968355 385596289 -441237644 494055830 479500520 442885416 -129727932 -746685626 -323097561 318106743 -963367519 511458673 -1076245967 722937044 -740973105 368419151 402169598 144530854 -188737947 -99614163 -813700644 -1096494075 926687320 -118285008 -339716831 488000832 -150047322 -270617228 -284434373 1056858583 -221859546 -17061634 -213681007 -123651351 -1122790389 -149385672 505380255 523995250 -480183674 -326723757 -220021526 401361614 -755054831 -468922957 -74354661 150678252 481411367 208577475 234123620 -206873404 -178323632 1016310046 -367527848 -182772382 115291617 -356187003 788344885 -729004778 -410919456 366609894 329588208 334651559 106039798 5541305 -176163525 66441386 300637446 321392538 -470650137 227742509 119546365 -938500305 -627523314 112678347 -57460682 -77881492 -402703720 -655499078 -562382963 168581229 193433221 -187159771 695804560 276928178 1062055882 613062927 303875175 814410650 481153671 868469587 -776848399 264820442 -475992466 -662863225 1272942782 -385443265 254742096 -53314778 631736477 571674650 -427416124 447465784 217913600 -662111257 -39739025 -460845981 105387308 155876811 -357449955 -446711791 -296898966 469566111 1976950872 -610717806 327909025 271455869 158027464 -719399330 -514038790 688886009 204615457 -499719817 111022769 -672272549 286634484 336135204 47363675 484428583 -146760561 581444503 -831711086 -513180585 432272822 20224096 659565548 -235494780 -223800539 -851485667 368506700 -440666856 749006510 -756033827 114357000 -216296839 363845704 -149691135 -827519844 -763430421 527323577 700787829 677848767 -759485818 271794658 -724460790 -1096368478 74359626 -104699710 -409433226 -309354384 347699476 314274718 329824998 -501217881 899552742 533909172 -348846987 601749552 137897265 -283516632 43545708 -323880714 541799029 -189073794 74968359 -170514672 395434612 512844667 -49242741 1029454321 623491848 -1284305597 -568794250 -347121057 249935306 -539692717 -931993962 -413007675 579387652 543675574 -345958510 -260604244 182475021 336933180 943430934 -442712722 -313493569 214485901 -382875309 -237050251 291666969 318363962 -432415011 -506756979 -140492649 122354963 361966673 957907126 252965382 -1382014587 -915264074 -127840807 298754142 -539021485 -37204352 237269107 314733281 -810674871 -599986071 -1105914356 833284535 -519158635 -537292334 437347859 27018835 -179559946 -798977428 -200788884 -234409836 22034874 -476114485 330547873 18501700 562469040 -81479771 59419847 -820409635 993046213 -577420419 642578793 112329707 -234626083 690114697 -295828690 -318252582 276041680 234662860 -645945976 128314971 -245986263 -530267700
104588266 -1117253404 -969863294 498501641 -225821965 -578570128 838271164 256327218 -355240864 408274248 -607662854 676969678 -575732966 -811527093 458705564 -36813260 -3397474 -111615225 22557410 -118854440 257392344 -50221255 -587423649 -68895813 -338062882 -83970538 -109719935 51829689 -498461147 -536478414 -493017062 -543374056 164529814 -386589413 -526250415 -294325828 55819788 -64268775 363379224 1037472397 -24853235 -128671412 158252765 68833178 1223853 -133351162 106973582 -342133036 451243494 628622582 -1271120546 -376676006 -489858544 71027233 -411431113 -284137694 77866575 -269533057 608638900 450788162 897801771 436207540 -229663804 511496959 -1154488342 116170752 -252949910 291338756 276345480 629599297 -378675559 -578358769 -318499253 -29323318 451463116 -422333247 175247253 1099720297 -669615645 1050340535 346828747 -588169486 392865172 -273347179 -882148740 437331128 214078564 481150662 -524994070 -582395476 -781044540 -795709842 64675041 -499498800 -465736790 19038741 75227758 716355049 -216793962 503592895 819801944 -706544757 158634569 -262657412 -437441781 239314999 389627970 -353231242 772481167 765500055 958247601 -169238201 -163478980 -57728000 -74756423 778069676 -185854162 -893922330 -151985562 647410328 596364028 216703877 446575365 1442488960 -896261933 63603827 790029363 225818417 744007866 -312210439 -119242545 -476940330 -28947993 390837024 -387437520 365813448 -327650885 -575063969 -331800092 928393135 -313156701 -47715549 -354712845 -431075399 86440282 721527118 336538501 564911130 -676415891 131916308 -44055805 910597946 659633051 1309826402 447145566 176209837 -518817776 1051296165 -48169691 -44404269 872491264 341339795 -325292417 -40693869 1171665095 -254559924 -655722392 400900406 -107342681 -31180826 -523975480 1098541365 157705913 -379884105 275453259 802473472 -972495387 386164757 1110392818 -284392185 -888834219 571505503 436837803 -581936915 60244844 228069228 194420088 1193447847 950592240 219337774 -677340530 -256722978 -421018803 -393645889 728012837 419352752 398758792 -281278889 -966764591 -87853014 538144354 664633063 -11870844 -245689099 -3799058 49577040 -405175306 -274112557 -16438167 41619543 1217180690 -120883037 463901294 -111370365 -202955260 260633849 16664442 85700395 -305582917 -47303623 726654942 -54493221 -487031691 769211471 -546049008 -238937739 897846291 -651845640 -392187991 515221662 342810932 -708368496 -177326614 638251482 -761053523 29338487 568600820 1108492472 238017684 -803577661 131380730 406603326 -570231958 194919033 920319620 -262128630 -257573394 987647569 -423534805 74717788 -261631783 542977447 -116327795 -1070800917 641006967 252937131
231975931 139627939 136977346 -473255759 51058513 -737079033 463976119 47646614 261416268 54564079 26332232 -576670064 666470234 35409619 -173224832 1193674552 -94194016 162574415 -324495857 -77612387 -535322997 48559140 -273725361 1207907673 -126960892 -480733706 463876545 -174865097 382484441 -163880496 474881228 538816194 716032201 -18450839 -310016207 -386059917 55486227 128513208 -38493931 -71989100 142424393 414959239 -313809174 -470248226 968699837 374259714 477844838 -1563631269 -662518311 -183570043 455680924 -735915272 -258524813 212177922 531883731 1084322362 290856433 -187228447 -222536574 769273265 -175087634 907432848 -618332404 242941475 -772558578 87289504 -1155425578 -683185073 50066993 -195869595 375931782 -123492935 -268029211 1124757982 67212117 -279874026 188567720 870104501 1149427508 -532092730 567155712 -647494445 250600253 -405257861 -697133952 101334110 270184006 -287994755 486790189 -580363467 102994682 -729550631 -227074688 254582084 -542212602 -107449960 -21390908 -85981945 6060596 377250940 63235198 345375979 423201375 33703405 -293665901 903120887 514262188 -323951675 -87248607 -937097143 -464754817 23645824 -341800369 -808187618 -592315499 -154448740 -10910231 120466495 327897532 -69917462 370413101 219629639 -725719938 -160903599 -248182259 -1135881844 728778895 175179039 -137709189 -60078303 96240018 -20494920 208958961 909289613 -1141920285 199968877 128245602 -201956080 190509902 -664052656 -583800271 878577702 572433854 -312311931 -897160600 170279839 244455445 218082594 284384996 -211665036 994883362 -351307818 -572153485 -675844899 279144693 90862328 -103596523 83955108 464210989 369833269 239898253 63375486 195657705 -94725252 -235834076 1005191621 -279786766 96477813 358736152 -4685348 501067857 658315022 -250826489 -651006037 -379339647 511919877 -106539310 17839344 490721147 575217296 -302410264 395720974 501132911 -1182362249 770965260 1480593295 287757738 530081498 6298902 -502705835 -208549512 -72700852 -566121853 -337860749 -23245537 -371221470 794730311 -29546724 -215011352 609262574 915375034 136020021 -264781514 635801599 -738650010 487972427 314156200 -788213098 112805300 183746751 -458107021 -82917611 -230027347 -250378458 -901806592 -374151386 82813347 -461851240 -882617957 -957710126 -267232732 -270826268 545411782 -545348846 345624572 -238843122 213674262 181110763 -392980393 1143922664 -497945503 215185312 547921905 550501887 549132033 979923990 -46287815 -10642321 -669548538 -300152401 -763872795 404818534 62598842 740502967 326766859 -380346835 -889104211 648210346 657855419 -647636340 -298562427 -269635898 -438149587 385962064 902589664 322791288
-86574006 -2139812 -554109079 608993276 -813868074 787510512 216860341 108660432 282243701 -125378338 407456000 958912342 -413192666 -41789383 243068959 321272582 -481216596 -269959426 -177965850 250466245 29754926 -264036169 -295275466 -436817323 -571196713 814484590 -145663851 477177380 841586402 -371217571 533485304 206145583 -679795919 -1165607361 1056605443 445514015 467548130 299786914 -170413785 933898506 -639670922 -283129629 1238860074 -4680274 -785135118 -1222992365 -596023856 281682734 220691685 128691239 -62248533 -1359834634 -191502220 508295117 -1057907306 -171250999 208368946 121024426 -891966223 -264185973 147335581 -622338411 683479536 621808079 -23863926 -363025048 102543574 1183533708 -978689382 457560140 -773611636 -1162940001 -210110165 -322308826 96514738 263517889 -1163346275 -830174649 803078168 -56398896 324077809 -655989486 -942811057 -339335585 144114642 599125910 -397830655 588847020 683869770 -406401266 289179369 -176753995 712550564 380638294 -95694453 -160763098 -320856203 -914543888 -857494146 -170276283 -125803920 481544923 991640 276130788 494662501 -619344337 -222076408 130156133 600035998 -201623228 11769010 -713260689 323807296 1249346295 378497192 -675163405 -1234441623 -407332279 -142339607 -283283514 719176265 568370548 349341791 -1242989278 360140850 740869140 -462665374 -1402703137 -549595067 -150048310 275980707 137435667 -536801282 454267077 243170911 212659610 428302702 427101912 919880005 596591318 186791994 -20115568 628839758 -80858904 111638612 -1220652075 156648034 -224351397 -1103819855 -248378871 -1024986925 260695750 -42395794 274081358 -505420126 574668525 318243865 247909766 -593489848 538376649 -736269084 797903987 402769357 -609342093 2341787 -323189740 -282670404 -77532326 -701782625 31489450 165055528 501901774 -44774394 -224705714 300804622 953236355 313320975 -488943935 1006187335 -394399065 338697699 -214634402 -535283386 -367600852 -1151689513 105741246 90879454 42569747 -715400691 -571090242 -1038834778 -667442264 -350287007 265898800 650570654 689305319 -69840272 -564222559 -235343971 -619583904 42234087 -459728921 1218010462 -819689406 1386748929 -108762171 585443008 -658488272 -739032892 113695990 1235993216 818630367 1089795706 1093024783 -477849128 680478636 -30984896 503808280 -388333676 -263788872 -612021183 1427795115 465012856 -36885109 248660164 -65117855 577361054 -209782830 -345642810 71670176 592600245 -8034099 -416912605 -154801004 -937893616 -131353126 -884414766 -487904400 1545079640 -1024384303 18179956 -115195623 153328272 -30616766 509694925 -462848654 826303850 274832863 117156318 7546979 1334927 314491343 -82306417 162410952 152291356 -818260238
753163583 -971322510 -541702828 412805923 183507647 -353617881 -57900638 -150853585 641216412 465655714 -232708657 -1430189574 698192301 123237810 -389407984 -99543268 302013255 -294189796 230978513 -353148685 497928405 -434102251 -161174370 -812796713 946076128 804939221 -1410235978 73872815 521163384 -31227025 506461723 -362844815 -723174473 465983170 43699493 -521901845 54226136 -490957948 -430854572 316049460 -1105693247 482712285 412684999 -89910101 -1600026035 -201631460 790095039 -2497149 -100128578 169467815 147136929 430444 518702947 555808840 39319621 50674929 87186475 -452347815 83776648 387844852 898198408 311650884 523374631 69959547 363244505 -32253104 -974245969 434734162 -56476210 471295217 -380185290 595884394 754969695 -101241828 -408615257 396792949 43862750 697936041 314933937 371435918 361922935 -198116239 -281327761 -265949776 -332616120 -205094990 236647499 784706202 -334291300 966426841 -972325489 -131057115 -401467165 201629572 -4449973 844389283 66550644 -769400455 -183523483 -106999279 -229976635 -551906341 -53260078 588827085 -617570537 643194513 406317001 351809784 612259750 2342217 -348306916 -201501877 -560621932 1034548492 221739001 84069698 -680753246 233856190 -389875133 123708330 77800010 -108230881 746407604 308480290 616472023 -262012965 239782763 -61959280 647718650 -41603506 18803474 -443095175 -146191039 -147687799 110028210 -1001199567 -670521484 361770178 -481593189 7642783 896333024 300135574 772013789 -357672720 52760763 -334993525 67737915 -73861031 -749558363 784654236 10536579 -82717245 165994619 451016201 8336195 683354684 -193524754 -489755162 -174732637 -35413681 956446335 -61610919 65675683 -104614928 581284517 -436500869 -263729006 -322326784 542800497 467001152 -20390605 -142790921 -316603649 239865985 736591958 191480177 -345014981 6540275 14752614 207153130 -902785880 -479465608 -287580826 -204655715 -652137181 -347092982 -308484022 -601989827 80240974 78082346 -81945751 -180312945 256512499 -646128141 208155567 1165627115 -38495146 -1065787317 655723694 56205149 631311306 321716969 182241538 -356230446 -32418708 -657021152 -397805448 -1178050936 -440646682 692591984 611170523 194585064 584456963 -23578174 -415473232 1315753833 64299929 -340461626 356426179 347826948 47558303 -59279788 309117217 361078157 940768767 9906095 -144666867 -112095082 -138764773 -1114464 -14835259 958051053 -173777156 449685218 -824593269 -13593130 226184672 -219163178 763787593 92991321 738654996 -24745809 -191599166 296692421 475614684 357680017 618908922 222187818 -23180456 -243035531 177096100 -280740027 -154848206 38528744 400258747 290161969
-259559684 7984596 1134862319 -316144163 -252292729 -874921428 541720221 -90550694 -98288841 -1506011589 -166427054 -941193245 -404669733 512804046 692188738 465495857 -300603559 -619991020 227219824 -946361690 -1059146943 -120314126 -359193817 544494490 504073246 -88931134 -1055472009 397917291 119149457 -528570 752295430 1130815998 -629672765 35534060 1553144225 146460468 -1061864347 -68440748 34969167 374736331 -345517580 -273920915 -753790905 -175881036 12026628 -834553352 295010684 250671387 487872112 436919459 -82933100 -224785949 1147748649 -92301088 417449673 -223991935 404750060 -100042023 514068838 1308978666 39978431 246582478 -621276082 -755243349 -84042156 -347559537 -168983364 -407335360 221419609 -289666145 -30737138 129082513 384217640 743511965 -338563762 129378907 377968108 730389847 563618306 312079535 -200671028 508914352 -121805127 1275226151 498496141 -683871124 -839935365 372858001 -334936020 -33654930 -659415260 503542079 -92447078 77992429 74918083 -187799566 -223087505 766827348 -793773421 1592190711 48241600 -256830806 408614899 -700274090 -16073247 381845062 -567827287 -414981825 168587642 1214070993 607301377 371150103 772256945 -384897286 468301355 28200643 614938181 -562595773 -659722375 575828854 -33230652 627243405 308498409 607783610 643632053 -625316580 328300874 -233463840 -747706912 -200203151 137798337 339125912 -477254454 -566307783 383722470 305078212 -60360938 47273208 -427319321 224793736 -205402795 504504185 -82761933 243939386 443399972 904774086 618579356 -248773237 -860385466 952123084 723599575 720390792 -176167843 725911859 -508454070 261920696 -757442785 -559760794 101896176 423399075 566281780 852639764 542951744 546172737 340177937 -482879600 -903828161 684905488 107473746 -303759754 -698162719 352458437 -348536091 -88870216 218365379 -1173854206 -44153293 -143669409 199926182 -322692073 -12795558 592364652 857861430 -645252652 269970218 -297306761 505765848 -8126821 208192778 432998799 1133929246 219169656 -107913319 123521212 -994518072 379746038 208867659 134829316 -439835579 42128055 189783643 1251307467 -444942042 883155505 -765815748 387854383 -844111829 461987209 -58892077 459896249 -195172744 -486674615 -828882191 -780972443 274875769 438686767 -114387350 -776568900 -867115381 -380677524 736090192 -601860904 224476002 344528140 142435480 164257372 675379975 753304586 1243951838 36332126 1064166838 763157288 -143149327 -300918143 -210376075 -156811606 164249263 1425617958 152064396 -454296711 -727894010 180428272 1087088070 -107739798 119762512 -559295010 -606685335 -366877519 238238587 -286162018 -1173953711 -49013574 72217729 -551512513 787615872 253810384
503615550 368734601 -1071376852 -57953896 -39534304 -632539600 -44899229 866977523 -143102243 215802513 -8092650 -21374901 563433595 -317869281 -445137140 231385332 196000867 402877597 908406159 563378192 -301417929 -810730080 -180946023 301432468 614431516 93007830 20269344 788904763 -568080343 470431821 83731218 -86785867 73054063 -89811733 -1146868036 -413840423 404501691 -200302105 -1086155675 602267322 -454377258 -124576918 -257807863 264454220 -247435824 -112834798 310729441 -943267584 786955909 9023499 -299149434 -331481609 825524583 730936617 -609974747 -463498290 -484401293 762006793 -160899712 594649840 -479336954 317785997 -1485242838 103478029 -345534714 -666730925 -170264840 326595692 341814355 -463510045 -264811119 73047124 -119864256 797973566 -185854047 -935494619 478043375 459314619 -125305863 -112522660 460180490 -1056186734 -229095822 -13117403 147124385 143634388 402232484 187242137 585419832 388848098 -535802862 -360402896 493833605 587495378 -148947600 -379545277 -35431623 -1081843268 -260901805 302283803 849546934 255967060 512756274 112887761 483058933 145094788 -701732052 83080653 -17280536 -23893757 379214656 -608158673 1246284126 -915409126 682537920 -493937969 -1079000060 -95920298 482961163 220335105 -80418890 159040475 263876980 20137968 71166498 -689496827 214055337 -832193340 -435192784 356991352 -705454198 276705588 527061433 634710595 -279649270 -47983753 -791144325 -595769333 -287242281 -713603103 529114163 272019825 23569689 -223625348 2394983 -958858946 172546981 1117830190 -142122100 -1167743293 -503316281 -538395613 295422169 313921762 -394631630 -466737071 -804830149 -206072098 178674350 -467624117 159791476 -342541271 75892248 -754089965 703304379 646144076 -333820402 1458436354 940307839 1285013330 449732338 -292988140 -643834878 64844031 240627507 705171286 235091285 -976213478 -338645760 164259252 815719748 -162454155 -282862396 -288717486 -599152654 169482182 403423173 -233814142 504316153 -369711021 136782511 453860745 -431386864 -185529235 -437360550 -515929071 -207895562 -481890006 -532564948 694177144 92505541 526922309 -627291398 609872995 992891525 658901996 -299320730 -659908590 -428448516 -74665578 896399934 -454980502 -181737939 913725399 418128056 -194801837 568549781 654121736 -490551842 -15390938 949354348 326291790 697481930 318114475 -307975618 -1018153778 -141084599 -1439545943 -148322816 -18673912 1023042728 -637514084 -6127865 -151083607 -337958228 -343352287 567373680 227633243 -708371366 585216688 258407978 95193864 742510142 98522434 -589109029 -341404172 -214700488 -676611827 672389522 768353821 -365215693 -576699360 -947870150 -119865843 319583189 728229650
298880071 -528648051 529721715 -1245684718 -786949517 -569738306 920083540 -286336638 -278566967 -897623208 62715225 59384531 541219009 -92681273 -650895217 791196616 -295633648 -501035231 438306554 -1063892170 179947509 -258569951 -1160123511 420517678 -273237972 1768903236 -140010517 561074573 -152314872 -123814724 -192275086 -157021833 -444839469 -1124071315 370849044 303226607 -414151211 -496729276 259918511 455651948 -1150263068 -425476059 1068239065 6970928 -706564608 -539154119 398931072 671057787 -438110941 339687261 -983309574 160159022 684691643 354332262 57191497 -182339867 -125766350 -16809460 -150847952 -205123893 1245012882 93846777 315879648 -508702826 -338912662 -161575859 491464830 842608906 -730688336 -35208934 9499264 -296692001 -204163316 -352726097 108299090 39588122 -244702916 671886707 -158274887 4224270 1139841318 -552496272 -194056116 -22519968 -529524726 296344707 -472513540 581629109 -272561758 -223755659 81357489 199017599 20024177 636122035 708928483 -651420167 -777521280 158585686 205905396 -575920975 127671288 -219426366 -223649434 735318195 824697316 -474722330 1120020266 -6511973 1099496217 -490964029 -322536116 28907331 429404324 529781951 -242871791 699896134 -187921832 235588462 558683963 115458388 708074345 420171914 -804843525 -204122414 103023448 -304417530 -389452193 -325745433 269207251 -86398811 71613903 -280733044 -537300374 -313638027 -418887908 -138780741 227296074 482337211 -139588083 -533488814 231441562 187471755 -686872393 451936234 -290924070 -667572979 653798287 88377577 -1375634707 157630977 -514738613 1315088395 -624113673 -26180975 386135058 -387392425 464560047 52400786 64662775 -129910794 723364429 161414522 -517630658 -161412683 -1254435720 -236591273 -130686012 -264332517 -716861427 -333290494 258555269 158830230 728370588 -469017465 -99129252 -543662445 -627618477 189060752 11762192 404440836 -314334341 -340842019 497328850 -711815906 317161368 -71848600 -572203419 293903111 -770217110 240351024 90355556 -1171853675 110480982 422886939 -185485409 -354008460 599575992 55718925 383800635 297940333 746142315 -202757958 45719244 36566503 -194632817 1195502210 -816876746 -973678265 607496809 355972622 -152228036 -362000576 -148891824 -482180434 -1005901727 -168980108 170451809 -36044526 13369637 -1261003184 402388269 -654151261 183552167 272191607 -379936223 -1111939177 -976451577 -210683691 811496354 -334488488 1295777480 -405108696 -632232184 9802095 -539030620 155923038 75590740 884376539 834711368 -564019163 -269305166 117401849 456453838 -377170987 54987335 384940800 -175095747 -453288134 157833397 318277727 -156278528 356376531 -870681975 -834568363 -207206715 -156934135
719506139 -621828037 155419829 -737305656 203634144 -163168606 -647721391 -624197350 -916814222 109353351 44551577 245930851 724959269 -639565126 -114747286 -28963056 286554959 -40456416 -622210687 -38478656 -508717788 -60034950 147410262 1057088299 -6502204 -268773395 215174239 791901519 -212245265 -365930984 -503802295 -336568164 430217276 9037865 -393296481 -616789268 326470338 -463206784 794028449 339861661 317968929 164936065 -89438037 -601342662 459816051 -15776383 155505691 -19919850 -645153422 -993182199 -244093205 -35433301 -232436785 -102807239 -539260705 1187636683 153320950 -212021969 199412540 -1021778246 368365424 -591031012 854087209 151989388 -369280337 -654544052 610379270 570093954 -369079449 420709939 98979367 246900687 899550035 903961698 -222885667 342668479 854065751 91290764 -139558240 -115252498 243579799 -565419631 -75787707 882701368 -203817594 -1483255820 205626543 -801135707 736787940 -200532965 -485287552 266168185 358661084 -407550428 -74190736 712631136 751293672 1014688340 988179889 -1542676003 522522146 706147070 -722512287 -354663274 -234867070 273617754 946928624 -378616520 438537104 -493444090 94971496 45768311 512021083 -9742601 -4742702 -371881260 269273162 -261015890 -52611532 609464687 65708063 296230101 337957212 -383481161 378472773 176226165 654266875 340337124 646925349 -197909524 -521696187 487388314 530412422 331509146 246044915 1389059130 -149447361 -184367382 -393103637 932127654 -110836070 -514403010 -246100485 -182156896 2880515 913171900 -799030181 -567069679 -469254248 -956111408 -1155124435 411238390 -246019267 -461856019 33692042 -706065851 40670926 -91433414 -1888748600 -192013388 -788079119 543710219 -1018376357 -216018163 -552778117 -1039965749 245224694 194198242 863187820 -221924532 -272447546 -239607916 1500931004 -584401417 593833049 -332371537 -383981995 604572351 614083016 353650319 -332971578 551503580 6129228 -547917593 -870704158 -36113454 -1205458329 238938878 -75274131 686280305 -491817592 19916363 -402172785 -233266604 -931407793 307073928 6898273 32504650 336647011 157241449 456967884 -90996298 132247448 450452882 704811675 -190630211 301370781 62771242 -238283864 -565204282 57962537 843209558 125780117 144882473 -263025390 -891905171 488110253 -226312969 -8392539 1649552 -1098008434 -146347950 -357973218 -1027646510 806036374 190728676 269473582 148260441 -593857163 -830539187 -606298258 -954061220 457145782 -544932429 227428169 -398296815 -388412376 -944328217 196514896 341450878 17263694 -16711026 -607579793 -61954501 -640289697 -145059708 348565000 310814617 1565679125 -258590489 -61308619 259584294 110617146 -157460016 39783110 638976906
75257105 -558488913 -965811974 -373279744 -42504207 -165114828 -136062535 -274710114 -561986652 -80782660 -444750989 -247856647 -897101459 -938430639 88163562 -641580844 196285694 -549788233 -476057874 377189914 -369471639 -311104768 264595276 -1562430573 -297514637 -68549095 -929829580 824067794 443629948 282730342 -738377762 -751214449 -487476047 -521957434 -188334285 -552719609 318230888 402499136 418836247 1002651184 1221471179 -562703549 444970426 -465432026 31196448 329929689 100075914 60728380 150222867 234666967 -113343410 -844903544 -449341054 -206320226 -276443099 -1062431559 380394508 -10484763 -361254131 -1097709704 -1237636165 -310109803 -174967297 -111914020 -16580965 -261785881 230917514 -314326127 -470801736 -181411092 -383920487 -994007270 -528402498 513082379 515648934 -208970567 -349245743 -181015901 1140166369 -933871694 -105349684 -298159611 -232641711 396675810 571069886 -129226368 474112810 -725339426 624339648 375756889 -60051430 120038960 -20136898 72401871 329048139 253316676 56580285 471311006 -639391798 -163238605 -197137375 67075380 478473950 759863544 427056614 -658168484 -228418460 1005572699 -383131525 470324957 36272672 -298826169 219194996 79526353 -511604587 461778326 -95805552 -82400352 -1091347639 631893727 320741656 393633743 715108671 110522737 570823141 -181251514 608940240 -30588214 426980733 715330784 -64915069 394513744 377212252 -246428637 219147929 -1296657296 766292444 -385227837 129049882 -165893641 -187241647 289378087 725491612 126439358 -537146282 -334432269 543088493 -516636802 -1033382528 22146529 765515281 171505041 -8215524 367620088 671519236 -90991651 763013713 634003696 -556390161 795864168 535716044 237463641 -114096879 358768835 -120860123 -83406699 278979938 -733266691 -431485492 -729465268 -493029836 249527245 244075118 387667505 658986012 -106875771 -47040088 -526758032 100935756 139435921 484089140 226238100 -461017220 875166909 60431553 -1165260615 479038461 -94810330 -401132004 -494520951 343024974 496058130 -517338189 433376001 -82507841 -579239103 -163579760 461479996 -820097813 -398682107 -397854374 154007456 -295978147 320063683 -477895610 -447835126 55859273 249842553 141530113 -335512237 933649075 -675258547 1197838320 -204643758 -96635611 -128808486 -168238633 677039065 -682768300 -662365390 355070877 -908710112 -216763310 131594157 138363365 449311483 -262267355 340731402 214101672 527825603 196232344 443130300 254734159 -23049483 546155216 -1116678283 -492709256 -106060031 -855936771 297167834 638275152 85072197 -1180260993 -281618148 280081505 216682252 143819927 -883116229 -124508523 -59102116 -13048849 -676467960 793052708 -479493919 -644415299 -308749791
74029990 -3209596 652299875 -301206057 214988641 -232228382 -391006137 205320799 427126225 -364039304 689085697 259624934 -119568798 851395325 -372404728 664790327 113334401 279689558 329251806 535237929 364019748 129268938 50017252 255552976 -255644268 112620869 -9043893 -388583464 -443800975 294040815 915530506 948788015 250871546 994825459 343040716 402011184 -932513281 637135303 -789226642 -924219196 51462342 604349142 -997407920 -305863154 108705185 -663367883 55616799 -110067711 -461338348 -71721497 496188834 249802233 64310317 1852389984 978605013 579471909 301090733 -233308734 627669658 827504907 -224201725 -246905474 475281249 61526606 -14549865 -25599266 -940687898 435270735 508450138 288580359 461061658 -30996580 247670258 -1321819388 -424297668 -12551196 765529078 -610444141 -649936998 -329342301 677281046 230732354 289376343 423809950 -596607678 270338508 870930354 -409775410 388758121 680620014 688664373 -224565702 502701661 147931041 580398147 -15023988 965953431 -284128683 -245476098 296709059 -444565883 413030759 -157115249 206299212 -407419633 229506016 -41804768 -423779910 -67247205 -204483461 99101428 19071764 403300772 865168213 -699191093 739870709 183179810 139560689 542934213 28651066 313440807 616607645 514923224 -147203954 -295005745 -538663654 -258024008 398887096 282858973 727080871 -245993685 -51681978 732099746 -924802569 -224775950 948571690 125576637 -465310876 415914810 -405349736 -274639985 351283096 -339470143 -355601431 -1079189832 474389448 210989546 -641571294 -201030648 1227205534 -161761805 210025051 -899509343 -107441385 -20868515 -406506600 412117698 -220316020 31738552 -734738654 -379888863 842259009 185778034 -200073173 -83924546 468255287 161245163 268884794 302739488 -341657156 -275002836 153390707 -349301528 287915487 -682498895 -116005937 -478708526 -94287650 354612029 -124931068 -559238900 381449929 530134650 -83375461 935402984 223422520 231253075 -484410646 9468429 621699675 71667119 -483410619 -119534729 -552626584 -32958069 -840244495 13285535 641678478 -106584060 523350928 -179073052 115160967 -368185682 734819095 -502696286 125140679 351700565 622640865 -442103925 197151319 -39853453 -432113530 -409993602 -237111536 -99237652 403712875 -167842139 -30429526 79306868 -354173863 682459647 -244035936 508600172 -247258379 63864098 1100563465 259422310 3147933 391666427 -102370430 -423392337 -954364037 145056799 -680454804 473794507 -187576663 298980795 402889698 -128609832 -673232699 362589160 371196457 103917025 315990568 -236563913 -715571554 553219992 -211186148 309827707 112830472 556096758 -405242796 -452537133 845604461 785650712 135791287
968220737 192375035 -168698967 -390697024 186740433 -292948211 734019756 -727470159 369853804 -599442802 525684201 -502078010 433731362 283784763 -310776139 558207175 -590040049 -711661079 728033384 -658349560 -98298180 -327590981 -365464529 178261373 -184246199 92557810 -1120361722 -590285770 258571657 19895822 641840691 -435517350 456724005 -206799612 946899535 436772991 -581596619 -876614055 341962284 50895131 -81706081 -86832333 272596041 -364995092 497391170 377191530 136752041 -496145577 -27797734 442687863 -585106937 855543728 360224295 -1127038954 -251495258 352942791 504966224 -62460416 305661857 689085139 -756061176 29846748 217735968 691242315 21714507 383865055 35531476 571431312 -399925755 248270501 852916040 -213943019 -382657607 76112282 144131866 662351501 -940530623 170212459 743365307 206072115 1027273287 -245566353 650697923 -910249380 -375794817 -107348218 -503814667 -241201634 221565091 -296179043 -824845948 259092119 1043716744 600533176 -721377830 253493048 -107413998 -650797125 -421834077 -950658103 -424772900 57036925 -6391270 519999365 107244861 -155044371 575208869 -999628102 791550355 216832429 -1315868297 217689684 -151674634 -772197456 -472757883 529361087 -34055752 -36034518 617079835 482756742 825089715 327155900 -575529897 -476489386 517090076 -42684412 -190998678 198872367 -107734696 1116523271 94317827 385171301 -719485445 -182839825 177627614 78894515 659021829 664827242 -217507384 263426270 805837589 606495369 1268921017 -210487194 176744854 -81486831 -333291184 -252811086 429717109 133292584 -535976883 141913074 -379926601 -92731422 84934198 -1017494658 -184165860 -173155944 -120329125 339005166 -796443373 -57496408 502043979 -306635084 -492810425 -206174790 30875113 789377086 -399204898 -132955298 23370757 -65345985 -31802962 -679021856 306384830 444549276 885858745 1165794031 216252324 771983289 -94057118 -885474393 540679928 -344827273 -695251011 -588580558 -242354015 1140095063 -609476685 -966982849 -95966694 -55485265 -730896465 164365431 -367719644 17591392 127583721 -31067033 166582711 -251618232 -1506497236 259920231 -415323075 133023665 -173386953 9073008 129720162 -1044053936 -39537481 238815221 -599882283 4213865 -260584093 -155079057 -9709446 -328716659 -205455192 30817363 -118112368 -592949836 -1126092731 108502234 124622314 103987989 -417767486 -604206043 367380248 -85858768 641998482 901631142 -140993987 139965592 215233539 551323482 -531815720 -513615589 -721602209 -155286214 619985621 -1069171579 -634397927 137832201 394763661 -320334104 110727555 -292810377 649381117 291219121 237078262 -74240380 -89893572 231793879 -37442807 -15656331 -153160110 55953588
771657597 144911715 -151163946 -172095109 -591620865 -655406123 628139976 -343412113 365285030 -356714362 793407836 205473257 447554687 -138783394 -291016149 94810577 159127897 136558898 625795986 -36653227 303556967 -151039600 -352826249 429829133 318894957 967049207 100210902 530805500 345877900 -308934177 546263180 1307498 100679043 650899255 -780203008 315619935 664469248 -467529757 108776346 385166367 -693124912 632733114 -113480372 317778272 493864051 -75517017 565769930 613556335 680357406 -502486353 82271316 -908146654 -929088941 355992796 -216030203 170208041 -144581838 -779153714 204849998 -1211307419 -228684527 -557793743 -341867034 19509960 -466041841 -296087500 -582129676 -214532079 107905592 -622533768 82822991 -1348473453 -171170950 975292997 -242563184 920587656 -348484421 -174408899 -422290371 -233949765 -348028721 638066291 595288132 -562934402 -661029154 545610789 -150933438 -732495898 -634774117 36169697 228974883 238940599 1226303019 -1361563642 -181333854 -2600551 425302755 -1169652262 -436835151 85249692 -845614680 323002651 -400240804 -373975556 -547051544 113088016 136363976 404455989 -496994552 -414316292 -494897909 35044985 5066632 22105533 -22715627 -836033516 -458082921 -50164059 -140252218 -145736571 -263213234 -312066709 492130468 -460058531 620804980 -294597271 -137446293 -358438293 -391597152 180401893 -627681141 557006271 375230278 -235535628 -218081114 302898520 649799332 790114739 591621877 -565806910 -789042796 2112541 945482389 212955661 -650171323 -355274898 661632520 308065066 149988007 -43548652 -123248387 -947290045 -923055319 -658816452 270761888 51028950 -387885150 -175428851 1267399602 -793418973 1027546415 -459384013 857926393 -1223362714 -40318030 357026667 173289089 481291889 -300305027 687553125 -63526193 -213269703 -473037927 101300981 -45373082 -239495813 -93071758 -130108546 -469017605 -81558501 256685870 -584788863 -586481503 71339168 -216298134 -644266252 255066072 716698323 -1356075138 -212105014 33709000 274260197 -793550780 271847159 620301157 8584852 -404893336 -71657642 293689961 -362433423 -130851269 -53985260 46077597 -1199004625 675664892 -359314500 -704561871 316357832 83974412 -246698266 198617527 763934463 -846844803 1186542914 496049834 -1107340848 112092212 549738211 147643954 -1268059558 -644540868 1006721251 -133180664 394965313 249278295 37301469 -15192002 -602939498 945815527 718394854 274977341 420855570 -84303248 -617926892 -49702894 -408461416 703188470 -878954313 20498296 -874757749 205501238 -365802097 859029235 -752915469 1016837525 4379590 -639492010 -13238772 284242974 -238078543 285053499 426179653 -699010368 -3441278 782529393 -130369056
920134396 290916054 337172296 918545198 -418547670 630578053 671699764 -421717360 250188632 -177879438 1349017402 -245180004 -554337935 -147701627 556098898 -541972461 -467264166 197076733 -125123150 123234179 36266321 -536143405 -795865601 978681523 208577098 -567352678 926611 -355383280 250143924 -500881777 -393895848 451962661 1020589220 221340655 -118483609 -519890729 -586441329 -218659233 143250064 97588122 116826190 445423627 -418007590 -315154468 622694890 -651529139 239597352 -407493871 465649816 -298527224 1346326646 -554917177 -576253223 482016664 -432315977 1060849684 806489336 -150070896 -592053754 179503288 -59785495 190021261 -515634653 386715857 -112010584 617448787 -593390761 291999482 558182591 -451872329 67717425 -172798333 299911689 589757077 -625150500 200921205 -186609647 715130646 688524876 377009846 -270160291 -238531299 -374945276 -254768736 329872230 -84315671 -467511129 -255910365 358885794 -674866221 -283929303 -141567422 -562016713 764177710 -700179420 -534220874 133109535 106618209 -363870894 447893208 -384970179 361473581 -639108946 918345062 -360637179 131081642 116379130 49631266 -538130799 -531219341 -469977723 1420106321 -63894889 -1127549 -828791766 -24693695 -180703175 559673891 31162939 269662614 261830857 -861569020 3200180 126210276 572634360 -91460332 -453604015 451758512 -838503543 -331022920 198317038 494944415 -252414448 -521895311 1151075 -444585206 -138793604 -1255517617 310315919 -432285783 -143535194 58352098 236213576 -387041647 552741210 -423935589 -106709698 322937871 -145988453 -489422240 -283716754 550186646 655482717 776767764 -184309080 494497402 -480073147 221214797 1132499124 16068730 121776343 -377068327 1179516668 258618266 -275635189 1155876 -160842630 111762533 -728864396 329927572 522715281 202980965 281695185 -311046823 85279226 -122000870 944104059 -70645659 -83068170 733339650 -533823390 -461665802 162220576 -255802038 393554431 252869901 -89687910 -213081842 -885889074 85899195 427243573 219240613 -153102988 -293134364 307770134 861192823 -62541472 -671770109 -340348989 -171848957 485396317 218970549 344377406 166702066 -32799753 -116367002 186976519 -301587888 -1128086535 -345586719 235251862 -154349442 -702305204 -455861156 1045199021 -954199692 507248308 -344977307 1292258 872296224 154331389 838496056 14351320 95499648 -25119248 607304725 980803237 -487615482 -472809187 231422264 -386557854 -179035666 358357644 3035375 -135223525 6774514 -276733605 -354582908 419370592 657894779 -728647665 97541298 552065396 95400378 159929803 1438582768 -172175496 146120790 201437939 -175015343 63720690 -67737331 -227587705 561627002 1624386819 -478304827
1337218083 846869231 -13435761 -104263867 254663489 627445990 488977540 -892722405 -909468853 -477849614 766098827 67299012 826502806 -794756365 -379232353 757844586 423906621 95095712 998023840 20388997 305254166 472333950 8538568 241638213 -117100103 91996908 -1278742239 1048813964 318344974 -166530822 -414657358 486513423 613155887 -503784049 -634413633 585971834 868456919 -536346319 589131059 73341271 369567102 834416950 -133990882 161455613 390669588 -401939111 118506261 -60121284 -425122479 378417564 74691033 -280257425 -363584973 34608500 691689963 136213681 -544984213 -531830091 287202259 -693339411 -247012769 835769921 -24989630 752255442 -520032669 1188451543 154614850 -526914257 -998462063 -494472217 -336748136 98410575 -237030074 200096802 -1402254585 -258024954 723583855 -719298825 -132440118 712568089 -111476161 789867589 647756358 331124882 -28361782 -352403803 403296036 -4020214 846874606 -566333903 780416446 -670300153 -284428879 -249239777 -304569654 -370930294 -41663721 606978036 -181718417 -243353935 437598602 -330545265 -63454671 -848103777 -633548079 -412529241 7114011 -1024074353 -71092115 262770045 -294558996 43915881 419680217 -9716151 220574749 694048061 585902436 -868702858 451786959 974361047 63380236 -13973286 547829246 354518676 606009897 12611079 -286968875 -369079748 -61340522 26380790 -147467161 -605197664 -974919839 1468931631 -347294975 -757630243 -654267013 -373618122 714170041 -75202550 691707211 768023613 -160195183 124955776 942109009 -433678598 -1147922621 802199580 -957435462 -634424010 -32016004 412624405 -691903671 -71242035 548979346 -570140203 -271210176 -129276091 18098285 -614462182 191936908 811339496 232690700 -762426017 278212253 -755587953 67218991 776004511 351818859 -142049573 -580483350 38782012 712179958 708508956 150350693 -153040594 300015557 874822906 -308424316 1741895694 1006842239 -597963549 300803261 734848290 -819735105 -520499567 -571856400 434928279 -482968888 -766271904 -526735865 659515369 166542615 801610080 -596628280 447905759 -252854245 -569784270 -318221251 -107795546 -500513468 718609480 -340334712 456213578 419263629 -404382071 91482248 -444687396 -540160432 119745795 -178569009 -1181894717 -690698705 78697887 1491585719 6001507 -102173034 -446556537 -234128670 -158054244 -383825112 392280261 -172364172 225885790 -312884520 -174965336 109543996 521711557 -939190321 466028902 -611386369 -713053637 57062928 -852625850 -714960521 182087733 -779747513 -914256381 15364221 194047621 -770285087 299640782 -399634598 -701527736 -678723155 -646016000 222607320 162533048 863223278 -173854036 -146449956 137563370 5473935 -277906968 -857444346 168694232
-871678059 1005854060 -138968095 -432667004 -1053656525 -195529749 -153976492 705683208 -464181769 124340532 -199020352 -32010007 -478790932 29704251 -3824692 -241143282 -537589445 -755638346 166898385 -800169150 -1209174897 -191114829 285552290 277885495 1067428711 -636361591 -393713544 -87393551 -39018702 -175432237 649639673 -65562351 -90983992 459977485 -660757993 462598624 -375413875 270471951 324199119 -441628187 -404489683 55963223 575352849 -41690321 704243298 -603870376 -556472626 743592565 -126181635 264169411 291268943 76180032 739625612 490284588 -98486158 689452034 1257896016 344116334 940438187 -950451546 340024923 402485651 111526980 -482564667 62842540 509652938 -94600678 1018808565 405045592 -60671320 -74400098 -98780862 -368401105 -420485390 -66285186 -243821517 -175022735 -623121262 928491831 79921968 -194907760 731791609 -81854907 -701124529 -14094168 -360300631 -146000348 581617741 192338103 633136382 -40167685 -343085963 274534203 75027199 -230856341 -597203008 703306234 433393631 -392775888 -1102046256 -80887340 -591173776 50860088 -475906068 412263927 177158456 -141592949 26861162 -178123151 833711074 -996813530 -144216110 383663234 673109535 -193549866 -168039691 -219030742 301363772 503072201 423359229 652107960 808801861 -72664881 -95698040 -643910375 201499246 -303210925 744829873 -571677919 -20254972 348134530 576985689 -409522376 271543013 -437133629 -722622641 457797392 273169111 -632124337 1141241853 -549205793 494751169 717752787 166166657 -162910378 -125274196 208691040 -134695968 614049118 -353528088 -1013823956 383770491 -227504572 867091335 -282576776 15963312 -758802539 324265763 879661160 -36922941 158135535 478511523 242787717 1445412855 -323604983 -121170639 509423552 -538656194 -257062336 -140613078 54384035 195057842 -151727530 467718517 427388414 216803517 -288340347 -138354134 -608841638 -327857139 57549545 -98847 -24612350 -363514523 83839337 933871944 -240706783 -550336115 275484753 291215396 85543515 -623815379 -104965226 153892846 41814909 11622538 22911525 -1384621921 -197610003 -267003081 -1174662727 -1036998391 954491059 290889058 -102434573 -154168698 -571358728 736739472 18559339 357661257 838715630 -57282759 -298492275 -528847302 -204005697 -210143073 310552315 -265129567 391141356 24023728 -126623117 817374203 -459476246 -36401058 -70541822 745935016 278708008 -464377447 -713360703 -377910564 -431946305 195606921 -170441886 -1326343555 30434152 -171991365 445638219 -515835715 112827066 -291986021 -474088927 408223620 267447659 -221660602 -262303269 308308245 524527893 -40709698 69910884 -25742891 582661744 406465602 -695656873 279442128 -123726809 584167439
-600534775 364112088 57836442 -758348976 -119877518 32046453 -389166555 -252413676 249594623 -596766042 -537587291 -367054196 839255448 -634775831 -277329512 -48027100 171172782 -1121171205 -977958297 781592360 238122237 283334924 409000185 -467467445 103345923 539381968 -37044155 -79802750 -28726557 -407078487 1072992976 -1151521163 -332565547 -373046598 865096101 240824010 1175472433 136567771 975100644 63770294 892739825 -368752724 329661105 32235339 -421796709 -422717593 250215287 -1239914809 134458417 -43489547 -476571177 647037658 1308748379 -725162031 -255521367 -26922270 510562083 40600815 -419435569 251813236 52743547 1689945832 214847734 -371295235 -286924019 766825754 -409465987 1257439549 -726476483 731240901 -818286738 -674800892 -466893072 -99857712 578413829 409673326 -1277455504 590833675 850599460 -214595918 377670255 1130214268 -128740210 -746555987 439389744 -368501416 -423364988 942092705 190882718 537915049 -541153739 1120860514 -260764769 397589912 -496804132 143828031 178348265 -477689493 -911980285 -591530274 120198395 -20853315 828012251 196439831 -797058964 266488453 -714417737 761129952 -205474687 -340873570 85907497 -14753781 -835377122 546568401 -837240279 321209014 125608553 102708624 426329461 -122606242 669010466 895782002 -950286435 223249865 -383984317 -677013823 -1080429194 64592135 -231753755 860654007 116398180 57113578 -31441350 -557859405 455282157 -689916035 -896684725 43977231 -406426970 -62458638 639927435 272971291 -844480948 228922813 -868167921 942817982 249770470 35023257 -237426581 323410595 465738141 516818696 731091690 -816945355 -152204938 111802991 -663013308 -326315017 -509160341 22974291 -1092909666 772052940 -168154383 111121446 40730694 205763215 185075622 -727505057 374702422 -13256759 739942357 1250217510 58011264 -239003172 409982361 -1323174920 267848873 615443593 396258055 -917716718 -446786369 838135517 453338097 242518793 -30521149 -389593491 354691747 -30379752 -37933990 508275237 828424491 303923189 200055048 -287464998 -530536001 779566718 -417823381 -419375327 -697413336 -687581980 -416954165 548397980 257881515 -481209521 -470635296 -556448245 -184427857 -278658881 156844786 1239455083 -63567192 520585208 -33791491 -380000414 429140554 491963405 135202839 -848912722 107732713 -405333862 -550646587 -729997272 -314775009 270973841 -368469914 -654260456 509118441 -264080610 -729865297 263826173 186001007 917911264 671511805 675242942 -348468904 279203803 342132305 258392540 890006327 799750616 -102152560 -745488858 -151767901 597933396 168408076 -875896281 -279203522 687796187 716112731 -337467701 -225561192 -429886859 437429759 406435656 168989782 337620782
-103664875 -108421775 435711861 -601978113 512039522 -335864613 313168082 -13146150 228867043 -33172344 -295937699 -363510148 301084661 -748406777 684552394 267427977 58280470 16453670 85750692 -598706940 313657664 258081518 352326892 169857172 307709982 249565232 -26804717 96623864 1415531364 -85827981 -133236836 -682701050 268091373 -173391586 -44965660 -504918483 -554675870 -540161577 -194606267 192517735 459341940 -23007433 736354647 -246635570 -460173439 -49492096 98029369 197797136 -32204400 604095297 -252565798 -422387305 523729285 -583986703 -426523240 -163064486 472681271 382950270 426133457 176720376 -96568488 292540583 -454771157 -542104837 -129498145 23263918 294569083 108071111 -563228209 190070921 -8682165 306653229 368771846 102800216 451445417 80593178 -545373097 -475199192 -359037164 176259089 77944610 -164063159 54084938 -73711232 -222871491 -37535981 -278455259 623464868 -276897966 242455401 -577213046 -591915584 -600857685 45169273 100921442 54954033 -693815003 -561319712 876146159 82110478 -17514488 570259786 298196410 -858389768 182053326 -581670040 -208899664 -706544724 120107494 431574706 -189236858 495946084 538083113 351120441 231586409 -327065861 143839704 -506570679 202562463 453956746 333158451 840691382 -59442596 229414887 -206349758 181265895 70877523 42212936 715450729 -114380949 8504520 -500522828 -120774558 147480856 -182511813 -617745937 719553351 -326477583 222348972 -92959261 713085527 -313467743 314400554 993676770 -527527202 477978155 -168627837 38972391 226701943 -151853231 323700875 -4313052 683621843 141501390 -77908075 -402691186 -212504739 -158604245 52231222 1340758564 149573262 -316349342 -252882146 182735156 -852196497 -564327151 -34199775 -78018864 -208899188 -418083397 -158864901 -272608215 243481847 -740208295 -121242832 1015510297 530036429 457117790 146827939 352303193 -238772781 -104586387 698691963 -316114317 -397041732 1266933933 192529615 -515527424 -27682696 -339240453 -58057817 -332135410 -637153707 323855636 273447860 -619588822 466204522 133367153 -222045768 562427698 -22283155 -476189555 -47620285 -1038423102 -323071002 260060293 -28773275 -499563646 -61044521 202076606 -717813554 -233275859 525618559 29138641 -625060981 666427460 225954734 662808472 132780542 850122560 -1213619877 -107875646 416716618 -87697236 559867656 -492225693 -606870090 850714473 154328730 423953538 -104331723 69071778 -67930317 -58759456 -53028169 910107108 -765911641 43183962 -54221764 -55395815 762226572 514940769 -723921713 848870032 -281562607 -388227345 52466444 51842063 256851862 -192673809 360107995 -630733011 -335490919 501099342 -408606585 -134830633
109013342 -147724768 -843231041 855122136 48152620 28820999 -1114228558 466621630 -276494360 424751935 -233488968 -428709797 558833350 159015196 -420397624 468996357 -630537872 -129522917 -22120349 24679886 18728724 366415901 840874824 617042165 -260191418 -361516177 154927680 -778336970 -45035848 26123848 -562571612 628800920 -487539133 188250086 -744911086 -433858601 -1001404288 1167739050 -737277789 555485965 -919771035 -190421325 -58684602 -862431960 122623944 -65206578 371815215 -51470358 -92591526 -144734837 -155091240 697476980 1392164531 5772275 -13835136 408751965 130857115 -679570783 87443716 745904606 543833390 805733925 555969153 191383772 151909551 -839075979 -497038799 247073739 401894201 -116035995 400296835 70367895 -580771401 -244023044 1088573644 -507503144 376232778 819536275 -499032779 -285249425 257920086 814403301 -528558992 -14672469 -549225039 523764934 184771722 1169155142 -629243728 -903045321 -171543238 38183400 635124053 334275671 240583359 379331280 453787265 477929109 265333780 499581050 -186921885 -60776978 126822628 -221846401 -830646580 222002509 760991186 384553379 641290266 321320718 -145094427 689235831 801791608 316301443 763623190 638767706 51404438 -473474734 462324083 252346360 836491232 315019991 -270961920 -71659477 -1027198 -33076564 425672331 732217129 500271823 9006740 379883259 6787937 845261149 -143956776 -410391151 196553218 102370716 -798024690 101613011 704260342 -492431782 607322982 96478371 -453806089 -979222223 455711073 68360374 167268145 -717102400 131107147 418087517 300994407 83657864 340585174 -16887659 1500517 323123014 -520907939 -85104229 559594273 -173981662 76117925 -455988898 37230933 4897206 518989822 -269714301 -226535842 -267853363 -805433496 -192122568 -636134105 427747499 -412081940 756140108 -238792575 763009258 -233102135 185381722 -182931223 93545656 181542833 -610868162 -992771584 407134925 137238993 54924613 1114846463 1102705111 -1018683390 -779642167 -122808226 737483758 -266657229 586631878 -744605068 -104033984 -377382773 -647934068 621644326 136100576 263187205 -441359663 -642964259 -455772353 59297135 -1042121708 552853647 -334022160 -607085376 -618720368 71137272 868079467 72885323 -69589417 755134046 -240825722 -368253971 -1279549998 33061842 255525463 193542822 270950728 -81228249 -763292129 595905016 91356193 329415676 -550997029 -546835030 243531324 -1342798872 136028526 -379607922 812495889 -740900777 -142956500 516475549 109929850 -609622269 191111202 19892797 -561514628 20695933 113884057 -197923568 -867483037 1460667336 -511060634 169698234 244523586 988073017 -207336120 -346798631 -898132946 223848478
546079820 356458166 68133630 514058365 -721370010 927552905 -1170570703 -155478168 46438097 -689412714 -700317534 530317904 -577099126 202395285 -1216040238 501697935 -87459644 489030198 -298376226 122940685 714950752 636714931 781082477 -209085814 447057958 -904274994 175374043 428959654 196993268 -90279378 -767775774 543694510 -1304161093 -476840123 -1489033987 -697592837 99810198 -178873145 321155773 50885518 908517693 40989972 -217881896 642923067 445269986 314405851 -501196943 -879040514 37978589 -542149232 -49272181 -25443586 -304823959 381263668 281092275 -862496309 -600537177 960673809 -566453693 737560879 210420882 -282662011 188767786 171241791 591519403 620183764 -290185014 -189611928 -784446562 -445983703 -26047406 -1200996065 1139176169 844737778 -589931187 -600652549 -498833734 113718809 -198750006 -396123418 826568212 -372222627 -168302315 201102404 370156790 331505405 872384632 182175017 -522406160 -123250835 1377483070 267319848 -84342789 48003629 139844621 -287339208 616661406 1021882920 605418045 -743664868 -379967247 -629380769 -226689415 597299525 165684059 10586222 220000309 545813186 442930869 147256636 270802443 342388850 -146546275 -562665518 909191083 201678325 -437501912 1319761678 -160075892 352839756 120480662 -493769400 930332975 -141845942 475726000 -140468318 -248157814 -403299906 2136499 963789265 189547725 411083131 -524269506 -161160457 -590175041 -163103501 307086787 -167733162 -296207105 -258841819 -286498238 -106563152 -40316887 -54753914 -423128180 765372472 940419523 575317638 -605885289 481263928 357463710 -605805124 -183200751 1416341547 -875665632 393843810 1195710193 -301588739 -69929946 971820632 -239811169 -344603504 -242208385 -150980371 -397814620 225797661 -328723996 27376028 284043185 552405863 516882709 -92196018 -847645418 307208871 66411555 901586178 159029282 1035508742 522204409 -78782549 -222179628 1357558882 -608873436 46368782 1037258774 252653143 638968911 492939448 10902989 -276633654 -354640053 357575039 164590391 -998551748 271686027 -1145371604 -3739534 598553799 -489872669 181515485 485483906 468255907 -579469992 196055146 -375676199 313480884 353602836 -109684732 -493562726 456655933 -502337885 288779740 -475726633 -45986850 758782078 -229150503 -606274099 -213935108 -771647636 -336247877 490528909 642899263 711190747 143776775 -91954375 -133847169 -1290129720 276762636 -704075913 1132285938 218919428 -1191701394 -577383114 178786374 606331124 765796007 1068470819 191503993 -554927861 558497530 308970732 -882869608 708644649 -122459087 615374428 148047006 253735083 527173689 -835410155 -937888178 -423379254 -344630730 -126994555 181817263 708733661 161967124
80327776 -163166083 46103797 -125607774 -242607513 234674781 541632028 1167463514 1571357128 90453751 445391118 886551717 779782890 -43768279 705408151 404155096 77174448 390599707 289815800 34273091 636674802 -716974763 578282272 588887072 -741340279 -219651982 681851285 29028106 209548205 -710878719 417039884 327308299 515722144 405928862 -329556732 -326892154 867965508 -88817732 240306362 492840277 202258235 146301592 842714001 -297044158 -585029697 142655189 95392736 696621495 620712976 -921540681 813933612 -140574147 415376441 -490455240 -237354390 510035279 -890486155 -94849201 774535602 -1098734633 696824954 1375643987 -355024996 738751474 278714501 467600205 178326838 506621124 -566228011 301774673 130154500 55695453 -832797650 -443769614 318742337 -543155837 397968612 -278912550 -53211442 -314508721 248177030 4817160 380572060 -25247196 104815324 474703015 -655403971 -697238830 39130910 794310384 370261200 -174439776 228316724 -98128772 -31022646 1218757527 -668448332 -162389241 -184389566 635205050 -131917441 -12172438 134352547 305756673 172895623 105837431 -201426232 560838138 227600905 66812140 -470141846 -603913629 56033680 -119048042 112864193 814092571 -442204761 12527646 378112899 -172353308 -197755070 170032244 -606692091 596132889 -518843239 -87738341 406461385 -180958218 99955645 18196535 501847167 -170768561 328749151 -106175487 142301399 490130490 94835354 -48923350 237762113 -134019773 -315079169 975248178 -138878220 331164637 -726089804 574867070 -183569053 329738901 -1146654775 -831517701 -420170217 27047964 251912921 -451711733 -82083109 -608334307 -76910943 -82068051 -58140107 18436359 560300242 241067909 256191919 -906361345 -290857269 252173536 337050333 354764523 -66662759 -515853144 -173953005 21699209 -305763352 388492673 -255288182 -347454154 339972541 -167927423 43470090 -339987740 913988587 567441160 -1303399114 -738952172 527107015 760185482 -737488728 -798723027 -516039838 -388068161 597543547 348832710 450860149 31704978 1216252663 51484334 780590166 178756185 -151536611 478201430 758394189 -436857573 -105155257 -8183092 765003 85263327 -266155514 -228096079 -732741071 -284671426 313911059 642215713 33971538 19419175 124787422 451099435 768216970 -520115173 133087898 539484753 -323091333 437290786 -306561985 -36518124 -22439534 -619633704 437729803 442650255 -869440027 373425485 -184734793 -964854460 507000144 -18020235 -296177983 -316383846 1249092876 -618354136 -611524039 685822902 -103371644 -48107150 -695980273 -2025833 590790428 -1003670941 -382726753 447800830 -181930416 -701801858 750110985 621867813 -463775813 1004443078 -359368253 -65806049
331305843 -224142562 -30202808 278762140 -1507519437 347386025 -12983554 230028246 1112244369 486137791 514757379 106298751 49707492 779505753 -939262921 1232664873 465462656 517915856 -152199301 -56772517 -131878965 670391386 -778832419 877096885 153469989 -172406184 -368601460 -268374283 -307890422 -184249280 -441034186 705787130 -502001526 -106397505 -431741323 -2508691 3202600 67530419 -679697210 -634543818 -662399447 84972409 -334542165 372974122 -775079892 997307239 1033200163 -1024915188 -198913259 68941639 -336896734 993107511 -387891246 959711953 -943850072 -36909428 516295618 642811997 313945711 370769289 537889714 5922486 475927533 -7985684 155033179 1591962807 180050655 31370786 132862830 -737720559 -679890056 720613548 -278588292 358148726 -262895314 -228970915 -56701871 603586595 -86635330 -183866600 -111436852 598910360 678035994 -408173708 -222064677 16530390 -158458301 -1164535523 -492199123 30005922 -147585807 -30564350 795564152 135681596 -474068585 178570550 585730779 -410217856 517595907 -795919322 -195940938 239569916 421142890 1439889237 40872029 391650112 -268735880 -517618993 -46286941 -210063812 -56668440 -541605914 -785191490 210285215 391904331 804237803 -309942823 356832414 -526870394 458190600 -380467230 -223262063 172810743 140063874 699544455 -883379690 146325976 115214294 -14294962 -673792586 313223525 -718046976 -250805873 -201693833 92612751 -322884245 -448677475 307594398 -199584011 -127857277 -134479187 246309894 -106744526 203962743 404990454 -271406099 459972117 -224261504 258554046 871469071 -68383138 155686029 -777976548 372553182 263885172 714317770 19730067 42533549 1044841011 -235662827 62170641 -613917919 856161241 501658765 -925398773 928727919 943746352 -74796797 534642303 -254434461 -103003513 -207407255 -1125632016 -60867011 314614691 450452227 -100024119 239232305 174884351 -1001218437 162443683 -1179555577 -994286614 -260978698 499754272 -3400317 -1276186872 -22663110 -615764519 1224240517 -619762726 75541194 791258659 162389761 110973172 -7733155 -349986970 -464641663 -553816219 -811042334 99032982 -81396899 -614417062 54265628 123276811 57776855 -488208349 179047161 -127101983 -251174681 -360963989 54001683 108470982 -292499851 -366567094 -254622488 227985850 -141875428 182152491 -349580091 462201139 -704469130 -79689617 697641105 837824627 20374645 61575482 285277528 -406759869 713768470 143547710 193920988 152882687 454768970 -154273245 -703204394 124211252 462296355 -517459437 -296539045 98122078 253361830 786877866 151610664 -302588748 240000596 -539997606 140423456 -174348661 -438967024 705614715 343164724 59387438 167574124 260469051 -146155813
1174267232 529422893 745849926 -1070712284 986131779 -404986643 -177068520 479699431 126727493 84954016 24172764 108460070 -523103268 -139471154 683583321 74408069 -7872294 433002441 -324853088 182868189 -795732606 424490407 15653606 -88339456 556616975 445127407 -37201897 457785230 1070406929 -516922260 159100656 166927842 -521870067 -15963181 -1087491203 1955570468 272181744 353055324 123566963 -207255684 -869235439 508519106 1162743481 782135561 270785755 -465720804 -1011525306 609871344 -134974884 -285497298 -124876398 442485682 317969820 529209903 9008157 -350953471 607727252 -79979651 -142993033 -29841838 870060661 -201089361 597023052 -577665413 941768812 382871016 -460965225 -731434958 193991410 135800607 -824840469 305359768 595084749 -505082364 -890825490 -114227577 1220448483 -155568303 297289399 -19574598 243537547 32017732 619162000 -258359475 405649940 -798241263 780667018 -653589452 1377527238 312252719 24611528 -450430454 -16509917 -925515012 -358022064 83722432 -1106392096 415603728 989795390 331774909 124386500 -319768599 -874836048 -929897187 -292908847 441912324 1288023645 70963460 -907920993 -144832383 -502984215 -964496714 -599338756 117761554 -536833519 -318860254 343989600 -287223489 919425030 -458928903 -610479625 -509535761 -205009599 1517607936 365586652 974964312 285921719 342519289 -916340079 -317306026 -636756621 -459536954 -437410042 1108383804 697638757 -370365183 -366906171 445029964 -75323579 675938146 -405350949 -493393531 330405508 811607522 -9599241 293329553 -451038710 -609798582 556787598 510344101 -293266308 902296222 -694583026 58114430 155125911 -270639872 -137157053 20238202 485551385 -648273490 -550666368 -707782397 -61884920 147308793 -314042834 -174321748 114741704 18728003 370515520 663652376 -352797483 29066850 441178445 172714389 -1340446239 268296905 -166315088 -647574635 -261356308 -21251705 -1095667802 514441584 358279692 89782623 -172439706 546200377 476487199 420460221 -273275665 657676314 -40576094 -947527279 -615930851 -1002999686 -344882386 42940763 342087985 807112946 411323782 249381872 389167019 -423353071 -445993436 -908446976 88066682 -133541060 -1012738846 306292415 572198648 982024422 -179062337 -671864363 1020699520 -200664330 -249800529 228320132 -62534613 -510760064 814270055 368718558 458344995 65228946 -32860633 -279686861 -559988199 665097518 -473621985 903554285 -683771916 223525450 -1101531437 274485178 -448614465 -662114874 86393084 1323089503 -811423682 -14453045 -734378638 -1016961530 145950665 -36406446 621326841 21170302 -235619978 -808070630 1261160708 -15813008 -61037718 -69092548 -805035379 270611405 636288577 -279678595 -244209914 -696573744
-114418942 -517754401 733814546 -358773669 -121892414 -511214668 -942237016 171667508 -957161411 743924737 -414801221 1167434544 320642653 532812199 368661883 543476474 -791905568 11154962 208323434 -788944861 -377676814 -139821748 -117966698 -49953612 -383527244 763860760 480111754 1127268973 -480244756 -51696606 106853001 335953666 176900452 -213534208 -941331212 -291531900 111410198 -99913875 -898688076 98144036 525613523 191952783 -135466061 773976907 -229076048 63942395 -51805575 26254782 565412120 -200006810 -390868240 35447539 463400874 -69641534 -22342409 512741094 123158201 49608452 -651567751 -609644021 807579855 -2721003 422937239 -565276668 385718477 -429034079 -633369267 257427627 -297550153 629641335 -190971474 -73224214 -691442281 542999098 286335757 -603040298 -239803113 538737499 263094175 199019095 461926907 252178927 -1018685341 -364967376 -436770883 102840626 -224124797 -984067379 -286021352 -705284178 571569758 609403770 806032219 -438198404 -946297257 -95683740 -451969147 -636711338 891691454 -135854784 301790302 309550092 -218161646 -145108727 -143870668 822495322 -313339590 -49686641 1195062589 54603380 411009994 302369516 -779884711 533988306 21528645 -290668526 -653997098 751048219 203480799 -191455460 -688891014 713141007 -359605539 472924886 151148953 -1238414922 263256594 -486984514 344061406 -66778858 217391465 1098365973 -46206465 674018572 356438151 -153847057 660879702 186824670 -215137949 729385287 156345049 -247328766 -437864291 -232902340 -647630424 271183776 1123572562 126300932 180027913 323888437 -214033170 301739307 -200804495 -639089053 11688769 -153100167 259512698 -186030087 -180964959 829204770 170287736 75502278 307910268 375081292 340447232 -686083776 2179808 -462876501 -325031490 -945623984 25219876 474995078 -2309249 352079246 63945757 4633844 -156451045 -598869446 271254713 -373310476 1204545471 -508743542 122158518 -453587624 142683087 375152134 488146741 570546157 -240646254 -531172817 361304355 -373862535 -405228645 -76447213 727310081 224219665 595115169 -396408274 4106616 179485082 753186721 -145851372 269955664 -712148579 -14316800 -201171430 141807812 266582301 1284783947 -173700445 423445175 -874971869 -427870724 -284938557 -374333542 -265541706 532488742 -148806321 -891607948 -1370990010 -99581287 -179324117 -347001268 356039192 -494577716 -855831988 150450218 -266974843 202210689 882739050 793254494 -177852677 -52135747 759931672 671058045 5025079 108211929 205694668 1024828405 -566759327 -214738988 -413643352 -78203390 85581330 -162396051 -367599628 151221997 544945971 -15857729 -361782297 -132243825 -149650424 -1015922291 -841608425 1087727034 87529676
241023062 183705387 1191906978 782974743 345508321 -292924949 -577323422 41489119 304428680 3568361 235176756 40548325 697825735 10596558 -50668449 -48718282 -115051117 -701978834 -1119908346 117669767 -763752442 -52263589 541300638 -490656820 66486901 662917297 778046398 235319899 17881118 -27980076 -458536189 -347516016 -1055577757 -243241383 -779132391 -577610179 -71190609 -395720754 -568902562 155367896 77162436 194198854 10433326 -1011321513 -215106346 -672708159 -207197686 37423794 30638470 -653148182 741217381 -156743499 644418269 220054215 440682158 -309647435 128803419 -594831454 104841166 199890068 -792886343 -31580850 -644309394 810893508 682811169 -123950763 -316285283 169701465 -375163210 -408748725 -89122313 -250601983 -1379961783 -815536487 -95444953 -631469964 239313421 1006271746 130062694 -1215988099 -429923485 1180686119 -1125387873 -105648803 -560495988 515017965 -310329507 -181357761 179516662 -259056707 330640997 -571432554 933756103 -87882145 -316201487 343368811 662552781 -21413038 -537460022 -65079150 68722749 325232834 609757663 717291460 -624214774 973803589 163160733 101238627 -974992489 -112563469 385519366 174897531 266194278 954761156 -95673796 797081950 -1086972376 22857061 200975948 -58347866 1307298861 -417162107 -27897347 -678434085 388345399 -207469927 -671790606 -300856717 -136642952 186652948 422267330 463587023 -16896050 -280347822 -39859380 968393288 -244018892 -661712188 -393328788 -19142837 -455396765 1055170995 219495172 582085273 -578009787 -100303848 -539613698 625881889 139661692 -156637647 203132727 -567557178 363616372 326938476 77208059 -82863700 -390183541 -316726546 455804825 -70772475 436685895 -58368817 733094249 120850516 261098643 419539670 -139788241 385549334 -833396211 106293566 369065438 -520747730 305647778 -51432393 -41181800 -116984686 -1013235358 -322185576 -576080304 -621377396 538294418 281210111 -662978504 277851815 217299294 486895635 255790910 -240400066 -508580869 -537129761 -231821467 460290369 315409826 62299811 -151507003 49729933 -866948688 -409434973 756895934 -504825043 -189724195 -138364268 625311420 250739058 -134147166 -183044629 689839426 766633009 382822067 249412713 173666104 -225016211 177429738 -230783633 -672588271 330971865 -74068081 -382088928 -202997195 -344917867 470229634 -598793031 56155685 544890306 760792934 1116797993 805064942 -453464541 -1088535683 -254637263 176952195 409569989 -244195892 222948609 106287717 96826961 748725744 -34708206 -44220182 -61326674 -31526880 191927527 758466455 -990808655 565263603 322816340 866835948 36284300 74974208 429345822 396013457 -357583710 -432524741 379080204 155033385 -903716661
152418501 -684729381 356396503 -607326054 -717353728 263149260 415872807 -637505691 59573742 771438361 26190712 690942860 -358481586 1319922040 -57448670 325739915 225492076 556191893 329836586 -605319104 -538650375 -172646376 -922115157 134916503 363098202 -247491583 -314573166 831724653 520877080 470165256 973656726 -743275774 280051136 538482426 -547355043 -365880512 -631975435 -380563796 112703005 856050027 134055495 -254447242 -375011730 453029911 384771 -529421003 559159483 -82225881 -130685022 1124769544 -678599805 -169920770 -304394140 -5320088 630393936 -196326624 437188098 -56173562 -762638300 373267810 145962186 -194709368 444130064 -307700743 -830045724 -98119241 -2684690 -100378935 319584645 162574951 -7533549 999374941 -24415185 187699887 87015932 -1070924529 -1170476381 -791869079 -471276296 1157952605 -151774692 -159005622 826552829 -590419588 -232085500 479773312 475313457 49797585 819921458 -591068568 308069100 -402199767 589545247 475850651 547090487 649971812 412826796 -291962421 -1251641111 58235552 410080577 -1272461518 -265016461 677502682 193085909 46674130 -334640534 -565676800 472562826 15507932 -695867770 -697893312 -727206661 -696158102 541600204 528595481 491733647 695694301 -580846685 -724494741 -463779813 -56909497 1158827416 -668540236 -1349361017 -53084079 -594639877 475133227 -91551349 -119436860 1266796695 -1932959692 -128154794 -114989615 490929685 -590520989 -221918886 -228122900 -1286637 -457906349 688303771 -226832617 -55658066 -1325250339 23615890 -306873143 -397535267 840945225 -643350102 633052172 -77813525 564056245 -1232823725 -75606054 601036746 -375167056 881583473 -511625652 186770256 -1029307521 320065761 -431548436 140562877 181482031 -150952701 172665404 12557955 746017844 -448868543 -620604328 -341384564 349152742 -489008028 1315028518 -168145736 332758293 -675688499 -1023162806 -46270967 1122967944 -595588854 -82871338 173381633 113423785 -758541832 114061576 169483830 557678955 -442854180 763206269 1082587893 374535813 -853826147 -263527510 107839919 -1117685406 -621713406 385597256 -489658733 -366639614 -648968206 -547706900 -477705842 -412296209 -300960782 378873676 -479831218 133476898 -15070450 -329235410 1590933419 61537949 -215746899 641647866 359548379 592192380 -374767691 -995961234 451603446 525202973 -320150753 41555928 612223024 141504658 -812012544 188695538 -494946385 -867725756 550320426 617813869 -58433171 422136733 -12341047 574835763 -462073223 -563854884 -86930774 878296891 -767020873 -823967193 329933534 137627080 -576124099 247248746 -101574252 -526860840 -105637550 498639896 191439571 -312235165 -569735497 235214204 104898817 -227358063 -984131559 -806850703
-86325553 -25269102 -311492361 189583734 -122449338 82120763 933955004 -405996983 1366017388 529707883 -238032597 86629554 -659398782 188177761 211892141 -1186895737 439615924 -227486980 520882051 -192046541 -585195060 -309260912 795717765 -14260716 190271230 -227243069 -545446834 -324772190 427020545 842669234 -13152762 192546189 78295177 662778504 -923303075 139569778 -604907189 -83426117 66124462 -365538465 363116640 311398797 300460693 132205065 232793051 -327735205 -476320545 -168538288 -430997814 -18972958 378384421 -176852741 650408277 296194176 661070516 -134376434 69547294 1360457859 -435718309 489660045 479937278 666640468 152505998 -721756030 131329332 -70111603 -67625989 -431902810 458833990 549067227 -462207507 220188614 -748886067 -1075927514 225352446 -813889588 342920968 421728630 -458545176 -104125828 -109437915 388046270 -560524306 -473439692 397452204 -176612045 -174148959 485461632 -473408103 113019986 842790935 74639845 287744622 1624360 -700181788 430150498 -80998337 -1422807279 200490282 327993710 -121835304 229722284 166437756 -248599590 -365384060 203283649 73592784 -497964438 76150501 -921722397 40424556 305623219 71234413 -278053192 474192862 -480427585 639142148 -345920896 542713255 91422859 -1079169151 53824225 -694805289 255804699 179020803 -547598676 349700236 -624018449 -417733163 -710676335 -68345953 -164161553 -157555202 253306 283805131 -1594831107 567544257 59922202 938470064 176450543 7020058 42312874 478520530 -549358727 -47079171 533825876 502307179 652529877 -119574970 802170404 809108055 731672542 -68631135 416064692 793339766 670566486 212261557 -289723415 -127910891 392365985 -285578116 716696919 10363953 -273358075 1212189221 -523097395 -1027395250 589658130 1320124203 403757896 -131451175 -79961988 325234955 813861565 260227971 237703813 -15268035 505202478 54532024 -1253151119 -22204461 124758125 -960246348 -506973219 307539252 -633781774 209983396 192598881 532363997 730876252 236203168 -238081555 -25201423 -881697447 239154972 -396405287 -216758532 1039452926 305160240 1017664827 308999029 -600991721 -501913223 -663850916 -552817892 -54398451 -88999152 12343856 221744182 -409146006 -478837749 -325615845 1113893517 434500179 -27192907 720264542 -9677035 -599511051 899253272 442028231 -333240483 175908543 494607402 644500601 497036556 -34677889 -153718221 -545818025 345619612 -232223160 449435807 428906949 -17971549 -974230550 -160282807 -258663299 505872261 113431926 -525022701 14354390 548444587 282502280 654693145 719110302 -648626057 -130725934 310173753 -103301997 46719571 -381747278 -185665936 52054991 -561283447 -131432578 -262368649 762756417
88894478 -745272507 104136123 -218928877 245528372 1061172387 -228655201 42412651 -81482574 60701066 -116949189 -260908390 278691414 359152142 384176451 -181700890 153017034 -804588278 554525996 -22953641 -172205508 -308702439 632427888 896413525 -919586803 -313965266 -447403182 -1358004834 1184565530 1161808939 -490556981 144044456 -230914521 -576451915 1103874015 287934501 98608553 282652375 724155790 71818740 486670472 -188401159 1284427559 -146026352 -177996985 668249432 104200509 993432848 -140266646 -71871204 -77813256 -52243460 -196087591 -283369595 551743291 -442689893 -405016167 23910555 -187910596 512328498 371305262 749752073 -906689252 -461925071 333803480 -153329834 -109329348 -741402857 -81215541 -826963577 -903449104 -502746503 326363499 46186870 893815073 -452655998 -498080661 636972601 197911673 -364565952 -274380940 -713744016 613304471 -113703292 -154466690 1102651120 439140295 -29866608 120347807 301857776 635992351 -34754371 -237688378 -243507797 -947931993 -25802475 70684072 -91917632 141777183 265183791 795992313 319312960 -20770320 -190314867 -458801941 -656521246 -752196065 -152614628 -224058281 -395059330 260504148 432695032 346029824 219735545 -1075995687 -408610239 322271640 184216064 -375825871 -35414657 -790367578 61613634 153426163 -234944059 -651977871 -380077170 445872818 394805292 513341501 551677572 -42734901 1337048762 -388068023 315817634 787679524 -102971383 875757669 -170528883 493898070 608728844 28293009 -467660717 -329898185 -278284094 711816445 -136166349 253652158 51514261 -1030351173 731147849 495303489 -341874430 -2284041 672484397 -149276115 -125598309 525340068 836429517 204060521 623699103 -372654580 738255885 213341472 359351792 -392455945 -964305774 465470863 448943592 515643433 -225154967 292916495 -8392443 -137214079 989735300 239188945 -329639112 1421648927 -9427081 -112315075 -65480945 -287944424 68601788 -84194701 317179371 163466008 25801192 -102483851 -157209960 -566758449 187191568 181949675 -219432632 -1119953494 -373158510 553976008 245135026 205407101 202915603 564913618 32619191 293651696 -622956679 140152727 -650064234 -961775638 74326678 789119614 -328402575 -378819291 -602949271 -1423972950 252004094 164521996 11660280 246364269 -784761563 1290375923 66866793 -389781966 197842345 287921888 -690884174 -248854706 79206083 -502049412 172388403 336704106 -770427688 -315480809 -287956907 341755402 -117364212 -694388793 -87701888 107614558 -63870924 270001744 452876378 -34523845 -940498354 -14455027 -1148257802 -883056166 -484232028 -172713182 472213745 37043153 150594945 -710604945 288862043 -16585294 174195673 -183181940 221102420 -484325662 243298244
-172284196 632013593 -114982133 1353379260 80336249 1143163281 -575577429 -568147263 -306023869 369762286 -1016472243 -275820493 136099951 -423026369 647487313 192659705 -657074207 -831241094 422495306 985473850 97147927 -696769252 -309463576 166064539 884216404 28661992 -115982247 197771107 146884258 256793276 -80616138 -980970453 -32672888 -1202909714 245079674 -279429870 497903834 -105755275 405778212 323653829 -445532669 -558067493 -39942472 509540378 -98114260 -756793085 -394802810 -155213901 353195715 -383682735 65087278 -533426383 -759529810 -665122656 821437333 -559441054 -760357960 255039167 -1018894382 -491132540 -706504011 -59909092 412387840 253825505 -263574282 -714159819 -601102672 -265925842 1453317476 88937479 -716528660 -866679672 396860100 315654445 234622253 485555211 77945884 25521809 -553473181 65650811 202405341 -193741220 -364176929 -61203492 827142657 -493403240 659940058 1259799279 146495212 -936762287 255143594 141486493 -316152767 117555293 -384381124 -416566118 341343061 -430650553 390203217 143924304 -252610533 255504873 54911479 -866589114 645416925 430893768 491778398 -538515987 -695002765 894036741 -149248768 1717421038 331713783 -282072394 519879873 -257316538 -245505587 192743438 -426704973 -235777948 447033646 155998504 751204894 111765164 -1026693525 -954172965 -224929009 -33296191 -79214158 717719359 281512772 -48888433 1104731493 452811679 -394682101 -1105167791 -63249225 -376024732 349636596 -572034926 -7013879 -328004828 -145588732 -95951069 275839814 1036031934 304731448 301163425 -37006250 -745231174 1077833566 168836754 -242431167 311531177 -43445569 670952892 114058951 14258311 286817163 452801613 -179182756 175342783 -468389081 834515596 142012108 -240693759 -765031660 -441371310 -83668623 -420493505 626056113 -370320711 932179555 -580047900 -612168798 1027864685 128081543 -137964718 64810910 446772847 -485794646 1123995276 -1001659238 801709536 -10817031 16770694 994142962 -470173070 926326385 316298515 -464989346 55408257 -129856778 186984199 422161968 -402238135 -25763081 -656970084 -49775268 -120931724 -456091658 267198875 -166457787 -393944185 179120004 691122481 393613059 119775154 111960900 -372791865 -816400584 947844831 394585263 -1188086194 466890042 -93577339 -190384403 -631173043 -700420106 196701555 736152917 -237108169 67960049 -454723798 -243008381 -745903053 -339863818 444025933 -391960271 404268637 313969918 -516822539 302705646 -520231115 242209126 1211037109 -238059285 -388012093 -263630471 65121728 -135365288 699485886 -182508769 273280645 -152845167 752041315 402125251 93492712 -452934647 414590617 233293014 -89503757 -882750027 -142918678 42028626 -58929863
681046132 -151395352 623531652 460289602 975402572 323384002 167563695 -236410070 -166456485 -339120535 958992546 585461440 261592657 -154644757 528502599 -352529116 536880078 -668694414 -44588812 609994423 173022569 -345940506 41437233 23912371 364643586 355198089 -24765484 311910033 750442856 -868531039 221726700 -761915923 248504672 1294767013 583076337 417315246 -228734532 711090771 88770090 -16896608 -976768646 219228390 1240896513 -91018854 167193348 -559143538 539775020 272245383 241839737 -529808493 1065489264 -111514125 -329395514 -770655657 330071106 -640127060 367721832 703615065 -319346225 147903937 479131238 876421628 -588701708 516089379 -864893606 122213880 -234811191 82406254 -517922900 -938125164 -327796621 300683265 1165378694 751376243 -754004110 453745693 697416449 188887160 409443593 587618654 697797676 -442955001 554521448 -1286376870 1109867767 -469526669 51977210 -42763701 -461780696 -9990834 -500779851 579782329 237201308 1372489535 562653628 488131222 -213739252 -881326473 -598169523 -113005828 -381130351 1016347322 377293693 -425654490 117905206 417107408 24768317 207569158 -503902219 672957050 133616584 202331282 -1003384486 371639282 580023681 537319698 -445183873 -82177100 -684573263 -343889889 584306188 -253170079 469052743 -289277473 398433448 499082067 -155670668 167847894 243784982 278556863 578654962 -676020782 -147455729 -583485464 -449882405 -966701563 882805447 -915347228 -151236760 -108015514 163936591 -43583872 484510576 583467705 260286076 -539891247 -1158249705 528234443 -172725670 639062207 -29439127 -656060827 46957719 433029710 -278178376 -404690247 -1281975173 -306087015 205424496 -204433661 263089827 338100759 -539416752 38400277 -200542866 -411224857 -558642069 -613102544 719800029 289650857 645263100 -156922803 7608635 -902863899 67222810 764332237 175816717 290339848 -221220431 1254391832 -1053592619 117188335 85598222 -32458438 -148125371 89235125 -326434467 110422159 -803275669 464008141 -886247126 478500248 811383694 -823239869 867031634 631966522 -54984917 -192533401 -362285612 594420464 201779776 332960124 477502782 -11535366 -60799366 -769220239 -163435791 -538986101 -1257082540 38313008 768853306 450536088 96719935 -142917067 -867455249 194448935 -469886667 520929630 1135200452 -67462936 161868880 97494172 -644247711 435171542 473912575 456465438 -67151136 1453849623 3291910 972488813 -114362179 -146294104 -36787354 466125448 -15233794 470799086 346186889 -423101171 -395875214 107288380 702450814 -152424827 362709861 140673879 -287769493 259295346 -642159740 -372310566 -444359862 410665778 -511185 -676949157 496337998 -646657215 526393140 302493967
91543204 378869364 695138230 314207313 -116954239 -339715451 911889886 -518254200 417123799 -320919645 -552886534 473803587 -728315999 158134912 -807911688 287469087 170088558 -425951912 167524877 -137897151 -297548403 163279272 -293365889 3895735 29204866 199554420 247480816 544993936 -1058748915 -240981049 393125749 303435287 -660447205 639925473 -127726465 -753356013 -792117158 709560631 703762880 417617112 93510238 -926058126 -664564792 -306892646 -559625296 777672395 98012494 734390931 -332571879 -1235316145 393067507 268579376 901851401 -975286852 -120016416 1380487828 -242340607 898296839 270881699 -120959573 -420334519 -980203537 71202763 -55115065 -716643333 297223754 -473921945 173079707 -697944722 817380975 196559680 -708091200 161333153 538084295 43743168 179370762 121755974 58786473 -234627686 583953767 -357911824 174195826 291912680 549406447 -383295064 -315511803 112430835 -535512100 -1082710268 -382751892 -208079481 1027088503 184392347 -202338854 756142057 168612938 759273188 662910179 1117454351 -272830870 119061130 -1142544980 -222488278 51631308 -493597575 -32174203 1628315284 1327815415 -496277118 -40688055 -917553153 -152321169 513860662 758024962 -1226132800 304670058 1140753752 3503621 181993443 478973488 -19833564 609020477 112928146 584482935 -32367079 -377005172 -180903292 -1144258351 -162921523 2171165 863524494 131014828 -39595157 -294034432 -408504570 -76565747 -1378101122 -987523952 719155673 -289419230 -579875945 37498437 -460123021 -1673717947 -706287425 620641603 29855445 -14906519 395236538 -530302904 330687826 -116403687 -663228740 -56270016 571299152 -24871026 -836310862 -113579874 -413418256 -523320686 -791553877 -738480493 164719709 -717328102 -155433712 -396091354 21971202 -322494920 403095751 -232361219 -176315466 -258640852 463075036 405561836 -508067343 100915220 56068995 678051013 311018376 592545661 562373106 -857891303 -786532914 1304772447 -698705892 -781107231 60234459 1453132110 409001815 1232970083 107338967 311372203 -26605201 -218249347 -262040636 -651020030 -36299900 -115553007 1965364599 -150526107 364041602 203517730 -641029349 319343252 1524067 -189664467 -765619041 788858576 -66293270 1014480700 97827391 -324703809 -184421858 -43948585 156248392 -490527885 -99479459 300981888 1758436431 -671734132 362370182 -427703209 619043719 739869576 -545553130 414536016 267526022 153579738 270893060 261962859 -286998055 -330505986 626939650 -389948729 790028967 -608723573 765611520 303341114 -197246530 248977295 182679063 1551685249 -112190678 -808958960 -425394246 -336546979 -492843077 -126087065 -113184329 -487557568 -262766411 896386083 385545854 254350196 636322617 462228267
-1036948763 188627666 -542822529 -286975213 -1079509423 440069699 29698429 803026585 -184503340 280433951 190527675 -833785428 1448921263 -161304950 692533722 -335777163 281305487 -307877922 928141655 599272757 -570539987 270793336 -374530387 723999060 -562076323 -70075534 -415700350 -171549056 1056642885 91094766 321373693 337473532 -327859097 -647310295 185502545 -673841015 582966343 516740423 626330355 -208628112 -79572012 -271808292 275425967 -74080745 113747810 -53047293 -513819518 -4929147 -630604774 104802317 -538418348 -1189869809 -90575126 643756658 444414220 -754681735 42398466 12876243 335740600 -303302299 -282166487 -662847761 -9169623 950554784 -502943056 382721905 46526288 -821154817 464745205 647339320 -394997572 -368628956 -583989561 288764178 -392596030 -283843963 -222648056 892587590 491189624 46975888 742295305 -680607674 562860172 -325489778 -223711996 379436395 287185849 161965361 488963725 -617893178 54756556 -1514671877 -1276628983 590840831 243419726 30038166 -93199399 -770516674 -272048632 280828649 508914290 -31755375 -188190315 773331932 -329466910 -722380659 346496852 -494399173 -25448145 470410438 726951952 135729139 -18068186 321847836 -204430766 -315853947 101169618 249379643 -311521765 421467251 269601418 -850126350 -1047003803 -487005458 120397662 34764816 66921241 727234407 -29102786 239247795 -344347559 468673685 394755597 512991971 -793406382 17571935 120587961 470694933 105940963 72661647 -462336426 1076874634 408787027 509428918 827599194 473341661 -419753534 93349611 -1284007579 -28944599 746086574 301999233 198086351 -33326829 -550422709 -337766538 -187740002 120126887 -1969116258 -379725662 -907664562 -383595463 -345152804 443049721 -148857215 749170021 -65603177 -90085110 -248459457 1053190988 -558497154 1503301167 -287964382 -129962881 277417543 909643204 366588669 51487514 1115780769 33156857 -482045830 177360549 -237130314 -588810467 -102516033 702780632 204958130 154598942 -118802992 -296643448 -522375905 -305272773 376839917 55600866 -35818473 -172390012 19605129 633837155 433268195 -665334892 -515553307 413189660 1209518195 -1079006689 135838047 -595392261 185443667 669268682 386118652 107213646 517093080 -625011489 816731306 462728680 -338167931 -835533787 -132201928 1356986029 304837560 -452060802 -563949262 -806676168 -541244352 -203711763 -272169845 -669559431 243580558 975382615 -945359143 -87750472 1169019961 382332835 41540636 -22227238 810600771 1015689668 -771109080 715236871 319835733 -998461393 709069204 -123105394 505139014 -370808846 -243316242 340583290 554665400 1214436805 310977136 -907409140 -398181147 33582418 -109748394 -1280125741 177552196 423088405
156166753 494677556 -689142926 -266146679 599414644 185880146 834611138 -1135291838 -752297539 -349920528 164280397 -652786618 -524472007 -1039354558 54536539 -703646741 677561173 -627401002 -994787007 -177087129 86743099 -1322779961 -1300889270 100148748 431343900 -663085196 -1149856962 233960649 591584817 391063472 -435522885 142230483 -408900874 505346218 275526507 515111489 -40286210 -481369124 803957940 426453192 201703933 -521456990 -409636340 -421383202 -18409921 429502018 913367360 413756207 -424082815 614368025 665178775 1194225085 405906234 294567012 582131192 533033839 474285086 199905668 -365652406 -501335055 -258132650 83211686 -70189289 -547605186 55855998 85879293 -1122812433 439851897 112290906 -63037820 136111284 505101562 -1402275808 512767596 -476901091 516928099 -119436736 948836154 -238867877 -613824407 -798687595 121395343 -665362617 -326665215 153838714 319875911 892747300 781856269 600397311 218504045 -895257854 255779481 214298908 -246478884 -873881157 287439669 101130758 877220500 142400350 -297396982 661135895 -250045070 41020117 -379569514 543970876 402185625 295120996 223743556 468934033 -193958742 -940193408 181507750 504357758 -321634287 -223327546 -157457996 1007008300 -287222106 692048395 721538681 -75117367 -416818229 561120311 -362678054 235915779 -558641725 992170769 241814826 1122708172 -547051403 590964625 44220101 -192081405 -864271551 441590892 -702032837 -856330565 226039916 15907442 -267195152 -249064643 500283603 705091617 333913205 751029002 917632520 -143314203 -179732643 8894217 -554822909 -190669686 570145327 -191037639 -202427899 306363960 1238540288 -739819647 -213648461 98049149 142983071 870844453 1042388449 1130592290 142793762 135315009 -377971535 890634202 159048479 86416581 -466501236 8546101 -897771174 338150542 -141204209 -539449141 -122311260 -952709853 351600026 -122621021 -761235237 -373429917 -615890721 584596170 655452286 -925630769 -648675286 -364299627 19506481 -68984422 -418905832 419978881 355888836 -867844595 -749556283 380043278 -178638353 1374579768 835974492 1017669043 861876574 -85837372 -13834902 2002122 -372092325 -565261532 1370502721 -1269723515 -138887433 -30344994 -396201627 45023647 -121217442 411444104 -475126539 207531359 671542390 -566258495 -179957246 549020496 -55419369 -57077069 690971871 -633913197 -56410496 375664431 615036997 366120898 -671322304 416454121 -1424629139 -315047505 99499641 -99068729 86410362 318008031 -938468134 -1165660617 489856635 -244343134 116269747 -32823444 461668939 -641328502 24507359 -796885320 -398619281 -2175107 182658442 159934611 315693749 -521935243 45834479 -229026724 622038668 -1511037895 -381238866
857017433 -8007064 15637266 150109881 -143292365 -543202637 -1051688355 -441399572 -26849703 292760515 -222966352 -781949324 -819750557 -202216654 -775080560 -275934487 -499901917 -45341521 -404010829 871191078 118739912 583314118 337230685 -684842894 220365320 -120461604 1022648260 -9784952 -904196897 179255386 738862298 530583775 -878386293 -118649455 464608646 -164926085 -316770536 -918010905 -496211558 -529214521 179451623 -189158762 -422662244 413819498 396772971 246357750 1038469568 200937910 32443735 -324128945 -193658686 -560651638 -854677434 -218750841 336994414 -640843867 -903438061 304529701 -406804570 596264486 -375508951 -474673410 530864225 1172516299 418720337 -372784934 16020830 -440348447 912450634 395008884 -922090385 324037457 -25084129 -86987595 -113308218 -20449254 307022050 -54938893 -506437289 567920302 318914857 -1169222910 121390033 676453099 -357546419 -222480090 632214295 539365990 -735280522 -85142132 205480365 44057577 -765085054 -257022998 150819177 554618940 -775316339 423317571 586519045 171073294 -188971574 -248943619 -778759885 -37827734 393096561 1077190336 520436151 350014486 -896517557 360273928 -299199753 368596919 -132549825 -901211122 324457738 357352313 925902028 -126017773 71170629 629864135 -1077685779 -261483384 116259023 209061265 -397096874 -30167394 539242694 650442804 -292166628 -617063232 -150644982 143007691 334367103 228618745 -714419031 -459416226 -36867617 -933178361 288852687 221234623 -208893682 -359237131 196432926 821493038 -382228696 -174982064 350881616 391425178 234880879 -1149565840 782890013 -822582441 205400358 519780619 30736092 1078877328 1422144887 -294573937 -857891236 586176910 -315278976 -765681593 -510631594 638046872 -40591310 728131205 502637564 17529797 210615915 282152772 -680214460 1321827898 -46263129 1501113861 103327516 76141489 361806630 221522947 -742743291 -464677806 169058125 240834833 551199651 -276124539 -176601170 476672120 1486534701 431503785 151335752 397606527 347118233 102971411 601638051 -177152422 -371313771 -253628070 216904963 679772136 -208660031 71779244 -293132645 674796340 -433122137 -1081070792 -400459028 51675830 -705452182 -88514416 202370649 2877624 563790434 -12527101 610887848 -589151705 995691997 406203454 422147881 -709201589 -53091711 398809151 345364921 80038606 765538021 333099559 116588571 578372831 -677181006 -439626016 67391324 167425588 381866883 259627655 390359501 -915629317 -64230907 211084327 -17772280 465015894 261056149 -550790151 294704092 56255302 -487115684 -84934216 -743609543 32476375 -924440584 472252999 809302945 489304300 101015961 -18252400 338734315 -1160166285 -442886203 1112493476
1125740506 -222657891 308076253 -792033860 -639513099 -602673547 150799634 -332825342 372092850 -152517421 49860471 383346760 -1085003618 783620973 -304752377 1106565245 854148615 651742278 -207346417 95200057 -243149865 160588259 -470919230 -271196452 231688833 -618262273 -59662904 -222631520 79645452 369363344 -1105620034 -637337003 -618913444 15724820 -1007910073 619986044 388728741 219073671 339983105 -892154169 -155461608 -427421011 304250527 -9718546 -1111815819 -58358030 -232782783 261388838 -43072641 1446112719 287442889 695234118 918322889 -17598777 467435567 141918059 252091397 981910160 -228794842 784582424 585779977 144793015 -889149228 -593056439 -453685418 757776926 -288358459 183397855 -196408984 -172903272 -468651513 -988463061 -679328441 -696542185 243035976 -525418941 -130209944 -1122181478 143232092 -351596130 1277669765 737834024 -46131019 -108998248 276329554 606335186 131805361 -120496641 462621771 644978271 -660889133 -161018485 426131434 -60258730 -753348170 -603176512 -223654295 1008210865 439152923 -80843279 343815562 82321942 544793930 -272040304 -396631350 491637288 -463945296 382593070 21907094 139292817 295102320 -1098982110 66045971 700021840 -104635649 -532617327 294064532 -906636725 461577910 -1061597891 259658628 -343600234 -42768496 -59037327 1067488457 766581820 -359324073 663145173 464053651 -130888011 -226559463 -860181 263982799 337300328 486285451 -289079438 -337374002 202199752 -805210662 598535170 632553446 385467465 -732760465 -382053166 -490084139 675706743 341966059 -695343684 -24953654 -136851546 -219608953 1172574565 427643181 -142596507 -526215724 -1166413201 537102750 56896575 1029121431 152752639 -881737108 222413691 84308511 -405837473 204499466 -669355908 1021592081 -270849398 241510124 -1154153809 465290095 -263098507 -28136188 -66878492 -823999928 -524354651 214851283 648732508 -379863421 -84086468 -691624604 -656058076 -643373213 244510052 365745189 -211238836 -67175220 -331111134 -133873304 353106637 -542894646 401737140 537530397 331954031 334757756 -213679837 244421796 97539462 121294475 -212456973 -67384060 -962002226 -915380871 106721273 -924989841 478005291 -289837879 548375176 439909184 989615520 516188466 -694775346 -48806625 -1226136295 -419127471 -342042976 -363970727 -340125731 183581255 681809848 807035438 49994731 87886796 271614902 109561006 88874759 464901404 275486321 -298468564 -307338041 -725183257 -540811714 -257199250 -92029321 288830189 -1150604834 251945502 19555728 -512700485 -399782558 520924859 508264728 -44762371 -722427056 -635349150 -115448482 -717784992 -948728733 -755975009 193931495 645941509 -148400807 -124358454 -341528658 308873222 -284027038
532471219 209847450 -306058133 -254309934 1058329296 -137149306 -694118714 439117371 876624343 213390256 1129340832 -124457053 -472850584 -136134521 355573629 439394845 -1078786292 -991695968 -359717521 -503763157 1245869520 -646907076 35391424 19520157 305428064 730888976 432938285 801372293 -149397578 -69393069 696443548 -1322439222 808684675 452969940 425562621 480619271 -571313470 -534381152 126149024 -1343859435 -196109604 407006615 1437085960 -205452943 173524039 -193089303 -65730922 -379759224 -252578175 21252197 85093823 620300036 228573577 -424873475 1007645958 120410883 183434491 149747074 209745627 -335203301 -550515971 -24347967 309029208 79049478 579904551 -154549823 399552782 1591826394 -498201056 479874065 398074472 180818308 1054496508 -246238466 717843796 1057686970 271815141 -237728899 -48500204 53051467 625869930 293621058 196616814 -147785801 -4822401 -333976269 -354279175 43743385 89217413 192794780 -122984275 1484460109 548923149 106263451 142561980 707397012 -148041924 -184592065 -57501545 -333999489 145175096 330493212 -150672705 -86927428 -31130536 330524896 -737197068 319885471 741280730 -759962484 -239356092 -367322032 -450504347 -502934035 -434001915 388665380 -633804586 -135674489 -61205710 -43698434 -595570076 1165562369 -1102629932 -257621917 -159856778 98349654 107384636 -649442353 -7177199 -331291186 41408209 -624008489 -102028311 -347070863 1249795494 -470393151 379407531 535823228 200937863 -432739055 -80493577 -683798789 725687907 326386720 -379723215 -156592385 -78617941 -174393215 16620166 426392651 -47163377 -915071995 60406561 -67503253 338857316 298851378 455573943 -20572111 4293020 21336683 -185203271 -239723758 135670949 435867611 -653633273 -519401103 -63267881 -885788362 -535390275 -1038856205 541449474 676584298 47206820 -548617139 -770703362 -431296062 -10461604 798479535 -695828478 638823843 -2906871 -394436009 103747319 396543416 -625539515 -1011105286 -121216703 215305617 336759799 143850827 -180174986 -887327276 735810597 -684707178 -1797816807 410453155 1048074825 490856761 -324113984 -278080088 -692725545 -880071528 103309364 886943126 -2208487 -106235150 512760952 36883196 -134344427 -426749267 -508992425 1405765390 -188637484 -1211257427 411213308 332218992 743110880 -610168302 264753163 -862494329 -875161661 -155718408 210363530 457235931 579640989 -232972332 -171802718 -477915919 760088193 56028245 -807556992 307748213 -785492365 140803602 -513781923 -229900603 -632987290 26157516 -198220350 -227786241 -606499297 377913566 -254536957 526408670 -291552010 274881789 511809312 -285884198 547990510 955689076 -121965185 -496129986 -422838748 -189136960 -635620941 -148026330
-453769588 -775566631 191485181 -28708857 1063570528 728270278 357790628 -450172155 469675449 49689754 68844231 -311208058 309913577 401655000 283156175 -560557791 540001970 211934534 -104928358 471814735 209748386 281406436 -200244365 749530975 -527064160 60018089 -655474605 -619566249 -283649188 -210566859 -364362080 980499320 -1024283021 -226065543 36530016 48670997 565230699 -734955017 590335026 -674266865 -508846984 -230381101 661763762 -330249893 -49362816 321210704 582670790 -127578035 28090716 -608616562 518217063 610617848 -343153921 224600661 1742528 -402442397 -416724684 1086595433 836348981 -48364517 -37172420 105209394 682170622 715291981 118185161 578255690 -531654309 326990790 -291229112 -163534612 -163828812 -67648504 -421704215 -688956388 -116728935 182587557 694893206 70111298 -398228556 -77737110 -442044542 -190716562 99261049 1099649536 547402669 -808026034 -52528895 -1150446010 86161202 836109488 208655095 287956818 524099855 207263718 -69759990 -301340750 -25914769 617216051 -12546832 46263753 -105852060 -203945630 335193077 511904527 858395682 -147521118 -920770375 788662638 611583838 253253605 -548614186 -428997010 538348386 301923266 347299455 -360843524 -588370041 -15178712 304839389 -432407996 -518640803 -468283072 513511331 -832836330 -257616698 -38547700 55064198 -258534115 455471415 -496611122 -283822285 1077390115 -670108653 -879063349 -5978431 501346652 -537733403 258950787 519804192 211885204 -738170799 -311461470 -333156153 -1322867458 -63555524 -113676812 -524331782 -406572091 62610643 563160097 300309526 261157729 -472686336 395035009 -804881826 -1085841508 -624504979 68527476 1289769306 620380827 71062808 491353403 -253345210 33260400 -982321409 598495414 -589170613 1007250008 361928205 -569589727 43852169 503319982 -395284682 -461212239 -632296566 187748985 -212815183 -278589900 -862071683 579047386 -336021563 201687988 225817458 -55352844 -719667498 406270482 -105766077 -221287858 1225195983 -191788434 -1662019 -563487086 600148451 -147943964 1176949494 139824678 -82152873 -224196498 304754781 -542425160 -689912982 -462462844 -315550576 -136936687 -1496398856 -104060376 -1060677892 153712061 -329930192 -470155166 -152666241 -440050313 227550739 -402349557 -484633353 537960828 -371599038 1028759585 -1234895 279230324 -497593214 -590134764 -173360216 -867602138 -25840092 -468487510 -247213275 84031185 180528633 -425079551 709871757 340230985 -318974080 81613161 -101409390 97005503 -185250078 458514449 962175306 47993613 -262759741 14167622 58560716 220436669 -248378901 184234066 -510993594 582616891 -213781292 297287012 -765547679 291898815 -388686661 -466269120 -255605539 6622127
512445013 -398918358 19190721 660098316 -470543362 -109655830 -830541088 -143766039 -511055357 314816175 -212086478 542299762 210380633 -573377250 -1426168190 -434922380 348007627 480007089 -542667247 -405172795 933826890 -699215933 1010220101 -1060506123 -63593052 394859313 -522211693 194576415 -623322110 179713029 -923087740 -431619827 -341795352 -872412352 -781855985 424161443 534266971 382340924 -559032218 128377569 301451224 -67968202 -292277671 -483515293 45460456 -282222462 250517214 -159448710 -79675560 374423211 -646477974 -186152822 417273310 372391149 -858696562 343881712 55202875 -749584729 136844159 1232508137 -459534199 -368412493 -42623494 662778372 518233077 344410006 -232560057 -425182180 38782509 -425821344 123125004 -77704125 385758855 -18718161 769375079 479494608 154360550 367650170 -6218502 -588200286 192242764 206626944 -136233257 649623119 -617282215 -154188716 377769670 345328621 -927862570 383724723 311821620 103077733 994949729 -633702233 -507173861 -83874284 1667952140 -54897158 -269853696 -469311371 146451732 -97682716 -161118218 23041838 -342128034 291563303 -22425003 -194910725 2981792 433852869 172604236 241504142 735886782 411743522 -572164456 -408147300 -1260687613 -462108603 149607559 591962063 818343330 -729204736 544013102 -1735875851 214783510 600199095 4309486 -305534580 -219193146 -311688987 114359285 975261038 -590054232 629072170 -245811299 1107913415 168525347 -41437809 -717458437 -447495083 544337517 152852598 973439621 -429691562 10139790 425297086 -228615144 -336206438 63912828 455001065 -1282614970 33493942 520833369 -914622908 287050676 -73006880 496957652 -58971642 -981805 562456853 -170878769 -274970113 653773570 88478071 1281119118 -257781158 411331218 847464578 -258176776 1329136863 792278431 -1703967210 -889638105 -145813511 659358942 99444979 -210632534 -339319210 663418713 291353651 -675671117 136317442 583038500 -318845065 -787762061 489326980 -65147228 -373003533 157982667 -907352800 -1478319006 -712128330 525222550 190072998 -545304004 -306496768 167270258 15319320 -1112580778 -231110873 -182359279 466041354 36040546 306231961 251252126 -352499515 885925684 49438332 660808107 -256499371 -376357703 596729291 -545980031 460497048 -110729473 -353865789 530944412 430528044 -646735341 -592955936 223867239 125959980 -782808 -208324994 729799235 -498514054 -745705180 -892541213 30324630 488864900 -301757928 -813757544 573966503 246198169 688172315 155708151 448688345 -426667546 -120835730 515414758 -287514835 -256233185 133642022 -389035114 -31117134 -463783436 175630121 -159508074 -408540103 18002945 -163031175 812661160 -66637881 -649535122 -212910585 306015753
-1900193710 -1008093539 -1007877276 -216006143 656752746 749630630 -340128021 -104465090 -287467765 215278897 54300506 423170692 -436234829 -176446850 399506105 425480617 366141975 370336150 -768346781 612258475 529155809 448275104 397278542 963257219 520181214 221582514 -1175833040 1032240724 -574469176 -97573979 865600464 165411559 -200376493 839073089 1405625190 -156901887 927591204 -102141457 253147936 -214641053 24206458 -61160919 -373424710 345187595 378024 574274232 935250844 -953552574 205459698 -134995495 696025387 314119092 -217390683 -126807557 1313618411 600206774 26980007 -404258699 231700619 647723828 -47042705 257212062 107464192 -644751472 466986405 -250533369 -176534829 -129770815 -509640725 -73169932 328469443 232610547 -59099551 587927594 76617559 394739260 -35940010 540980593 -196098029 11228267 -27987360 581638339 -32065053 581418456 -855372521 480921266 39392885 408360737 508806986 -435434071 -287330553 73102681 467349383 -136855564 -88553154 422402189 -9951555 64730378 666474760 112473034 45703933 209440485 -182726102 -989207611 1147419055 113448365 -515067843 -118246367 107042795 -218233824 -434254951 658193075 878426956 -676171321 786374114 -160044669 -318956587 -768803818 -638698313 400872102 -1027988530 -632897545 371756964 -783783966 -223764610 741496951 -125038783 545392867 418702379 -251713304 507328342 178013027 -308147688 -524159322 277896085 -597412484 -402454639 454981429 -163274397 679440852 -77007409 387271523 -315132050 -410188463 626425178 -514278504 -439705864 227389840 -202408348 469309801 1340087 -126335748 254752983 312549010 -810938830 440984781 -374221558 21932001 118066645 413085649 338759034 -57526766 -483430681 -610596247 -1059267013 -268975327 282500032 -627161744 -797348823 -264624690 -32726365 428471349 450508091 -730085013 -693792277 -338923806 160114384 -157590378 -64388760 -4715739 290523529 524281663 -57636394 1260170353 422458093 -535131634 -435118180 106464810 76478125 246514852 -122848317 42798787 630542815 -984778878 -575616776 245435120 -336668050 -47414716 -179817993 -183856748 378391495 261612346 -655368176 -312712143 -713656785 621961976 -311501124 -41320191 -1652925882 153725286 -176132685 1247879175 845950382 -725862374 158231032 427434273 -932367432 -992995530 -665008343 -628822788 -574193155 -707488650 -21533308 -592176708 831934426 -499019551 -633832080 -103825544 144891828 -107338196 -7951921 315465153 236581027 173537143 -1177757641 -637539296 -262595904 -524204676 -474594906 -266464844 -271977749 -471494050 156840745 380843249 39341471 109133428 -478781856 734512020 -402702210 440283537 656190206 -563530989 1046322867 47692811 675835389 272672070
662575232 -230998292 -116362631 528414286 -706680745 495670207 26029950 -10553297 92725907 214739138 1313496056 662720163 879575450 -698240622 -597405238 384224849 157227420 -559785089 -19678125 -28329318 90570695 137545155 75268195 973496626 304066645 559006301 -400315645 468010622 -1310941369 33436264 17366611 766501460 -703897979 530282440 766189095 -1243810114 -378612573 -694243713 -813611826 866736325 -130741511 316835271 9435018 -427412601 -213931368 54105460 1378335713 383614818 -764843044 13406370 835595362 -33013202 550429209 -389682656 61193549 -100783825 146768285 -1057712848 -732078736 296205975 -589229858 269569309 -359192083 108923851 118138715 -84834720 -498176118 122462752 -338646817 -735430891 -460075013 -99065048 -101628456 -368724444 244921330 408019056 -329193421 96563176 -537406162 155234633 13686005 837944781 101620889 -81121388 219480679 -562588034 -6363208 -84225342 -231543653 -117680252 -1099790031 1705314 818781235 -42472712 300064899 -349315873 -864795347 388797723 322001414 242305929 59910891 -65813044 -227389906 29634460 -1043295747 590826556 -215037404 547049381 408402843 116390029 1115567886 379764822 -322813275 -564213104 -76538100 626375428 -732829352 -293252336 157604659 84376207 147858521 227371707 833846842 207200580 242373066 -513590044 37940402 392812345 265476652 -110548273 446994265 38167384 -416787064 259187461 -1287899121 892164324 -1030859959 64257006 30714053 -136861735 395741390 -588237322 32214133 -1215264437 344796254 -1092371417 -5661791 572563761 -444006974 619448512 -8945385 -507343596 686514382 -74073908 -769022485 486712258 379093959 -406749374 615419904 -566038261 -636232893 -434493550 -560072913 -505166527 -630294134 294547047 430141366 868889977 1150834430 -21210058 -859512509 -284708711 -124818445 -615640183 -382547088 -566644244 328637390 915594723 -377336587 511461307 -208856652 -512298118 393310401 401902207 -536097006 -290755728 173820359 475459788 -1058848615 -1768403720 157203085 -140335132 -725065920 -680751260 153165677 481578010 528190987 -22392376 -118918887 -1003824830 -51858902 1244770819 -363099996 376368011 -249718768 -266998293 -364027026 -337333350 -514013702 -1294251403 -389508339 359359900 -163722817 773608889 1360722407 -389964168 -265209045 -20773663 786134441 -523916608 385503037 493911002 669747009 -386352949 229438347 -146268252 -516226530 -1215345738 58087311 1206430344 453925543 -349743541 -82348070 -37689751 -699946155 -377623167 -418613365 -119510037 -44652121 -10580013 -165297412 345867471 94937498 303842480 182134646 -734374606 122375110 615005901 -657198832 442573199 -240488436 -145652202 -70149784 186797598 -789966037 232229608
111659879 482682563 255817745 492309958 485650942 284749498 -568270957 -400214553 -190523334 -231745291 -161339686 -442951869 105836484 -701788431 -1465337832 -25726434 -269011918 -300881961 91351810 477808146 -168081807 846794779 427207972 298760267 1331005364 -79777078 61598088 787221778 -495458946 -633985285 -474012274 739940538 -812392126 -571814965 -314416150 -353221911 364889750 -514838060 110115969 288083580 -206300622 -55580901 249697093 271846323 823494290 843874636 -551942911 118147215 -873984099 -548623637 118466710 216384827 1011811649 -482030391 943970635 -543657929 -1194129332 757580660 -787583560 -377935057 597513000 388041361 133354071 -271002437 457987986 -1206698615 -551706218 -158900702 19446836 250233486 -412230780 931386283 35432715 -651840162 -112979644 -843215669 72937016 1251860714 -27895890 175861831 -1210332617 -481069491 582021512 -540257917 9187436 -17236150 510171531 212111041 -364562820 -792898985 -122358317 -385558646 -574896983 346410597 -194495929 99965199 192678794 666659896 -221787697 -545253708 665651306 -901040641 -706610063 -416345494 -82093676 569300291 -1168661398 -1170764125 -536385751 257499099 -388111450 185142892 -725575406 10839273 1491602861 -93220909 18158746 437228051 390992733 190623119 105189452 -279056713 479585159 -1361402997 149396106 150685843 662690495 293760178 -455588971 -378274461 -248460985 -812249811 19406137 471252656 272829919 -46149088 -761932056 80720300 -373695854 144064523 203135891 858390318 815578750 582362207 -76808092 221462696 -300532067 502788648 -319807389 175622301 199407098 -544161570 240431531 1068072907 385272547 -234851061 -635448481 -967875797 196662224 583679127 1500931838 -348182367 -199448381 -753998228 -437438999 242193847 214463807 -484087249 705187570 -691502982 -16471295 -327295139 707313368 -92029676 270872583 -7547505 400995624 -466871363 -87707148 179598506 30299709 640704146 -978315657 367749302 815566035 -113384637 213489723 -169008843 264084305 360829934 454749371 -126172002 753369410 -453160013 -1021023626 -855375635 -118182051 481872620 170269201 1218193328 -808014144 556565491 424411401 295205131 -366495849 -678665990 -114309534 60862614 139139117 273417127 349537967 824362576 836908656 252920417 -104593657 249873394 -38528872 17827631 505000762 437434109 32526953 -574333232 -334836712 515638729 10475950 -133884936 -583716980 -194943361 -863746681 -157456186 931910418 -150257216 -387187190 22561120 -360957107 172056869 344796572 -315979605 -616304868 207550994 280957130 -574087276 916059219 -100231087 -166001668 -801989712 105459944 -141581035 96198813 505492410 178069222 1413933219 356117265 1050448073 -960749769 454250906
55666207 239366358 -154100566 -366467381 -587622248 -516070779 -13136820 -441037960 -241810720 -396831947 -708062573 -312526413 375760276 -11085138 581135786 -805554071 -751101304 -474077743 95098794 498645943 33270442 -514152073 -295215570 -164972763 -930122242 -83387661 1065747747 804312880 -239750749 -109747765 25417997 -678046996 482142383 -101582614 366957476 -646834120 380143069 310676931 -205069940 502214357 135366441 -1016899136 -43112906 -800547990 30119090 -590332208 -89998091 946020759 162614292 -219639409 -333025960 -279979075 312041334 463605541 102246006 -447947594 -706866519 -926690912 -82045103 -1089920019 554926686 -837414794 93278407 781312746 -837724041 128068649 -593007666 -868214989 636409192 173593300 -570138185 374698508 532744705 -113152797 -61560936 252826315 -1030971255 -760539790 -429523212 400213336 515661798 344271153 83279779 398070501 -344767805 -371736187 -439078898 124126418 799959191 -1086193874 -57839419 -318934601 -402562260 -32948206 450764900 107754811 -610600142 736628604 -72739135 82088716 -961524630 -155364490 -1673123290 734111808 300218388 -22527855 -633334 402405557 486014966 -209020265 273295787 120656580 -356716329 -678800522 203871240 282931435 -12613241 228099347 458640684 -489815750 594978646 -269439799 -249299935 429126303 92569577 -412701796 76474017 997994709 -324854796 27820468 81249297 900397965 -309429223 -899368065 1167281713 628699530 416763974 -614650149 -125227844 392339668 -635956611 -704490637 1320235643 309841540 -543768749 -169957357 222613976 -583169346 -594903248 -229497388 -794059258 -97903223 -700504472 -1349196388 -264070134 -732724599 222843148 -365673543 -532627777 -275546072 -82427474 19001375 -781164549 1141681317 -1344054068 -157950350 1144799017 -1373304306 -945433997 45780121 -169246692 -219483662 293476653 67066385 -781898132 -482515852 295810820 -372281738 272837610 719597298 487966447 -678632078 -44702034 328438795 -508985115 -334597578 453992511 62622097 373558 904051989 996619007 29989647 294245644 -76681961 -556003770 387973685 520210568 956299837 946606340 -43215988 -1037690965 -176972018 86421945 488309337 -35301283 361914704 -928696824 -799039059 359437284 294922477 440846460 209967886 -517195068 582540067 200291870 -689951571 -140679262 200014319 237438598 -368301797 1026611151 555140825 -480926580 -439507350 -1478806190 -645819807 -692031513 -256283943 432832201 -610823131 589187088 238948819 133897561 -626271113 -922295648 155239853 -101804615 183938570 -1337348244 44435211 324153947 609703838 662805211 -106847961 -633597821 4469140 415402489 -89386756 -33806177 321815117 512524204 418874719 -517212040 265270533 -1052142461 -131855763
180659988 640291677 1197689973 -594580110 21270912 377517243 -840024522 233743838 -549544861 372798732 -864715308 -721088953 461439477 -147992563 206053381 96572405 225764232 368369980 -599547145 -525876772 -413245660 -444574018 -85639650 83286751 196845212 -597571292 696350175 -303228707 -156927046 560029143 70241400 -563375967 -829398258 893298078 64269207 304602988 240715527 341884280 986849436 1184213911 7521940 303986960 -353183960 -250166630 520203093 85682503 81096732 -681275796 -379642426 352800242 228196627 -135619947 -166466837 311747677 -1577989143 -54252588 -751512222 219525765 -95106492 -18820943 -164602676 -617249127 -407892244 -65477858 -112484183 1112164902 262191755 -93317941 434695967 -133660238 -294934533 779042307 -216775987 356067195 -279567473 -391152674 826252754 282104969 399647608 743188719 61632245 1010033474 1689805638 -540902406 -304454791 -395836718 -151755122 995928251 -239232331 -657731255 -315774076 -191245584 -136335081 -217422554 407007042 140509832 -159871027 371831447 -1098535468 -218246293 -24857138 -1027499764 505780876 572702394 774469466 -102560729 -430376137 -215355294 186757422 -552033004 151714342 -62628999 -224876924 -307602880 607064723 882425407 -45682243 -195156559 -937241862 324687485 -286843556 -1109534299 575896350 27630439 -525418620 263001512 402553402 622399751 124290962 1041704639 302785313 323111593 1035820869 122212028 160074139 420258368 98309678 -387027057 311776029 -491120429 39450056 71571730 331173679 654188871 396110543 705972476 -596009893 -876308 -128743991 141259555 218321491 -358719613 511333233 -452630704 736902910 -256991976 -952145430 -236127319 -152714168 -191023405 148607345 69537358 61561405 -740709267 154027003 218941945 -749491472 -610069577 -597582530 447801300 -731648622 33766000 -101587498 -305446533 460719753 662627584 -456110006 187205141 435409570 -859859409 857141882 -25055285 -412006286 568352819 -75796757 177564316 467335278 110621873 336235513 -142969001 475178191 537616322 265342991 -344636830 419086616 425874942 597180213 24706914 520859510 -294368940 -347501241 722686483 -1508422875 -945970713 -248329448 624185748 34582448 1002836134 -598749331 748133087 1341039252 -231101063 563487870 -538662310 -291565785 -295581221 25714273 -1234074990 537942668 1045158171 -70366750 582107370 263610080 428993044 -334748767 202481562 -256617940 520799532 315107550 -217608706 -49164078 -679405763 249552590 -197476216 -198897272 -311795496 297084774 340305238 8827935 -335514701 -184230501 1341610076 -437269592 -235138586 573605189 -93159574 563707808 229265001 277279387 -839627065 492145509 71552947 559019820 51659024 365674451 -87414596
-513077103 -626081253 752969718 142613282 761794320 -832097175 -402604848 -304199712 35556158 -1001647581 1573555657 1151186528 38697489 -574579894 441382427 -118540653 -333696352 -782923 499477071 -136753813 994493384 -381164442 869183398 -692145460 -14473123 -1306768518 186517944 -20745582 666281780 -551248740 73793921 -101013012 234119483 -599285613 -619667930 436241365 166903907 -495204098 61812530 166547422 430729354 63178621 -3281708 464798866 -7777554 103612032 656653037 576277736 344003877 176129428 -83983584 290669638 -293222131 -208318816 -138671581 419841162 -606223014 -790173674 609652510 -813140035 197432841 88649360 302647926 -570029576 -133765144 562959037 363109802 18608117 -128844251 -24570069 622698086 599250646 525067809 174325243 774067958 -859827467 -586357922 402778771 -216531433 18719350 -337347983 1111677135 -34130893 -850131952 255225370 83855946 55436382 -611426246 165145238 245686397 -391834949 857145520 366534508 -196981588 -462374253 843851816 73749610 616672523 222436914 -1351287992 1326372381 242028944 15008598 -844976812 -42962467 299748255 -281864467 -570032473 241395986 809920873 953776708 -176141836 750561014 298007803 13546008 -586447703 -332775690 55428856 -328268212 71111309 -34606004 405899050 208739847 448027049 107662205 525614376 266208029 -307412849 -124162508 625129415 -27951082 -858031375 52193660 304758265 -273310499 553644075 287082055 824971580 553785062 1067091394 -84420663 -521633807 -767844760 619257052 109822631 79577403 -524882823 133074745 90099734 -230451648 -395206437 51248187 -1128378923 813731230 69930422 -43894112 511538135 30204619 -53495966 14385343 1135806274 -495977753 622676508 2498848 -226923607 1363725968 431678570 759741820 177403667 -128244244 233124380 -199823722 167161238 657881186 820828674 -78941771 -622017979 551561690 -1042091468 202529163 -645026975 287294849 -106160727 -574755314 408752880 -204663344 -962963368 502899798 -865745358 852464024 293265890 224750390 -353132858 964011923 -201463266 -319130579 -290152634 -480339871 290911884 -818604641 -90138969 -81431211 289041771 215066263 108259524 121675205 -218024307 495962693 332021739 1286799938 -7363205 -78734851 65533922 -195231270 836319558 291376824 492253641 198844820 -409318198 427744718 -49100139 -14710116 181120100 370034741 -409663525 -343302250 375402350 -68723270 961494906 -115886918 1131344032 1083137743 129169211 -128038974 192168391 -348475213 -252215105 -117984394 923578420 -95947601 221624816 -296580642 -313256673 -366691581 53786457 1039517788 740347757 287248889 128514043 617534448 496145603 350761708 -241322558 -220965113 771763654 546607301
-91248049 -325912495 -93559368 211901263 565544813 252531190 -1102311129 -129389616 -24025461 -1171900023 275326132 492499488 -650718057 506780148 -111483495 23252861 -496228965 515953404 592606288 140450103 441129359 -102978971 420429389 601181882 -81617812 -39078330 -539476829 880009843 655552259 -506373595 -689804529 139662150 368809232 -791651109 433608954 585578989 -224197936 -371246634 -174748676 226025630 953328295 730601999 -132498378 177230476 173608568 -345001354 402060933 -796787942 35546815 -23920100 588257560 64047139 146436391 120037896 -114647388 818121558 42542799 -936290509 -231803005 413674014 223806076 -357317388 -582578484 305456338 522687261 715707383 -211759098 -396073266 113701 -676400320 702902926 854614926 -269357681 -181821458 -211795844 -537575224 -685703448 1046739231 461127539 -134489935 -295273009 385570412 272136032 -955663278 53266609 206551890 -348400196 -520435186 101524385 303463744 38982910 -1001283018 831786884 344311507 -338593662 284943297 -606386836 -45821583 -583417718 -535049397 493816889 -147999439 -486600794 -144342188 404777667 80738060 -239546025 -567444246 -376006087 243310643 181183474 206233137 -48647067 576647154 43401019 154173944 222057208 -54955931 573327449 -147845004 64459866 -563356623 886761862 -758371745 -518194031 -53183761 -429678715 -108623499 -838247982 79740098 205856263 -317059930 -831955250 -104521628 -87091675 -152727198 -372494756 -530443876 -667062557 -356065796 -695686198 717328499 508568453 -178878545 714738421 -289414388 -230950745 513093906 108316729 -746443439 -675745721 296325768 -281615127 165430409 -932379880 -408820044 302897094 -112468685 792223543 -542473812 569431732 -271479098 410619840 -178493396 509349869 450055562 953650039 203347689 -448550100 56175344 -1159591583 -145963182 -56515844 37667181 -164383641 271467225 89868688 -552261627 -620645624 454223695 -418645713 441096081 25908660 612022432 669688480 -246131492 502936512 -206675313 117880075 295686415 843036928 -243449924 -471265422 -513746410 46040350 -584432610 -74230006 751649279 108064132 526969917 -720541847 689407349 844398033 709210551 58545782 -266327160 -1340800486 -228957229 -82866763 285481045 892114112 -427895973 -512940213 190714619 310080117 424825461 555543176 625394135 209154469 -53529833 -43048825 251366368 -37179116 -150734885 -346887286 -602261630 600224035 -501340534 -232960309 -171595123 252106414 -552777830 -1128840848 619848399 294425833 -475848473 363391358 668780163 -659400316 -1058450366 -950240129 167507192 -293717297 -1149900270 167151103 453419802 326319127 485458003 -758635988 325652127 385109123 26360365 -294638640 530003025 895623727 133318896
-540857332 -13224864 148459310 -208959709 161533450 70534697 14460293 212100680 11424985 -260023407 -16274869 361126807 -110898308 -185766987 58933062 916558786 -1253618842 140460784 -603543109 -383300403 -120535460 -362488054 762096137 -155371626 1077154827 -834540428 -244278238 875305778 16512940 353717448 -802305563 -990058431 -78984116 -56423476 31239994 -98780211 296530769 -702849915 35653081 -145820218 -192432773 -419036884 655727227 581292312 -282573003 116519742 1256068837 481183446 -368701782 142644803 -43921738 -976796088 498436687 215828049 836502284 -300219154 -759416025 -194460726 490825458 -150747764 124632907 783657666 -184087118 -817693507 666510528 -659905499 20186089 403138151 -589420141 239515159 -795029501 -633165467 -482525229 138337514 135133148 -293619440 -277470072 -64876222 123188649 383991822 485218103 452990818 -502326577 442448014 -257988213 -672250194 143265540 1226829452 284444410 154969025 373908422 263862743 460155302 -240410646 -574598510 -367639642 -812909931 -82719402 814677253 -1152982193 239959630 313495621 1005050158 -498627434 -453716696 205220801 501965029 133481122 403322057 236814675 885933014 -261930752 123243093 -1091208368 1151417894 -432923335 -34505565 -793635078 -561190684 -166940155 -323613364 993711069 -15829914 1039268163 173271793 -36645808 -25090907 792804611 -208102229 213424256 44468124 567284416 -534136389 221944718 -342451275 -154535738 -50256457 804806745 134968544 769187520 561382214 251542493 -259722351 -317094828 182673938 -1023573544 100911376 1378401590 -307165814 194550620 -456317660 -599250368 -68940446 1018790454 -604254769 336736876 420633287 147996065 -7464112 544895639 464597447 -438504092 891300526 -85401737 607529925 -532048790 198180644 950647535 693851941 -160194283 -222247922 1318676848 1377517914 271924528 81788756 24144076 346917528 -327286671 160850947 -522791395 648181104 858227406 -516799485 124977798 677853528 -656906060 40841183 -310000910 -14160252 94281214 -301093909 406937602 88912054 570260741 -618865090 127534456 344265462 -407519753 246048701 211120300 852308054 -943072837 -463287125 415326259 -407853114 758971686 534194431 -868432149 -1664477343 -217403621 438728111 -879826962 581068658 139319935 313438775 696564908 652820629 301942031 -1227605540 204837584 334040841 -108803141 191490497 1237263912 529912527 -68282569 -100232077 -267554735 -277065928 94959181 -43198474 -67001425 -949339056 -140920125 -464776926 1270471537 156731498 -254782307 128331032 783294122 167032968 193769212 515563791 916494947 -106286649 6689948 189477444 -59822952 -16334389 937745462 -642097513 231085213 190769020 505795968 -511796084 98321162
-69465886 -514494212 -134279783 -205471348 -211096470 -134840029 -405013586 639044835 -251303119 1053640542 595340273 -1017745719 347057490 -337358922 -152460736 301901176 -911517524 65020592 -502327639 372176023 1050128349 -284559579 -352872064 1288099 -134111411 -214025650 666140386 112477766 -1022669058 589956732 -571906987 -329369090 223920913 -98212096 -83694591 124852424 -451488517 -411979429 138831820 815956822 504173364 -176004506 -370889511 160357572 206804587 413421863 262026893 755119976 -16592524 220647067 371931985 -253440679 -362319557 693485332 365953090 -448141885 -364900846 723657435 393264326 15438792 -478972784 -175687425 -24927668 -148540553 -1506553820 496024567 746166321 -731104101 63945919 589753926 1224868372 763793029 228717775 -259874855 -302285878 -96446663 -372422577 88190455 -393369465 460364265 7171938 439075704 -23551362 277490098 -68976215 -112124218 -349871866 481229964 -581251904 484114069 20611859 -996347548 -31490034 349410414 554230888 463892656 459287528 -510255139 904842890 -21707068 -1802363 -156461328 715273326 731149269 20563050 -756895070 -27430157 -553144938 469324562 359406992 -598994068 -310479496 -88880790 358819879 791428035 438060940 -701771844 553715556 502111466 683761243 415578536 -783498077 -552679416 -144545399 857537320 -401916241 -454934408 -368567732 -781372329 1231053344 -700186389 -1126493592 255373265 -217835606 812928153 -74860837 189263471 582844473 732864691 -496355526 -382912561 1217546714 -148954355 765659575 -237776934 436192780 568395210 174308136 296923918 -175440089 270311869 -169402347 6576841 -525190010 -346114211 -698550912 -81747393 546994749 -28988520 -99661550 109568481 -510226569 653115938 361716276 834151901 342081033 -867020442 143425767 -114367898 1169088797 -20023949 280497848 89777506 638039184 -237750029 -395064892 -1026959496 249963958 319877544 -7051722 119637380 220399695 209874062 -893565011 381560207 549548175 459786733 461806336 -676976081 756326028 -969618296 -416692725 223213593 398896319 445634275 -258544990 -204805565 1205454623 932162869 340080 -776374051 -466879690 960585384 500576065 -81891081 888136515 161643491 -603183915 596552797 334706452 -32564855 -3717882 588458444 481000914 -157917213 -466525532 -416240650 1049049526 -66610902 371576192 50292813 -186298323 723444392 326626735 928432058 -240885716 411187234 -34939713 353046388 -251362813 100075564 -488934252 -292864556 -454340337 1021878189 -15074757 268490840 441704062 425542810 -620461315 967386129 -158355793 -1393877879 937908646 331456410 -656039005 474613388 370584101 -127409790 194440621 -601358206 -278381820 791151859 691539742 28002561 145351225
-445666415 -339944754 152812219 121224769 -338839808 -47954905 170406224 340458855 195628451 699696757 269191494 -163230447 -846114525 -448203733 -249408427 -240665204 323549875 335035250 540914238 -137071621 415907409 -2841678 653418914 77843953 661416384 -5446329 252294260 -1052931797 361178675 -294740752 252884092 31349330 -990385986 -168634489 42886971 747172377 1230653805 -815333879 352877878 158832152 458896292 -282463648 636475496 241954895 442107721 -344765301 -68477120 359931888 185731918 361559669 146892391 550208335 -12954163 584801241 -474225196 -203791965 21704038 -96733251 -108795353 -1240909865 -58958496 -313587406 -274301041 130626760 31975524 322984387 533332509 -766414730 -331973915 260750003 -113803373 871955585 486763086 23160068 -373902623 -112292927 400960898 -749976007 -326282752 254660365 -1062092601 -27256603 241785400 603847335 1178356552 159149021 -97235498 30642236 -487748462 899394621 -1112597413 1134204479 487900467 785844170 157786051 -302172044 401988955 640094134 441164 -374231672 -254201761 577038105 116016387 -94871565 259575296 -1463675926 -267893688 -749056864 -217250105 584898887 117436106 -536423670 190670429 -206657164 129657079 -715929504 -77066693 473127902 61699368 -201783089 -183186102 654942133 128251580 105073845 48552521 1169055901 238308652 -435759742 -401609682 -209330468 444969136 23749218 709542236 1044139670 533584277 1074188921 162177328 486339722 3887446 -528114226 315485667 -724123277 -3886310 448745410 643099441 -188651056 869756187 41880786 1459435215 539242963 -542950258 -589551751 548604314 151081905 -1391100729 -317851379 -181475401 615665567 -678289796 -285642996 -188404994 -526733794 614512796 626972880 243908319 -157997088 472342678 -692277113 612365473 -811359500 -296717801 -557982763 -260811185 105339309 -402259586 87124198 -68036449 58467601 -97799729 -976280344 -565685492 -274827467 153313610 16303501 -993972889 -265761490 -787737413 -284730556 -751537712 1305943715 -1149949646 -237456878 -367196173 579214647 -518998541 136413593 -73761103 -559425289 -305928816 -916892176 -582116122 -405405807 192830949 65191947 1324473592 -603482417 514401309 668234205 162055611 -108668390 124797318 500263977 -268638151 -493002070 451133569 89669497 1134946781 436569048 300583294 -121734051 197182143 218329632 328742633 -266502123 656900982 -297990486 -60749620 763956456 281328663 359579263 -553092911 443777543 -583596951 810198978 -729874844 -262937155 -350678886 -455841896 1459717969 -31127754 -124635740 30067768 136523051 757791507 -427178247 -352267999 -283178785 51644360 -806259306 -14075640 -241221207 218703575 102754999 631052496 -576607883 62213110
-111374233 -494920055 1030896705 -12389707 340542921 -144768916 144333066 1182593418 225978160 60362348 340721828 392932437 -437120296 1262407244 -72891472 -295504460 -439708119 51611299 167176166 87753511 263362525 294125391 241079865 854149261 -720920188 -848619345 988826917 271722398 517182491 -247039471 -331475063 -287459370 808007362 -586226314 12995921 204563068 -217739218 -298846120 -82237372 -149695922 -225499356 -194340312 529690295 -217027331 -15605405 -459860009 -1189685764 277052633 248512593 -134333302 703559404 -913200022 -377073266 862383602 1112151632 673474907 -107445388 -217938437 1341681257 -222900957 256319723 481296975 -1007996377 615359123 -174162964 435934265 155462798 285998408 -293366792 399872578 37268712 89323136 409056643 986842806 617189850 -286816951 569215651 435286818 46473425 313431686 -437929766 -428952988 16081176 1289278802 211474578 -154476163 -937316896 -734701803 122123584 -882419322 66563751 313911960 62125349 -842057864 422564611 359345175 -1088919474 641777411 621139301 9152072 -612542413 921493539 -284713705 -948934075 11795270 -1176574982 645663090 -283171147 -820599042 -83957651 -177225476 -195091052 211495353 -69644518 -693131825 -158884116 -378014283 -371840161 407117398 -100358772 445939932 664536844 -952709836 478464688 -47655521 593303135 196391211 619608179 -332574513 -62067155 336057867 734081491 648363190 191255431 64349279 -211114936 -22835815 -421747419 -371288056 522211848 -138348970 -980440604 584546762 -415633423 83015733 -632929547 141069251 41119093 695600734 -1128804279 -396646757 374853182 1312187597 -369370438 -926518748 -280970238 -910021554 425622176 -649264082 31839069 496077114 -939137346 -428791098 -186131378 -394380571 -428639737 -698713274 -595076956 -614967390 -92716330 -476424621 -290804737 -122692538 95925987 -1304214671 -182444385 96049523 -974447273 -130052920 230114696 973990086 225961293 -365446570 167652237 -314224938 -199330321 -485884324 -74733053 -112634650 366579538 244308737 -559451453 529922518 528539229 -376723426 -224340152 412527812 -270870544 213142525 -91895964 -822625582 -474645438 492520011 11633239 443033508 857669677 148827734 161442774 -740515288 241245390 358691424 516291256 -182527265 -102924115 -35307188 1015660842 1154355569 309383052 -423157166 725193223 -474923404 983877957 -586544553 -32445268 539788518 377712490 206780914 -241535638 152355637 695898589 263264688 -368477977 -1087941861 -98849050 100302136 516713134 240900307 -1111922308 305180439 -211703217 -755912991 499429419 -287303150 -795881295 -110181630 10585664 -521137426 281287489 461287189 316288802 -499117258 189615616 -132525805 780074856 16459935 -859932765
324944443 -759525008 4501117 983625024 689539780 -372655336 -388471864 41847951 -246209706 282621522 409568115 695121993 81332086 -982927724 375121546 -763089058 -726561861 341787625 38229286 -549493143 212050811 -129508402 -537845728 -563594640 358958732 -800549255 230161594 124459277 26546180 31927640 -32902205 -529407805 421008942 30169144 -1515511346 -155653252 -635043761 -62630205 -126164073 240678673 -464192624 1044843584 248818437 -267891519 -811720190 -305870276 768047402 1466523497 171295451 -154990193 412711598 -39853199 333322539 516309377 366488077 251160833 -167988046 -309526979 -743976421 -1039085786 -320078888 -363638423 -370383887 -546577384 702948511 -296290140 -312989940 -103153197 -32277477 509866108 -450569459 431733927 -199319950 -1209584341 384828128 182723278 1288717936 -260618558 -546887392 736382760 -424032785 -398334618 29430742 129344125 461949505 -480380640 926390760 54430454 -605756724 -25978166 -130632351 -507768022 369846864 -239644693 820625830 821895725 -735583993 -245891456 855949654 504791594 -276920132 15869027 -354933672 74187526 -546753783 -593799808 -20692007 -890489989 285544033 389062627 -474024175 -61819908 59178121 -139281092 -177183665 -698192134 -367908888 -687074204 -19599923 -249430908 170865058 -322531223 795684929 -489255619 204044038 341913629 51330659 -576768892 -1197619 -283858339 -305965513 1375245525 398898728 -475197761 -264001170 1370984158 -429789877 -398394119 -14595377 -793219945 -195357710 447860960 449529254 -482356023 -252614231 91159336 126246005 505904765 618363755 252410089 63480324 -699778150 -601146256 734318965 -391930952 448438445 -7611665 -444687532 310201090 -104721606 -242381056 -586825315 39039099 1136118469 877257736 528063362 384528390 111643283 -608120481 -270353915 -1085652421 -101459904 -767997538 759084868 174181851 157615437 -808280395 473538605 -167213057 -15678939 -128863409 -108606280 35792992 -267239381 -273515619 22291083 56321724 -331847488 384229633 -69379349 48160564 291624713 613388786 -532914632 -31778164 -710322850 477593368 155447283 13448593 768312000 -230335036 1000282469 -969301116 539605163 -730953318 -795053552 622587383 526915274 429216059 -444044777 -249913688 445928012 -46025881 -520399073 -384708794 7137495 265427764 319342810 -252502786 307618590 715848448 338692864 -4062752 -418374044 169955974 36043579 -49782380 -45425876 479629634 451462271 27701415 566870720 -1167696262 589502326 351173428 567547367 467787835 -543965945 -764895416 37883957 159616626 649262680 676650134 -1096701608 -433445510 577424320 -160869589 329688652 387932887 532999369 -572291539 281180675 -918730806 -387387738 210448853 -687381296
108210982 -769597308 -233192117 1353689 -339265034 632285831 -312795045 -5853249 -463690277 469935795 61491901 -276379025 -365703908 -256085506 763847650 135057949 483691518 521646237 -743081608 -212812411 59907541 576543376 -339992318 -109216832 -53070572 319589534 -291501479 -840278583 723200038 -506574171 529828202 -566825749 238137459 314234015 126131463 658922576 -247078002 864594492 653159111 12902756 562213336 -483621618 35461981 384358823 -113496249 22502243 -1578454313 -358237671 -640098394 1161457972 -357320293 424343109 -419984419 37063453 -65092889 -339052914 -6283050 -269707 -270037746 -87591048 861387621 -173468409 156622053 -141606576 -343084513 371947994 1064083895 477063413 -507277168 187911503 611195115 -148918033 141830952 123540863 850475587 -410335487 -244242582 -514536817 -235749465 -572340256 -44986509 -75053613 -591132447 448985050 -454876524 -438392370 67253899 380331048 387401162 -238852650 701996252 -155740505 -1098639301 -319405855 583514125 58955584 313829590 -106502949 -545209203 663553006 1267099525 -702048936 -531866831 -341549915 -153798803 389355319 202496703 -148957441 -231327924 282972538 -229481799 -1142411475 -303953983 542601421 -414375223 86979268 -141656132 -17375525 -116938592 -730904672 1078357845 -479713551 279287827 -633429655 519075224 -81922217 424233418 441294914 1002759451 -129093210 -173966354 -170948994 565996117 595588421 958757172 120064877 -321765567 445171287 -793144310 -283361263 -131461124 105128985 -948066710 503921870 -643307394 233711959 774465758 68185279 208239009 144252824 -876715537 1111492928 -134861357 -997916190 35789708 245352408 370557802 -247193687 -813667414 277967172 1343472197 610653933 -573078492 223910975 -297874062 -572763623 392802554 839805173 -622367721 129776669 7146742 -1018986400 -103133314 59659416 -420950273 -222396332 39068041 204516597 101431419 -502163910 289857651 -574398465 195946262 -400872608 164452767 323665172 -523437775 -16234305 208960263 -127375324 -564974648 -540416295 299348850 563887140 -433588608 186695108 -297357285 309674894 518105222 -736661557 -138354978 -416129631 -673864118 56733081 -60704862 -800899340 832470697 -931494039 827533390 301403297 -351240014 -441444772 -427348703 -1500019834 -666163922 189241304 -666057842 -228074319 -625323602 226821052 -152372273 452033396 558938785 -429246727 366955401 -34574903 61593751 1185431995 -126520190 -893221208 -1312518517 -526739673 305428723 777248843 802759686 -572335637 -688794630 -34035226 188844685 -140046007 -482188876 -1406583426 -6834564 -489606461 292768338 62239733 146016772 -571753284 641882305 -486365040 674763785 261931704 644682915 1212151612 -547456717 -57436897
-187879151 635063319 -293911165 -735204935 -19400363 -440582250 -138684348 158859138 288032896 -419806404 259868787 -511725160 1036018509 494115158 490738211 300313480 -311238178 1058291891 -531435020 -592391057 683073863 666447246 -657184732 -517673094 382028998 167264673 -471796559 -160705722 638804413 568839723 -53768687 -358351655 -90314028 1002709339 -953247920 -341026772 431358466 213608158 -155446974 -274422970 527914372 -406473631 -813913296 -908462136 -726903891 320410447 516094823 -265894335 173695452 780056651 276507053 -233578046 -64630398 -638807240 -763904430 -30879790 -225730889 -433446927 -89154117 143031787 280627773 277209185 -15519258 -82996351 -135584911 471406725 -160447580 708614988 -1006145310 -814703481 348712068 -523629736 -764952116 398100403 191402593 253570693 -718630829 -305536938 -216396409 -19307442 541800937 31665860 -800010038 312172976 -115248205 718192470 -632724466 389297813 993739166 103953117 -372867928 -461708327 142989337 -869253813 -59805717 -787933448 525570732 164153591 -215496134 -277527265 997030058 -102286073 879947138 -305439358 -9456024 -595263802 -230895958 -49260366 -1657892 306247086 454445620 -60049829 -124958492 -172609808 -15802085 -572144315 -254652043 272090985 -454806274 55798146 604726631 -580889078 -17653409 245454179 805524083 -1319035901 46057584 -132125771 -398717325 -84618904 -644143757 -185974603 -225991269 88952116 48988517 352496126 -153105532 989605561 -220235026 -513188834 1029119459 436644198 414872888 -238833731 738189598 480657640 -363393434 -201361782 -148483256 18033800 -675627815 -156294339 287667779 -498897416 -322321826 -58944568 -393595582 -303652054 -138457410 538398139 537876397 443737557 608256711 -170925542 -300901419 -790148101 715709423 147927653 -151756914 -827058245 550858761 -1307794656 -547150851 -41964736 30442725 47560524 -370948318 -497000043 16779291 856602364 -37129587 469336993 96487654 -231165301 -279550700 261815502 -24803872 -6391781 8405082 -574390740 344284635 400483104 1181856661 121209181 23773081 698537105 -515966467 -179519497 122249777 926355674 -152207445 -1081655929 -1188098137 -271697317 -311469159 363273724 -791443601 34270132 -25739340 -329316978 78322659 -484066300 -555233253 -438246468 508893167 -9134177 -153778742 438527846 -137438981 785388674 772992339 84253321 847356929 -36615240 -490534609 306743453 -34580376 -172719309 -545942784 -25111784 -227849562 230433387 -147626115 837903630 -20125789 271652389 -140379297 45816688 -584219336 -993533188 -10193631 182189594 -308822914 -452810213 -409145859 371964043 193621299 148719930 1096629424 -993306592 -429300489 -1116558561 -243323563 -162954159 -545218328 -292589115
72731535 308392651 118706707 -264088175 675618437 29321229 -32126006 -585202465 -199519826 259445005 383359632 80286095 350274528 -2142551 460204703 210848701 -330368226 527434759 549417337 162681090 -508152329 -212722978 -810472735 -269397491 230129641 75002831 -88565138 342886934 -393232368 461540212 636711730 224750093 401060703 536785171 103741459 246757386 -185364287 165193905 -12813432 592996335 -636785683 -116012242 244499220 437740212 -229403135 -478373394 1138405161 -495358094 582524318 -166708081 198211357 -479344656 -300740098 -151871729 -275861914 677045431 651478606 -387861190 -268006439 -58327804 -447481636 -394511976 -1111543675 -177856090 -404275327 -651820776 -662414188 115258319 -459387452 1380307648 -1058805125 -601720201 -352722051 332061752 497523560 808078616 -1057597991 579576955 363928850 656482891 686709960 -1184094588 -158712779 375810241 -47666597 30688136 -908475527 353804819 -101187621 1039627658 -799894650 -475144903 450951810 -897139887 -408722168 6304785 160876227 711474578 388247983 -217143982 -583876300 -162625883 -350432754 -25737128 -414436064 44724007 449900968 -63373542 585047435 45613767 55249692 -120725573 -373127950 -611031226 -231985888 -233369585 142031473 -74274062 -708074684 677057211 185558840 69735516 365377940 -6007969 -421601088 -522801281 -192188195 -688738072 -1723002311 253208408 -492657932 -454113413 -1053619382 905955452 -972954436 -348219846 212469810 692286868 -1113119591 -381308464 274912887 925268986 926066236 -994513832 -290977027 -845142862 -103136720 -79289956 308984655 -848604642 -591547684 -193713033 617254263 -307918060 -29725003 1036595496 547771034 -464508956 1411887089 672832313 -181525772 242492819 -403608363 1019080578 652026292 361478094 -660346014 226453218 291228762 629156950 -850496361 -589970629 -76379297 93100407 -198000004 322207712 347795665 -922776346 940778649 653466857 225272534 -440970251 856384391 252852274 529197612 -226733086 1136564110 632762678 584686741 -361423850 765075280 560828276 257272533 -402626430 -12767341 227476187 87858048 129131976 396036872 -164350910 -79550313 607909671 -342746205 82446732 587750064 335616969 -581092669 -499409689 -221890465 910737470 151328409 349226398 -551868368 -40966890 -320597027 156129553 -829000455 -269249204 -177550948 -259254792 53938789 384674549 393916739 77165667 190075957 -1262174596 -59401520 368995017 -567829819 -20199791 -1030086692 208877083 -505527791 -337553616 642192040 -340467779 -974601003 111049524 -354391615 -783555050 -652479914 932072300 -151902840 63541858 -599103240 690186032 159649904 102949890 186057454 38044679 397470975 -513859751 -211416305 436136915 354240195 -228698195
-574183875 102381276 -251130482 121286985 153014970 811970752 -688027771 319918553 -211426828 64706579 276390161 292947980 294734721 177280023 -621839931 237642000 530329213 410838511 -256855715 261941878 -279921613 412331448 -74174327 70373566 -42573160 391250000 -1409736777 260162206 -104931475 -33538691 329570736 -188899227 -292121893 1314423096 721092189 -916507072 -284412286 297981761 97580031 326243207 -133052194 392446305 406654761 437250262 208406195 344901295 -147941634 271514216 274759627 332444119 901499549 356152448 3442427 -476023029 28639474 540425446 535541656 353447398 -605817283 -10465253 184314160 -777546236 147826628 73201176 -465604560 358987171 373824127 -600174268 667402076 -81063748 226603366 1270544265 176638670 454059578 -198782602 -367671150 306983524 -314284256 -436181186 455058461 485549194 -139571389 740673047 -356842087 886515302 -1966136 -578551432 888960818 -681478617 -168902493 -225508261 -715816663 -509171804 688646835 917080357 521353886 -30742668 -123225062 156975866 52465769 145333689 -37213860 262057803 -58964878 1155542794 -90999026 -895424200 811078160 -332203255 -373645519 -1270463982 271772189 772511817 860708652 372580175 172534491 68111003 143927132 -27197110 -69181808 -257171593 -1342853390 1267022811 59517382 400462548 811079032 680337867 272646702 158888621 -265723523 279124396 -825667251 231372534 806957296 295104393 -728319336 -578684943 766558830 -267054771 157424248 -282177959 18772738 733472818 -288185873 -89083141 -182026770 166791446 -783528943 39367520 -1025526516 140149473 -437763814 1217184838 404988597 258569776 586442736 93326786 -166796244 158732929 -378117836 589447174 -596277478 -1074927798 -395688427 44380893 11208555 165379012 -575762528 438455739 366005107 -621408681 -321127941 -359044574 -421561603 859042686 -316419143 -162432168 77121322 108000218 1270963026 -538217178 583937785 240627486 254519232 -774133868 548912438 -50831982 -25120539 -633118747 296466905 -34289392 294852495 943060037 -48928290 564217335 503786187 -933496598 61300033 -138534242 -157537609 -1101271632 165158558 213782957 -437032873 -435193885 -209147511 -614143559 324822615 79850739 712955426 -545216332 219849983 657675643 -528147431 -434812010 748315558 -494788837 -190360790 457485757 6278821 -1324838729 -278035969 858718473 -1425555887 -330978426 -250088341 -316651636 24333809 320415956 -120638156 157034519 37010769 -471716816 -363387388 173127730 -251077234 -726735078 214408328 -369690731 33993365 915402746 -361408204 -5430636 65556076 167396472 -141582349 -452387892 -562582604 -610836041 -362020991 721953966 386053378 -314485283 10933963 469499206 146570876
117654763 -1026440868 120694910 -858515126 230833752 -490440263 419316580 -799228024 303574506 -450666126 -261168558 275159902 -1149914837 -220811869 -241946577 -407974488 -94117208 -707641375 475610484 617847947 -110537199 -150075754 120283967 -199472741 670544237 -55586131 -111702066 759653505 -257669362 -204608280 -719092314 -856173907 299616029 -198137064 -863238825 -494496898 -380690903 -422846836 -417863787 -426550367 357824742 31560102 470520022 9778166 325299402 -232234782 -488994770 658481207 -170355326 -241870754 -296446462 -110613289 -190574921 74184484 1013719614 173250131 300468081 247731238 482980930 -659309484 200156911 310858242 77628131 271754914 -356818844 -1021881124 -29204492 334456616 613670655 1152572635 -558508046 16144371 191724983 -528789150 -563183866 -616704776 -820486461 -243698526 54474827 293700223 -556615055 -306775475 795473002 -103293528 -677151279 -396875390 700563202 -228130479 -428662645 -82662042 -943849472 236192071 -863416357 -66594183 274880219 -205998885 27000561 301944450 1246232098 614698988 148205558 -598070022 -286795628 -495769143 358336465 498824860 -37417610 301574758 1055575045 96882245 -883368677 100204345 -15765839 -501238903 352265010 -375408712 531840706 -336342419 788257130 222893868 -316752702 -627298158 -57993502 -2081575 200577259 819325263 -57893601 1006797919 1163030578 820901385 377470549 293407300 856830027 -890288127 219850797 259495858 167314430 446105729 -359884469 -453164848 -335467601 482897119 -927532772 -273873436 -317423341 677343913 312922480 939359332 60130073 376279244 131107697 177315145 139274213 157163442 -1285666848 19193773 -1147692448 14470051 -80356295 -88439041 509120046 181726812 -326530784 1205640594 441403210 -422752704 466465868 -679544870 119106614 -560466675 226867163 975492653 89703179 1931148 200121891 -103918769 -149281061 -71512450 -192925809 193064160 484302033 -640103336 -1121135097 138790739 86463665 -121453789 1255192989 -137541979 355604821 710431935 117021813 -1011267656 455512954 -695056969 151302015 203791206 963307513 -115125465 997060626 -1098589451 -255598331 152623702 371464925 -4242543 108674066 -1064471279 766967132 40321361 222881516 -388519173 514890727 -276818115 -798399348 272135226 333168982 -324646274 -107078308 -267048029 559545654 -748121902 -191153620 232576945 35007782 -36209766 151002600 257231748 -229411735 191294677 129188338 1192526597 -92749392 -75970595 -455374918 -332693166 202263255 -322940899 -57418631 -559042522 354538585 -483321053 861535064 -178021419 -118185111 673439693 -307757788 -148072226 -599679655 -78854463 215790644 854890282 -1048866638 289394592 -45793477 141169237 -351382387 1052393552
533320546 -94897721 583967086 -622923640 -149160515 -13801367 -313154889 -975471311 542007564 -639269500 452785651 875438028 -432666127 -650837670 209287875 -267930533 76745811 -5628379 -661768464 -372122174 876410624 -573970988 182489731 -981526876 -111249639 146777227 284585867 157068193 1027495792 402381115 442667437 -272333186 645776984 -850498038 -246391790 192671484 678770166 -436947899 -293487778 23443990 -1042548309 -712159314 -530823222 -106003357 285934054 -229188060 -986499765 381717193 -14561914 823913939 -745346903 -114880327 -827543503 -291966716 115993624 -833117866 252262289 -411917053 314791810 -396523235 1205332190 338310471 580422673 772045453 496428521 -161278839 200937046 -17757516 849198187 -811727389 -806009487 -533886814 -83112598 -242693637 -219138481 478792705 238717889 597597920 223550134 60331555 512320483 187806801 239636458 -493559603 -21613094 -644545259 482888322 80150022 909729382 138192267 362989799 -497679645 574316445 379429817 53456581 -588306257 -490069753 327192560 86434916 -998697789 -206367679 299068216 -633680353 240198014 -346355156 1006156351 290513167 -60542920 -231990950 29611942 951593464 510199317 525014959 172015768 -533174381 -327482408 -458456552 -550859318 503559941 -630073998 -339456446 -406916865 -552698283 -555725869 324256387 -303287198 571690703 -468671675 -689193349 -416150593 219068661 -4472406 -247089150 456739448 462978783 308253900 46762139 523897982 301842218 707304217 139244305 535352882 1120509123 53863967 429640785 -178559112 -601831320 5892192 612342676 11216818 38724718 -586292257 492800497 245449717 87729845 330428037 -483623307 -644611521 -342411226 376806284 46886084 -484937025 325310993 -141267132 -726612826 -1219319990 721553408 929636008 273191264 -545896134 -4624716 -560070871 -13223869 -725817700 -196620031 -119717711 870612264 -578851158 -708823790 -247420493 119137290 -117503560 -547978841 308629245 224539653 -349123714 -169875751 -873220845 -321196131 -36760070 407719754 -558341777 190324617 702671818 466089638 -593114663 -589814781 -424388488 -457756730 17894868 -624861100 -55383254 -344246139 515893627 174957658 528654439 -425816424 -23913157 -298222678 576099132 -151870288 443393468 -318804926 -748597647 371300552 -472515375 823500091 995930029 506229169 -534778132 402576470 44877615 360695043 437520852 -1166671982 -595093798 556381904 22855051 610167585 130401321 -96251152 29236112 209426887 144061004 -736953154 609972955 288116195 701792169 -167208317 -271508125 -540330895 992472903 1161062407 -173073400 336092023 -1231760503 222502543 -981743693 586806465 944672917 -44490913 281648093 41107216 -201392593 -342460487 219061979
-1158429829 -336324857 172757850 907194332 -374925015 -254761468 408508625 803817665 -33200559 119822624 -822507119 437739398 -209236790 -355230854 188486572 205685763 -437113274 -266381795 514937150 190947365 89500159 588987030 -87051074 -1287470797 -640671285 -130755532 -331780054 -10076208 -416182106 -157960209 -6605313 167484336 -225799653 -113303118 -461851111 255052872 124982191 465456289 923990665 431908127 -113959623 -444083528 744426823 -348809890 118976618 -151086837 -1726415395 -62308715 133894646 1008423183 -23490746 -215933353 -445635968 170523652 319075108 -203544072 -643598223 240457222 -508100006 -659091680 637727874 -173155419 -172159460 -623907507 -524665155 222397994 -719157873 -338794431 72186809 630368277 273220628 646707929 373045642 -206930979 600470027 -627461256 289804693 327437749 -486290401 1210030307 443480866 186617234 38426081 -90170041 -278560787 93504223 554432716 415931865 810820437 -658025900 -347899846 -705637518 -454788664 -238141261 -253923199 499151609 855245701 14072806 1221779180 841488286 246544742 -702756898 139421305 -308823687 739174126 -334096283 -754236025 376741217 1117202552 -483866273 -547732081 -327624565 -532496432 656081010 -324478580 5918513 -283266907 419141431 415799809 640910674 170244322 509117992 24782657 35914750 -639291461 -271927243 327175 -274605837 436501203 1359363281 -762969228 -725325201 69673227 1269863797 2018895199 364657747 -459557873 889795217 293496142 930919915 241719708 -97158436 -365377554 19457449 -940774204 690953916 855530142 -40528603 12796535 -670849619 -190696900 244127624 70506606 -802615956 -587291381 -153749258 791820122 -58165605 -194565373 -643377469 78892695 -864387433 -103243524 -413584820 1251098200 -27520445 264897690 625778409 -51469382 109612376 -246544525 -549824356 502912651 297510395 161121159 -616181046 -93143623 -134666927 -566058186 383587538 132365495 -148921097 -99275243 -55489521 -776766725 715942917 287454938 395999383 -129838630 879067485 -415160010 -194492234 -753999576 -723536029 633746043 -417526817 272800664 630657693 -1021757548 157157622 120935339 378707860 -140071276 306264292 590397203 535782242 223673716 248977486 437715937 58603758 764984013 1348558522 -784316109 -594696356 -286126711 872724329 -667331225 -848790643 -467000649 -493533048 125245829 -77227201 -558271341 -626829608 -107769320 -297676948 -488447822 -180465303 132463447 222973653 -1086688068 -911688190 -463704426 257251716 268132210 -51343402 176069804 -459285249 -96467403 -1154082468 177904472 254144887 61272030 -241976975 798923933 223768056 -407745015 277121276 -480537114 -153220173 -517168478 -926661227 -320496570 391201835 -1008460081 -762441580
-457950786 -499389643 -195896559 -270798641 -596725830 -284262596 940972958 203353185 -251140980 -712594463 -405144456 -181723034 -491087668 -16011900 -336343700 -123500228 646461817 -1134327953 -778014779 101997544 -530546892 119527145 597306887 256523259 -438262690 199531900 295834765 593452374 -27934469 285589491 164030272 959510775 -166558299 80644753 544144882 -658042798 1065026637 222195487 197821694 -510047058 728353699 -259480557 538469823 346615382 917324097 -915222421 -1374296737 -1071806788 -31371485 -556151272 537389773 -53652249 -81014035 -605824501 163320155 -208711847 -533835396 553676083 71147852 477913997 -257522980 -303039145 -681637198 -537546145 3617623 501121773 506260088 -689528543 -334129425 148692308 -264570210 -277403463 66986478 667515455 -1151807173 -611271440 150791904 -450214917 -93182106 -248786643 403916986 -929735032 1407289411 -440822357 508712948 -135970103 10538708 -497779893 524055214 249692732 -317999892 962256345 -300219202 647183845 -287995144 -343969697 -430714040 83450982 -275700502 560720906 -431581404 276191183 634849874 221969455 -53040351 2767163 866440716 -654923176 -300539119 -94232411 375450029 290390355 -110215042 -780120268 453298936 -882743171 799891872 -264803259 537633954 -106514257 290723279 116532528 17097117 390984457 174474995 426117215 452165358 130293375 102829386 126508080 -124829287 -40969652 89509317 1312590966 -316666275 -352184015 -238001499 238231878 295245254 244381851 400797453 140453068 -389955548 925825689 4460421 409654927 404160656 -348596935 232067613 -67605953 635420283 -82708078 417211833 532791261 515973394 -82463555 263757696 632911062 -1617119908 -107891740 -1359181692 741060082 -863230307 439134291 -493404777 -952990878 35752345 -177919936 983350471 -612861944 379367233 677417218 -166866446 139680519 -565817950 -1049591 -129778200 392071231 -71275252 244816130 15065704 215302294 -394064582 188699917 -99143773 353512273 -702767268 130706710 -133957814 405309199 -488098703 601979847 1356528 201403668 -114579464 237055663 -469960751 -21139138 -254211538 496978128 205337933 -195791927 -286988665 -336291258 364816556 661183029 515965728 401477707 179514026 -102448484 -375694843 -495896943 -249544464 -360429548 -465649508 -397259846 5406344 -359287084 884193767 -594778878 -1014782985 -540885071 -64843203 -446931880 23347399 924799448 757373564 1138280965 -873360862 422459632 176620274 117411862 485193528 -864090295 -196219464 128582009 -176197917 493449783 -43380832 -355956966 169717960 -405382532 492287259 1363894956 -363715382 -338389459 278989447 95190325 -223797531 -401714556 -244671332 39900262 282966116 637840612 77925178 -650652043
169035884 -222329049 285353541 36008928 -748235709 -576913290 81420081 -3309480 118033058 268709832 1327495276 -199077663 1739790150 615105718 -615780616 -411138390 -126103657 276508085 505976461 785485534 235101459 1248319735 -759630530 -534096026 109170160 918564654 -1030163904 788338716 -1060461234 444552411 319093467 -566111597 -805888842 221006333 -72868767 -179226017 -376548395 -828876878 -310830164 220106228 186815223 -620944291 518773078 950137161 -154539917 -658869404 -165668291 -13707409 1231562591 -188413094 -441457571 -526746032 104316452 -465459942 561763186 -503132946 94787170 -100791359 -263260339 -201485901 454515515 -89495864 451495934 199112824 -758626980 464474750 608671260 330483378 -1108565009 -152402552 156507241 32606249 -701054610 -165499020 305228739 798462435 460304621 -174549020 -305405103 -102783629 -711881869 811492572 504233130 -521687251 81741642 137787236 -687470050 164179080 350731608 211959656 36976709 -668557355 1069096910 -581884374 -54537886 141011012 -317467156 -600003793 -401662763 -202597504 -579836497 -589351508 535443384 -1232956 360820609 -87318211 1035846178 106256955 39637111 176125957 -769617044 87283651 91970967 -535065971 1176615847 -290402972 104266178 -426173456 -671647944 499397331 -403517745 -757748779 96740180 -515978217 89774985 -988172519 -445269081 -480212110 -406536911 200684055 -31664914 -1200279610 171107131 90863508 -167098095 -399884616 -238351457 1222711558 792016475 124626687 296946059 883110589 388505615 97285939 -761781717 -168163417 -57445234 204127810 -414106777 -703908809 -353354234 -423802242 -285716673 487463067 975183566 109276324 50960951 -1203494465 -435942380 275246913 832122325 507613997 704678416 -264188277 -344026920 -604015580 344815982 -227019963 -508108690 661566576 151653330 1297107033 -10070856 -459396778 -211045205 -89294737 -543298995 556256872 59627002 442027214 692281701 -615612454 -208256471 -29268235 -258926473 -831223732 166482877 994092706 -304392305 -407586290 70435326 495809222 575631983 62173742 -162527719 76594554 -164563590 48260504 611696549 -1045133500 343869597 409237905 -312352235 -903539456 629810533 862443624 -510474221 -350844205 357917137 53267614 772223411 -599297169 239245988 15557448 -75227843 -514415741 -257732641 -991968805 -264594919 -258303537 -632153882 346390638 223495856 -114541515 -288533813 -780346264 -464005116 396597289 -50118707 563379382 128477841 -109531847 -5664858 -185592011 239080991 -672944038 -266512769 -504880011 -690079106 239515666 -773938969 -408546636 737165055 88393698 -146295796 -313033450 -157935790 -291367121 446225434 -391503342 -591715733 -755110299 49501483 -93515947 136544929 -1046474670
670287704 -320566785 -820848088 -232634154 -278724817 317705251 -598045091 221472684 -169931523 1074329369 420317007 406573282 -560473319 100409455 -581103283 -19427368 447384326 -804247732 -330205982 705530371 963180753 180710519 600253535 563495074 340191206 150611260 345002256 501855288 -1135176210 92255921 -582957841 820805458 326259164 1662274295 139684903 -216273118 -346390847 129584787 393376374 -252046134 -816925483 -77275239 244286240 -974426021 -80559013 661571473 -207896159 1120359438 -157449434 56599636 1730052344 -634100594 84609866 -196897642 -311166691 -249318115 685867628 202154164 -113070262 -103098538 172218529 -110761697 -689466407 583966501 135187390 494053243 -64674972 383249046 365604215 -476278407 -415471803 -421230551 329903735 174635805 616430893 543185855 233409995 705150730 -72710503 -344654559 131865235 -225885728 548763034 -166377701 -373417116 543567288 719165860 -503667448 -45657462 -219521431 981552003 -319705099 644235936 -287936905 73936068 -675992363 -676628516 -121558342 664126216 64943416 -468285960 -702642206 -1093236567 -379257053 -1149431509 272152793 -113928050 -79921116 -638285548 -98218524 239579283 387973606 125588732 508457289 187763262 421340319 -1010608034 -593686041 49264405 378137294 1695475959 -864899387 -57077452 -414561891 185032482 243651230 186624019 371964753 656616809 516812642 780202707 462175351 872714342 -49030211 -58835152 901738579 256609934 535051883 -71936181 -10474976 413678453 79755149 -105182085 -146896536 -27285519 435712248 346681705 597278387 420573063 618158208 -500413503 -278747661 573542539 811658792 -178662557 -484397314 577310373 183910997 -563664559 -9975138 -180238108 -329786239 267947447 -1246670222 -503749329 -1160039644 -27023961 598657074 407570421 776826269 -628251956 -282734322 312615838 -558741069 43234202 42431985 -403771113 584957028 177922604 -893181687 48650145 -458646901 282765952 -102442583 -728363527 53209753 -647100679 136033608 162365889 -953437885 -751458904 -761377052 -579964916 -62902699 389669346 28379959 945799232 915952601 789796905 -54465217 212752408 408216083 -107456929 -340009094 9632360 -392990827 43563499 272798704 -86485137 -1077411784 -186973049 -350841537 -317865353 357460892 -48581363 509790304 -56193665 -107565705 -171321350 -98600999 516114499 1111860777 1000931858 -630875714 394716422 678976941 -293088267 187086655 100433386 -67381305 -742249553 -1145011459 690239368 -201746287 870986581 -223071782 -1160181875 -317758093 34045901 360842715 1420100 233669860 -303416454 390264742 899304628 -1109882648 133548785 710956436 -975041519 -643103087 15524332 84292643 729222033 140170559 -805611121 378759461
-579671 -287388529 451203441 650560991 -68891003 -84729493 842160306 892639770 658864748 -384982156 -444898278 448272310 -620198573 344861896 219829498 142075853 -873136935 725448631 249693535 -143813951 244808571 756387417 44752234 359835231 -219584150 82904785 -192284312 -8638380 60696354 -446465476 353467342 602998498 -720240743 -786548389 -700414787 -188589570 -104859727 -245728264 -235651678 -827782392 -633569439 91823975 832854493 776822335 -144655302 72662879 -526071648 1020191471 426702931 -276872964 -697969840 880717478 -485853868 94068557 19238734 -14436687 537502242 284619652 666049364 -129285710 240131388 762908030 403060720 -645800207 665800449 -694046071 23344882 587066942 59463267 153549941 -520155204 -442950631 -504753430 -662574275 -117658287 -152982948 405727759 -469125653 -545148994 -269183913 -440360242 432224195 -258397359 -403646400 -173144918 -258979117 -181702620 351817206 647668747 -162547932 -181608153 321595206 286247879 -891075740 -531778436 -486057303 645465885 -230000785 206777976 66014099 -497647217 84878528 -3761166 -118370445 -529154256 -516022782 67113418 -452795847 -123488636 857860896 -685099765 717881849 512418461 -239466703 472209707 -1209741338 -7935431 592063388 386193025 -788965861 -389409675 498733535 -329311170 26330246 849450972 -944008835 -875385936 -184516628 -1217890095 656543297 -749595200 643514109 -71347199 1137568302 508236749 37727476 515348514 133695528 -957918271 -1096641069 500656786 421495772 483976152 218823732 -221234431 209540337 260126115 -76531550 140342225 336629227 -861949722 142371455 -78983584 -394347700 -284753961 -994747292 -314591223 19154597 -808805844 -695626919 -632392395 69435688 648566878 -811534736 551057003 263331016 1059023136 1123083590 -30254857 -228898186 -763150479 -323495407 -412644152 -1564893999 -39722046 133141470 603310767 -256089754 -90489445 -230463897 569977415 -346467046 -236301274 -24733740 294857568 -492835667 -137253818 523332246 -74080202 -372192147 34147786 -975439170 282534640 -453724515 723543249 -578311367 55448529 -169899294 -656499653 -85942479 -305034296 24635720 117462104 -538871001 608534713 60146312 378655102 -200671767 317692401 124753417 -179251430 -172210458 -233021069 144757046 -132757642 811490617 563598852 232637197 -65670017 -34456286 -349201445 92804086 -919553038 -96687874 -356403999 -675061639 -84249769 791380689 470343104 386293597 -102542966 -22713557 -238282334 27106718 -951175752 1030139271 91907977 -507139422 -476999353 -576518271 321125235 -399405601 321861458 -661633731 215479498 -756980837 -26028065 -137368668 -1027522990 304942454 -276600040 814915680 83904195 1291179146 -22719980 250637800
-1021963462 -749816936 -659028294 269563196 -190848470 -3517747 -665918042 -375147387 -317004242 -471812766 98865942 1174438755 480226918 -16782786 480135376 -161621714 255164743 1265143165 312525621 -747628656 -1065163984 940204483 177658314 113285045 -428189816 -1382054021 -36823287 478425755 -196486484 310614223 -469980111 507341096 493624827 363826851 -664716969 374507201 1582144 912906910 306878485 -170920499 754417802 875031325 -195895147 -319497590 -98561262 -1100024420 -38762522 -331881141 -502427324 217283510 662526165 -675298381 -795863794 72090668 -172014155 -485614159 -634596989 -735486913 -504486469 -693283674 434697016 1102135144 343634606 -1291968824 -61878476 343252590 314605098 180949865 -899078985 88008285 -446118809 -389177205 -354200885 -714333356 240059859 235506467 143847147 -619814566 -953929791 -226792460 32363303 1168268893 313990838 -627514532 -23014370 229787936 -553363319 377546326 -147097376 -651590779 349438685 35666731 -19214603 -16209264 -190810716 -276890312 516216275 -266731440 -191241424 -332158863 -366385972 -836260733 -319504828 -537416431 -188202590 136774011 445923621 -489273813 1371361814 -542787516 709750810 -742037993 -968669471 673522519 -493147974 -1569054007 -424547288 1200979932 639892640 -455736354 433478716 -1152843823 -8958053 12538915 -84355851 287954302 -181301800 -11013879 -144471050 1172981206 -429251112 551084293 578231053 770665331 -325051443 225272529 -315749482 -483836783 -311542787 -113660847 881173241 -135309721 88922638 732496663 -118886449 -377637298 133027577 10417984 -809786284 778555731 -642515045 494303630 -118004768 -338938573 -70658246 -328675900 326112508 -872596379 -587549650 -329849169 613308671 438362259 -54984299 -602767312 175605264 -270515671 96499075 -613853095 -715263089 1368531345 198017128 -473036667 -51068518 76589998 -302402743 -1305178379 -104075294 884264240 171540119 -136570087 610267896 165754590 329062590 -1041821485 179406644 265913562 500311916 -103105722 505113049 396448493 449070420 -922732151 30994959 405203731 164423574 -414177965 -10606590 -482477796 523785811 1136443291 -396434068 925424891 24394412 -477585607 -261951428 -700995151 -116765510 629355110 876319395 833631741 -170482226 -339039153 -395173413 -502830820 197928425 -597058282 584994907 -113906325 257172146 -823447528 -301723541 594238100 518345848 -604324345 -62041873 418619648 236006283 -668758299 -728400275 -312621096 242117264 82195419 -292891125 -766463830 131164680 511127193 263639835 -1010124679 -42944686 -1030726840 -88063297 -345744101 -342123357 107583328 -727173783 1048006975 -440775907 -580186441 -397683483 112885701 1043882477 1337094693 119014179 360554697 -44556994 -77332492
-1578429597 -784593599 -269963422 -502561173 -167017511 641810133 -369265141 -533045992 -972193846 -141686697 188751331 -139055612 977643139 5773203 286934244 -140576609 -106368418 88477549 -410919111 304903959 -581155617 39221071 -613659807 955140290 -507101506 -1164068778 477813159 -278887734 725019972 497718474 -728267074 444483276 112026642 -545527796 1518860257 -197818127 -191073232 -674229582 306977263 -342245306 173629320 -298263634 138584707 -63467141 811707741 708667338 -415914790 410634010 201051739 -304848130 -201472535 -262603977 -987078925 896000867 497591806 314496528 1223861165 1029662704 -82975948 -493538000 -468813721 -253490494 -239938834 -521589678 -787569869 86087017 677746505 -964148238 756378482 -1003452242 14594533 841229989 175887614 -19554543 -828495048 163276801 281144005 71214498 -152590314 -208537355 -1048167046 -534220203 -3884824 932563810 681012519 -589553182 446215662 149445742 137925946 580589389 -77393273 179460834 -536608133 122338244 -973763379 121136154 -76364815 1437754931 -227000524 -283741454 53756574 241374076 -217394533 320386652 285105891 -347452289 -924126135 -907651504 324354991 617329857 171369742 -264215685 63291410 -574577995 -255571774 -1322916224 -185997258 -416253673 -404452844 -4742359 336680555 583475350 -143864720 -111841509 453242543 -12838111 751281952 -69284810 88411774 316659029 -275584177 -152539373 -542241742 279776160 -700105965 247460420 -624132961 460504428 -78722777 751352690 209453730 -112548903 -478893150 -643839229 809885471 495906088 257730537 142987278 668932716 1156250955 -508061953 -14605217 -148032818 200829209 223741803 545231463 -241947910 -596711089 -453786783 711440263 880560473 -6604226 671099888 35825789 -549096230 -658341682 119602131 -623043589 -349860159 107498528 -1041045977 -53544812 -69833512 201652058 -115535602 458540505 -115068706 -245114 46639335 239415918 388344780 542420813 -41142531 229252714 487176928 -120113457 -566494922 -55977742 9497882 -3365102 -228687386 -396062398 -646106778 705400001 20544446 -380339469 -400787610 508731157 -10012941 1051257583 -281896336 -287267267 -118382023 811772894 -378138982 498411580 -1042774251 -299989897 131907683 -246230087 -123681981 425651048 518999699 976025983 477633363 -211288631 131325104 469894984 -123604590 867121623 -139200267 296650610 -172817704 -10602703 -196675143 398781547 -1351152 228667542 -421193888 -370958745 -503075648 -334479792 -495863100 851123687 376188529 -500408456 -246609594 -453851797 -395651910 -365991455 132996671 34617378 -348986221 686141163 -346177459 574145688 -225165560 873496899 354846715 308580080 574481813 -255269668 1102813789 729522781 -584452527 -132043213
-1041584669 29953302 -473939207 -902113535 55765944 -373127605 246125305 290375554 -102014699 -102570787 -316482545 -433063782 330058143 -1109581608 -370148914 1071735445 956579443 -441727126 39326058 -184921823 -115360371 29754769 965597720 894858945 -679757815 -126790391 -667273039 308621455 174929363 -465057090 -222218638 126440363 389041779 -366995916 368765045 -75516742 893003398 144614088 293560936 157948533 -1101983249 497549627 358549336 -117466160 -579781061 -122254371 -165632353 -679165354 881725489 370258676 -210075093 -601354056 328052972 -554463235 -311609430 -524744069 -414888212 619395068 -84842241 407215686 -12551901 -548229849 -586289719 -79655289 -821024445 -2197776 -233826592 -491783019 279483704 -600941310 -114309931 -139666781 -209026520 873768373 -812372029 141901789 472655330 910111078 -329893350 1149046663 -11587783 -498454183 -271333722 284416821 -91582587 -336043017 -630115184 431173852 -195873597 -208769988 -778147497 -268921175 474102076 590917956 99000036 -322240295 405291335 216304001 939202422 -374621004 342438448 48155128 842275364 -1476204626 179135637 309959828 181137034 784439888 936729762 243334645 472229998 -117690730 1021155747 -25204178 -306999003 -579381579 -863182320 413159212 869671560 -254365345 1067237396 -847359986 10573645 465764092 -527908190 319835885 289362009 -758035130 -443286526 9208391 560495944 -1039763386 22222535 -35706002 -418416085 -456259473 -359907147 -620803731 -419431606 544334515 92148550 -561409728 -224397083 -14588265 396380555 -1257013374 1212269943 -197117821 -874875233 201683142 415313452 -724347236 443089332 -267523368 -674248109 -207835476 309243698 434929914 1241232543 194698121 675677233 -118897297 -576227130 -312361450 -363367358 254397642 63427 364991869 -1266051649 9890426 -106104481 -345423027 823583871 -196791536 197898510 498898852 297236809 684226153 65111734 -162629378 -411738027 333351147 63261811 1066255000 -267906527 -378924351 -541065445 -338447443 -192924351 -424816188 -962666588 54821037 -663595501 697950408 218986081 1145726665 649036000 -210296134 -283085963 573257877 543658874 -323906149 1169114963 -157985441 -212385262 615130265 -705409933 -39849252 -166916826 -367639942 66558192 -545411426 674064798 516497390 -418350682 445585855 30485559 631115820 7296782 478422294 658625361 7010231 561397072 -9108203 -592867677 -1096576176 798169939 190820054 -257228177 -292623024 258762838 -404578518 -389761450 864791919 -582901934 -263653210 -9362078 11739915 1030317889 -1025325998 1130462264 -541822937 -373655063 291986003 341398168 625296742 -809629191 -62608408 -120921980 -95906893 669431035 -33735867 -704929922 -470967374 -242654036 237939515
-1018491544 233157825 324395985 582931197 313830215 -747414691 -215480210 90167062 733934275 787901746 -897114959 -1141152639 -740275023 -31210188 267684284 -1141470797 -827304971 384985532 779695428 107119465 -621505641 473702487 -12718379 -806001376 -72562469 162050926 -398222490 86382858 -349921661 245959616 -644738037 76696328 178237505 -693186710 98697576 728324868 71252340 -627644366 -273225859 -493688077 -215873288 137877634 603235146 41700824 55762721 -306851896 -231146227 360699760 -204127638 979521430 -935224391 -183574755 -576838313 -481838675 -990397619 -1159157013 -31392432 -336023836 -372616601 -199426814 -327421247 -1519259657 114124666 -101867245 -264715126 -274918584 -397446804 -226153297 -73092407 -423665392 136512264 -291230153 373926588 492905279 -460403250 54867221 -645816094 621033786 441623998 917133372 590700158 -176119371 134558856 679678972 217807626 -556818672 57328309 542168529 1187681476 153976372 682924630 -30918285 -500376130 -370732339 300375150 -1513883207 -204685589 -432456332 160325198 282106469 -298370793 1103704465 -495406834 308012429 411122149 125050996 457837946 118811717 -359165454 101396598 -11496094 -35661207 -60858650 -31970325 950525410 300301588 21066903 93350006 -174870130 -127785104 -373027949 -225955267 -204038365 515274056 -530533102 -874161412 -634654997 -631129118 -1065319197 170234178 -606724299 637206440 -582328805 331336354 188201036 469384711 995008216 312143754 -489165768 -282483587 -317123702 -398937578 -71765169 155940546 -220980509 -83107634 233159 -181237266 -1031437847 -4129635 52616129 136890756 -229298944 -556183043 150580059 -108206628 160276257 -85043886 -24109281 81583398 -1122883003 61123151 -262982595 -221702012 190337687 -437956552 -90711808 133308419 558173526 349784296 -97216695 -724842025 1179626338 -746126369 255104064 215028080 -146935055 345882918 438510303 -812049342 83112009 41234235 801839030 -166152090 -952145096 -149258868 458324266 -18516783 498628628 -73004649 538946008 115179834 -681586783 -623262589 326674402 1126674315 -250632173 150624630 -102855217 64967495 533652390 -41457289 -377720286 -181285031 -207590432 -646782688 -152260874 -673623019 -129297066 141806015 39812674 -451208637 121033486 433602354 -61351804 258708564 114554752 591832833 350834961 575389345 323725766 361689786 -387230515 156896224 -341581018 -934144704 20184099 25781782 457040814 -534010311 -129018970 1201027165 -199999738 627561805 145503492 706412901 462367606 -296415904 95501501 -471400311 -158981865 677852919 28057606 -210035725 -326780087 820077988 -532568378 -508641300 -479713394 632128908 -249336233 413600298 233968380 -286552537 567296920 472150058
889142841 -357906299 31980191 200326727 657784701 -150037073 -252564703 249128506 -108378180 564613766 -531423021 101136092 309277712 837571091 -153747368 -755518478 1098986202 -612540409 -290850782 -1147243930 -289601749 -404908397 -80134160 351974762 80845579 598208256 1440628252 213559198 110221220 313621703 -81785336 -776717362 -261522913 -299125733 -317597126 372750565 -609108820 238575928 108339915 644344509 808130571 -438884692 323283424 -217725479 -331129309 -630842355 -248558815 169109639 108876165 192717627 865309006 167257890 994184429 210419045 -491785764 418642483 -245972191 373132241 -144868099 720858268 144126761 359485022 -419947138 106429974 76285001 -12132139 -466737370 272548864 -885916322 -621406129 176317899 -1487598795 102818733 5776645 808066800 -540622997 16318371 -145254117 319030389 -213738403 490210210 653696450 -841442638 -53762431 409620907 392079476 -759210225 5903324 -59346996 397508007 403235525 -131474638 323675135 -161716510 316143701 37189713 413126958 -12942542 -152191810 -54851694 614139190 146983074 218802091 591205425 -462475092 -576392717 47966340 -464734295 -183709606 -1039139960 279277375 -688158636 -287199431 64290808 -288369601 -1066324174 -649550914 178751024 58691677 -77481708 -631754316 -336024092 -29734266 -60509794 -971756262 1069378950 110275152 404055186 -377699205 311417620 321155764 946107073 673416029 -954803771 724789391 31245416 72427493 -1194027350 129486322 -305069663 28247928 -337263072 -256523677 -1482432602 279188446 275969545 -175146302 711151197 312781095 940474309 -6171857 230789537 -259919733 171907885 -554556399 -1067765964 -683684397 560302846 -372212563 449520964 -678349857 -615488981 808109896 -470003088 -474603150 -1001893737 -19850765 46004371 -498361475 -86618333 -115900408 -830155312 32873540 419651161 -410765904 -798991906 311561656 429345638 -217879478 1421574432 -82593651 661941595 -164190756 -631997829 -436695350 483807622 -161350433 308749293 -541590280 -119388012 -742962391 -436466418 619499783 793219 383694280 -596159111 1242145668 -554351699 1048675301 652987416 -41912958 584272982 -579228684 -586109595 -494937924 577451923 437263858 -273089143 260874654 -510016963 1143479416 -269086792 38154861 16848118 -567567288 -441658424 -67418959 -598348547 136939828 -209039504 436655097 1151990768 115970908 288135884 172050782 822307323 73115981 -471196556 314147755 266953559 398140962 211240288 5275082 -617632948 280421570 -31053144 942104346 441407985 250874654 143534225 -155835976 747277516 426634198 -476699861 -140813295 343758842 -411065967 -190188117 22436374 244246163 -700999608 -355048786 -176674661 58545242 -476768374 347317320
-182684472 -37879670 385259934 -135920525 250680583 422370405 -606216064 299140946 -317805633 372415761 -144102279 336694198 287296171 255196701 63025154 -34874954 456803463 22479874 -370486361 -28363047 201459289 1366087971 -84693755 -81220959 154738163 1475998705 -305627252 1087781696 -515053508 685755086 625199577 754415434 -422011516 -233465377 274348023 -469454956 -608045557 774610718 598011909 1004728738 574253839 -387424140 91907600 196285219 99654215 84960939 64346485 349020809 -809360336 791431464 221296967 260460068 -353862516 -434954845 485359116 127332088 266892710 465255228 321540047 -548806289 1058575575 108368654 131736592 -321044805 -579066227 489244068 794343881 449331688 -116078416 701447172 -370680824 -919138100 -112464648 -526712717 -13404071 -88178710 116377941 321479861 -417026618 115729913 -600526208 933210812 -150628816 1170263092 -869133750 -494179330 153425806 -155230658 -823948485 741500423 -615298646 75174359 439625544 -1102322849 -39132257 119595115 -199364229 98733716 -67601062 -1128054077 385601623 -921316409 129783815 -991174717 -73894837 353122391 -443244547 -117978583 303798305 147553668 -20077778 6686131 -604479079 259228172 -4520531 275651964 192395116 -631975009 -207641182 902361312 -87658575 -468484842 266490998 -88362788 -226919513 348843175 781634372 366994018 109318872 -116300800 420316578 -153255329 -772065206 -979805794 127161735 -399309938 439702883 -89329338 -620264097 69113260 -435330739 -893566715 -218726098 27081971 54567571 -188313159 -51778471 -256294674 -354241252 -5492611 -802242073 285836049 -436534944 111896073 941803608 90585602 -502402100 -338538601 -931872809 685350432 419122976 162676241 -87599914 221661599 -432262466 -181808116 1241233406 312342511 -858780650 -390606189 36599005 -364474908 248707 292309062 244767612 -298002884 753653093 -1012741385 300968869 -57112601 -116735809 488543891 -76050822 -12052906 96175308 -298320116 -1077609783 -561314719 -172019166 -522072187 1022187147 -378447788 324529830 773575576 -228016383 212772914 608431330 801827814 444669771 213594642 -406034688 -260791177 -271684978 -515434989 -347463746 244170645 89564817 -335861611 463781870 -58375826 192785898 53745779 -275860013 97919161 -123244936 426430397 -157298065 139512479 -215798145 89485189 -819652879 339108683 71389093 85665224 326542856 -43742575 -394484538 548667654 -347366160 -492851908 461763947 -368038912 -367325567 106003520 362020882 657727247 399326351 1616846501 166300395 5134805 564885450 289643886 233742327 571921429 453105067 89613074 270580491 -363503461 901557404 532813115 101783618 -65771566 171349640 630673705 -733471859 224172028
-1481058052 -155285985 -333014922 718424929 73920803 266864555 -1038614315 532292269 -62973937 1259201026 -56162984 517709932 -51397740 432423649 -324621024 -1394829247 61096456 -306348321 -1021217811 478575286 -62434002 75180886 -163429656 -452190518 -104754688 -28927495 719622142 -506799970 -113156579 919278991 -731752463 162931044 -376869306 108725825 -851435498 332289206 -989365860 -676825147 -626650161 -1288952391 97027745 610028175 -299288008 -588942261 -1028767498 -723702517 -623700235 -90362495 -374658639 -618350772 -13058380 67345334 870354465 120791022 -686016264 -131768344 645984207 800070792 -112095626 -173578090 778938215 -1307415908 -26306281 298751334 -195904204 -38559612 48708950 -1079459972 457628704 -364439019 -604843451 480631691 -877639939 -412500166 -371533540 -861715956 -652214353 -878981560 -137241587 -238220731 -1120038388 51092825 -61952044 -88641564 -719311301 -95805673 901998000 -588345474 694490720 176716669 -306117296 -723480757 126710490 -312925387 626747993 -329399660 -65747098 -226802438 167420013 1047007805 1243252888 570622758 527925408 513521892 351817619 1167181807 -712531136 133482568 -19853061 26048544 264638882 -946094766 -272432088 261621943 247945010 -16545057 353021905 6356416 377709113 -167825493 -469697711 -661689309 -599746131 -161532528 140200864 -272926624 62513248 -662249669 -382106942 -478433806 709304060 -138355930 860259180 308166994 392116084 -160840420 -679732084 49218882 1331952956 -189973817 -159387166 3262959 -1141917158 -707840797 -646547926 -272894568 380206191 46824574 722718044 651815674 795872869 -252511012 201398274 568443734 1095133919 -392864482 72141559 190763580 441593692 116251981 -67695151 51318660 1535278829 -82331295 -194895830 -435292945 566896319 -339873126 222227808 422083324 9045710 -331653888 896557879 841215099 -281526386 61420911 130214694 1236368001 -373169806 121051542 211372585 -299415601 -187909088 -576316510 1004750701 965256646 -303068906 -1447351756 694918613 275615134 -299539967 -591597658 -229787293 627828296 202747012 -490935825 -456094511 1372013405 269077745 -697561199 -213720246 155084363 -153425804 632612326 637523876 -1192361434 532626627 -515148757 545700044 198148519 -169864064 -1374179773 277385013 -574216118 476524410 -526855946 531508022 144877000 159605985 524481495 516615807 125512124 442596606 433114760 7871830 970865589 -437704150 611085739 262073178 -241197054 -610941770 168229777 -220084809 316498911 -236400206 -979411733 -403869590 845743341 -548115320 286880989 -218397919 -171786042 318904716 366941303 88865275 -601625858 1075458660 -233528995 -683915253 301294136 -584761118 216755151 -540051939 532378369 -586321628 -729920283
-581141083 -133558290 233356246 522411038 -346102762 600837799 -24357004 1166728886 -336660783 -280712692 176839324 -1368853655 275350590 283456598 106941779 -414724200 -15426028 -21134786 85927835 33979045 412179963 -514750028 28889860 -130378129 156630320 197680184 -4619839 319256126 404398895 -1266042644 471615324 629428333 -245353654 746528726 -244758421 -589058565 -129667032 -462474940 135964746 -213021688 -737172083 -174609133 -605600752 -96606932 1132395300 -194255161 -167714246 -668350791 522168 -242669201 565145483 136231012 317597099 -218569505 299088206 177523046 468904511 1026190504 489261760 -115809425 704496218 -343368406 -374340158 125112932 -683553287 519012863 -122137647 -237947530 -17297235 -601488919 202460857 429568660 -138565708 -363244210 546504757 -125336397 469568566 607315684 406439719 629186241 -239318393 719131975 -312359876 -280154114 104123335 12665957 -56543362 1032042787 -204432500 670425253 182054116 -226210003 178576671 -466644831 550428963 272941659 458502662 -195050056 -917096555 372000057 -539507796 -1023022294 75230562 -161704058 -1618988291 410866486 -179076079 178298199 -294712618 885617845 217833412 -441264000 -124785506 49684330 302941671 706313950 385726385 -18939400 -135395436 125945578 647219975 -95755875 114071167 -43825481 233603300 -579384639 51648052 -185631113 -435189114 96997421 -311364693 41211107 348417463 567104208 -153714103 -512126719 -354421933 980579758 -445548101 -1071470480 -92303897 1042334072 346126732 876033798 -92503203 188298470 661269630 -512493264 -669905789 -186602392 166210036 -304770059 302112791 -271626126 897588878 -395442200 -277564955 -119043085 -436676518 -441630592 641243066 -529258941 385305434 373781844 323264440 73936003 61866120 467033622 381364242 -944765 -447512607 -326338468 506985509 -887141517 -918491542 343667446 -451305779 -559693165 -679986063 -883423782 685690010 -556514869 494498272 969863895 -249414277 383325492 -30042325 61404126 361196561 571003774 364348055 -467697523 -275457817 42572095 979364464 1500306 -222517029 207093530 444592856 -547990841 -468323908 11611449 292942726 -305427144 461063908 331769200 -312878860 -842758320 1345455135 386983488 655110390 -396663314 -326528663 -857614234 -781949508 -322280395 -627779525 -291014993 370826306 665375205 307675638 -107534215 1264364579 -328158946 796563040 -216806793 200648313 483812264 -865360432 -328504257 976571996 58194837 -588446305 -410062249 596141485 -479246244 288961713 890714310 -783688451 3946086 -353146718 -618940615 698223060 191951722 1035674259 681442863 -240036396 1012838324 -326018865 471211509 -1442902510 -82608197 -163762020 -875038020 -78340170 364027239
-434321940 216594617 570762074 383483820 -82329375 -562643143 1415548047 279851818 121554644 -202628005 430563088 101034596 359728531 221492372 275237273 -420578756 236974163 -333919571 -141133632 -895622564 -497271143 -78416451 -959913206 -172043550 -536526703 -61263713 403470887 -455471779 196301811 95794655 1403426425 -134283300 654011875 714577264 -826261180 -696999909 -650908502 -137008918 -685274018 -144745426 41019076 -980864894 -476116963 972720451 -291216913 -511864335 -60715426 -76862919 154399281 367729996 -1451126865 -491576390 -247291289 1382070494 770584494 -177543944 -483672091 412960267 617234809 434041067 161890599 -534489986 -287301181 804041705 7789337 157103850 -1178838 -812845901 744854387 -16054982 -4678202 759064554 359676199 -208191231 21167351 -120293443 169324795 -134092011 478502056 -739763915 580131024 180156955 466816509 766309844 611634253 79042158 -345975590 172716002 -155336781 -802228418 -934849540 -544966831 -1392340292 262916785 502262648 1145122521 748556833 1123000820 -115281608 -349744468 621774895 -143245596 -14070082 374148505 -203482360 -821220329 275549829 17159032 -417604469 409380399 751103161 -184492788 -65567463 -197188277 -355901972 68686438 1978520583 -725391275 408116177 -512421474 -1287015668 1511537342 -635828747 469139643 570693294 -509319964 -43183279 -44365981 -433628925 -1007794807 -615846904 -228775186 599658426 -540833361 -35223032 -488288750 278334003 -784641972 253935711 698391425 28470915 -125058389 119181536 -414352657 222782438 446900416 282090420 -893303899 -786456998 -199651045 -89797248 357274935 -256955990 -981536446 348800344 240445913 -449130985 530558148 -1043627459 -320482761 -498986652 543455316 -200119549 1122899642 584286735 -208340168 -539019601 -1063908432 -851358054 -877371120 -223437770 977270800 119714867 436686677 485748965 339100872 537461782 -231248389 -193475306 58051817 -164893704 -368237840 -64974376 358108131 736692049 -701881941 803708179 612972604 56096912 251611016 -327672370 -776114529 -206248014 -937554200 -1050896389 -485563217 163664875 662632507 -273107548 -466015242 58005857 368875019 454449224 -153981105 -163020786 -431013133 -404523751 542992665 -783812415 -1280384695 860683248 -362121990 -284420268 859830167 581829079 -153343910 -89784136 -265548667 840480702 245691672 518917425 -761070084 -766528320 60499644 546601383 -1289546350 421356315 688208784 196757114 181148367 -440119618 -399690616 717561406 337312109 -662223880 -290310895 -82860038 727151164 -1350516048 -348435921 -243764957 -223640345 -49074817 -662808559 -113870319 -965731598 -808004445 -209963172 603234465 -1500824053 -561846321 -658348029 -367769569 -810485231 723311603 -575618904
-270654886 -660217122 593854520 286981233 -786206505 -679813716 316928786 -94194695 -504914814 -55967706 -94785870 -69140912 771120141 -114525487 402873519 -688630573 -394260458 -739419272 -627298331 -786541842 27782515 -462870647 377752273 57978922 -214554313 -373489327 1549183642 725209939 -86081765 -92606548 528459252 9369925 -116856 683649663 800033850 -229713030 -449553185 -597257518 -159881588 185417780 47821507 -162334999 546702485 -405654113 -506523639 -616645014 -508349280 816427853 672904749 477414160 311532095 -222351483 -279368090 -754964896 197633723 -443165919 -733132460 994455325 -876496410 121482996 4530092 374941995 -374382295 -381776198 -650308929 54492970 -202793779 948269208 -492748934 858088891 -701467890 -353815539 -65266094 702672052 1296818075 60165999 -706033259 553071764 -64526628 581408244 -99089545 612539370 262406563 -933653900 829404959 546073401 3925202 477372245 263947531 119268778 70071690 965059020 -843853605 569684182 239874427 726236675 -1379808953 -690256205 316325970 353845442 -387236749 -39288103 374067730 -101636588 -669331022 -8253950 -1079377810 34988229 -205321147 524897716 109888903 311058946 -492658948 -12046748 -394537707 -474459407 -266446730 309024657 425573026 155679382 -591997170 179388082 -135617735 44873941 -650292033 -994611450 -347045275 -157603827 -383842014 -507494479 -173531376 -369921599 445049708 -9546261 171711385 -325251003 -628870671 -1048488712 365337652 -169550748 684896917 -672971935 -646468151 -438538647 421809106 920929388 -104708721 159614471 -312948601 411779444 -333331738 -144861920 -199978086 1375634903 475292130 152065441 -480788940 -474753704 -211896645 131805162 285766555 746818599 260251468 -323817222 -938004487 -161587596 -150750034 571684827 142227260 702370534 -682709035 626668941 309956559 -165377022 -772644530 405592499 914970306 -382443700 961258594 -52105812 185576880 -460595774 540280485 -140623695 -805102053 213346136 -16224695 502906037 266607639 -56848890 372011686 -333729455 392635973 -541431405 706575396 334778654 1048914288 271155739 -457952933 -131192321 -164247817 189071916 49294099 198879501 279798908 -235451516 944595671 -511793854 -513026884 -183565337 78463197 -237684472 350644034 268387224 51070714 -73966202 -520389672 -910581485 634691688 237207714 -176748897 -558079129 170163374 -10429805 -464495895 302081888 -541769192 129567628 -711841637 -160345378 -2609822 34620613 170163290 243710619 -39671422 -132105974 15796587 204001869 433005740 353401166 -302540926 678306072 -184772241 -134571019 -43986760 121089243 -598036610 482632884 208963878 -205784742 -931983370 -288771302 -234054439 610978866 -43179049 145151207
-29804561 -400898462 155613991 -666681285 -148252736 -926090667 767885690 159867850 -968013861 -576429793 180561188 352142707 -788167323 37962889 -73018653 809609550 -343919686 -1103769921 472363944 182630876 -540010822 410235768 -709395785 916795242 169661851 52009046 -769713571 710631991 -514727447 -96398560 1062690792 -959041864 174675678 355006681 -232537357 82026363 -402179817 -731647445 660272146 409482447 457325876 368440400 -1105276657 907873142 -656412210 -102027620 -387175873 780818748 896328649 198983151 500999962 -899993494 11313966 -168822562 869347864 -451252812 -540370691 49752967 -838321003 69706176 16559016 -292992904 -8937662 -273865696 192260756 -309127223 -146515871 -159429166 12924400 865137159 19344530 562944409 69406254 259395991 394734408 282170452 472651760 183049717 -402950652 -289067908 -1196279502 -633520410 -784434254 602849546 924873261 173459327 -909307283 -22665786 422156363 -137269111 -414006698 510180576 452238528 -339679972 -526854688 -364879168 277212079 -740224874 1095104447 690804343 390889361 -340251001 934946568 -545984294 -223839609 781236097 -941325524 391359256 -32849948 251220820 369571130 791085725 -260984063 -263529298 -664243421 -137095859 44373471 -181296154 -549072003 -954450093 -1230701720 863624890 -125561888 -668774301 105933618 -276685111 271902099 176114606 -760513015 -827265614 -73465947 -340781618 880698940 -619807425 -373392568 -199313144 -156190189 -472877163 262954878 348991758 288680323 701055892 54904814 -728466066 222796844 210516558 -511241658 310151858 82624826 -792733566 -384868727 -129172234 -454035401 -24555579 125710473 578315986 -88777345 -186932044 -201181617 -825785183 -787877094 209680893 82460857 -362602060 -376173913 -225535179 -217467996 -327859340 -602490992 -180114301 230565250 637678332 1278582029 -464347159 352618946 -688957322 -83599877 -582485920 269600567 385070751 -1399161872 700513122 383470439 -195784510 986420848 -1250399182 102834086 40228428 -242601435 472863561 -872743354 979229596 -523075129 -518629127 -295528430 -493947247 346884131 -387225074 185406930 259864473 165560656 -1783128867 300028163 1415002965 47192874 415302479 96682402 -469896324 -1286242372 221352283 -558065263 1463942091 68196622 645234876 658992911 -246512645 -105375235 -69458785 -342969184 162399857 13672163 -728895941 -1320305988 -602183024 173980035 -287750048 395041375 -527047326 384578035 -417545994 -543957127 -509210892 85930695 164852978 -603523948 -288646528 951199879 -345675049 78537267 389314505 619488793 212023496 -164380016 -1045200873 543804115 -848177627 -18104155 36901589 -263572169 274074983 342473460 -437137924 -398375928 156943127 1320333528 335041546
441973103 -458496251 -96422529 108986404 -459836561 -415726305 59727871 -218930284 -90042071 -275661581 -799147777 1108912097 176354122 -1014309648 50086668 758438711 282907292 245017917 -591628960 -133891907 -763611089 -1126152961 -920904314 51064814 -599973226 253256020 257437777 139366998 96106763 -223250073 399615630 42541045 -130557076 311829391 -538094481 -554740239 -321553630 718791133 98367400 -25970924 -538861350 488278205 515109350 -315341775 73221117 842872553 445328132 400031815 216537148 -826952380 538200828 -807500150 444341559 88778897 599644182 64513314 265445434 -432488893 118806685 -334792889 -747970485 171967081 -511861134 -422459135 60634311 -103044189 -184953957 -234922407 -199899837 463590145 -546452932 -297364731 186138187 481643022 334270556 -419380003 383602896 -40879871 -16125300 -492542179 222521846 -37122531 -315647754 -401664200 -134908731 -559313489 -960720848 -294520119 223027799 -223301805 -56434720 -256290588 541604185 -738275841 -17288524 565270014 332285466 -448358060 -326645064 1112554310 372193752 124444389 -427597088 -792814784 629554257 481268470 -465847230 229375349 363269626 1601016225 -330942251 -168484886 -309458569 390791951 -1019856448 -84395219 -257273248 17813685 -273233463 -585533387 257239787 200898736 -152994913 -671218912 -306704519 414493143 -48373678 -148506523 616108850 1292976333 678990208 -332585656 -178504335 -1251941633 145652717 -25395956 -80516500 -216864300 519424852 -107510845 -583429486 744605582 10241359 453987666 -600094384 245299021 696037495 217312544 -521843657 666251539 233391784 -45471596 -355777135 565165599 486214229 306154298 -151736038 -667591950 -937077767 -471249358 1000880869 -636252940 -151088257 9005777 -80221918 441400061 -257696039 -846293468 -751704065 595242052 -94241990 652438242 -1074660945 105492022 -369698676 -278001267 -94947682 -281795252 417381245 509805642 989278044 560700346 -1212224275 -28049550 560437123 769064439 462613740 440481762 -185117735 -79368436 -169911477 437031202 336688448 169822490 -200073572 -1285611842 66401868 1288380282 -1105198220 74507696 -77049057 181297311 746647861 333596597 851789211 -233867117 -339926421 32835412 -2789528 717584035 62604400 356586956 350535395 -374263690 116241315 -56435739 -208363846 -506576833 -136906036 -582177116 35035166 -437375590 178232915 -1025534110 412995649 637802222 -461610896 328589602 -748917569 1365515340 -214153256 165195526 68470294 -88168965 790769860 -146743063 -149931969 265961769 -316397819 -529004565 1509227863 90390952 -21754588 306834296 866911692 -486862450 -151588641 -42406737 243220077 214348740 8655796 -571072992 -231369647 272235611 286847071 -602627557
-419705456 324371953 288127134 -144584703 531211594 -187800906 300138020 331942290 -253641108 -409289638 -936961185 367512663 1120327540 -911237577 176368168 -63889220 -257312361 -570557572 1456154844 -180257772 -138646443 -297982685 110053407 553642871 -328831603 -74779482 535928182 164866863 -412763843 868822194 -5052538 -199408261 798469131 187380057 1227666242 -673546821 350093511 161845043 1192477510 629666921 897251980 -643149015 489270755 -108282879 57228762 -215346850 197335599 -39945267 -114914426 -348164897 672425962 -451752437 395688362 -466098473 243981708 386839058 -419588252 -410009434 -580368208 495554669 -373833584 451055775 -515827093 -564970378 -115075748 -231258961 1062643616 339991103 546979958 1041573525 -769870384 -910163117 -524454016 320985534 -125206863 -938370953 309707843 210741768 -542152915 134006123 -191468303 -425328672 -166278494 70020020 -808864295 -484262062 -1211043923 -238239478 -775346304 -954058988 180198174 114075849 -824274027 -190378367 262071559 340193058 -79427951 143493738 -563862857 768468577 -153721304 260870026 26178342 1266600 -209046164 -212173597 -339270872 -1581282397 1316485941 -875893106 673248646 -316511254 -853881346 -200364665 -142540301 -899000621 882069309 104317639 -565803830 -13310629 -87954166 326279917 -280750287 653799836 141501689 312430675 276213089 -274685320 757185964 385506519 563079463 -107700978 358964812 -1280562828 330476835 329438800 -294666896 -669145123 -187008454 -133288848 275613758 234675727 -1025000544 438567632 -284399016 -19249913 -1042725740 639806734 -334778712 844751390 437790913 -343379593 -34491927 75931103 -241261733 128553626 206011888 -112163389 41043730 5215525 1083798672 9149794 -235200875 -370469481 323324819 306901404 -547196225 -355571296 -748071843 -811206684 535946686 1068650141 810408566 -183130498 506144437 237729471 898509762 -8371873 534354245 922328335 241296235 -239566568 -569110809 -990737417 141713430 -829958291 792604647 305880493 -192452900 265599623 -588593505 -290834733 29936863 -999424399 -1593183028 311878935 1022928237 -33291626 -669923081 306695022 -201336851 1010110174 415433733 534087516 109555925 -103502362 -101766315 3351827 -125761079 -389465814 35922563 373712791 -1085062620 174863756 720364291 134982820 -712699420 -446827733 66848021 -63162315 771929748 -265997277 -74224394 570588649 34930239 245448933 -426825386 232585976 -88691870 222535271 -428050142 -192750570 833482335 160556063 -167041505 649796898 -392006305 -1164869560 813602356 -536703325 150307316 458143079 -503093019 169760229 -360723836 -303491797 382440946 559195329 611192218 -129737910 -1068628062 338615685 601534049 1061136311 24858779 -846612812
309579489 -109901769 598835849 -24922623 214435943 203250434 92638665 -727961905 -698957995 -353253018 -840174920 -542977009 243368755 1568469273 187540643 559945680 -535582808 655818230 677592352 -989586162 -128257436 120741142 -39482497 1024503081 -188147265 -406918343 573156211 -823098126 4528998 713288240 215296378 -738340773 60353267 -540198420 278144876 209745655 -386903331 211846563 206378956 1443478458 147480687 136085342 -473523761 -1191998447 -457984580 -429260508 -497120100 -1067306976 441178103 293445178 -37550310 520628192 -374352157 996511712 667134015 -22053982 -858348642 317511371 791799806 408930689 -619925741 3205254 -138819669 501489276 -726151994 -630680271 385433953 760438862 825510153 241292718 -439339 429086958 -47379134 -245845564 -390040632 -465912725 -51055209 -327940230 -371116319 423945067 460905321 -155112738 608939644 -172832547 -74048253 -703464440 -231820124 378279885 240882862 240590631 379062225 -253834809 230997857 73174022 521331113 -293218412 454129610 228863224 24445688 -506789714 479600442 228396072 -9241257 -165356354 473542226 101378679 -370501935 -589898339 -359133989 -261797650 747251856 -128820555 335064902 -428358247 430813474 -242985253 158204563 343937292 -157636951 245354018 -56954758 382709007 140014171 607048319 358695483 -442580253 1218123901 -294554383 -437607650 245176541 -235021245 396134715 458769620 99726895 -561088917 919768561 249841566 -613809713 191307604 1005998716 998246615 27841589 413623039 331894122 -29158218 242174348 -667931800 -738003848 830320879 -8577166 -51181005 -73753236 -337280216 -1004067434 -130365759 -688976449 -421254304 671546831 -476214150 -398611344 -770120659 157676193 859639053 -608939366 309795119 462306383 -277091706 601018122 -896425922 85254223 -1123704940 -501476744 302300066 -51783491 -98111782 640072059 -439381670 277172133 475738786 138168816 -257011413 -382907429 -253172001 -133186955 21553307 621682129 417499085 62774468 -321161296 666228057 279118205 -689006110 -280142383 -302568802 -235160260 -1270220042 423538492 506513934 -504718953 446323196 -532192321 525996450 -881033020 32983969 303893379 -28245923 730971142 -230398707 459976120 -721767659 855277697 64108254 280097239 -86624069 448556315 326870519 -945300933 -140112833 -45132276 672458213 605128579 732111466 312936527 215042713 -239610377 528735641 65504757 204475876 357114493 -38816921 -332362304 -95184209 101338246 -996412100 14605711 -205737905 -313078410 -258820675 -113335345 -796820241 -2640160 -339007742 238695027 -111574738 -909540593 -674473522 -404507848 -29260981 496031122 -239685616 500227168 -402125548 117984833 100742904 -683180768 -367355745
16094567 556804968 993587967 -232223583 -374931995 -78871579 -403622327 401297729 -353638806 -1014465864 52024871 859301944 55293451 -304569241 435288255 567500908 -121778937 -17256181 95060233 -110491078 -648714021 828626359 100423315 244827147 -139927140 112120066 -518220140 -403400008 -450077570 -341064431 -901779464 -27657870 241541347 -366322960 -280078669 -36154177 -7572379 117256584 -406644588 -261920808 -322979578 767929865 215396650 1241594845 465103508 -278183720 189878182 -612183974 882093721 -227943323 295310780 -523075213 307760930 120954026 -177256170 -130792467 129324657 51548421 275845712 -786867869 472481479 447997953 107288241 381113180 414127875 495594820 -98413304 -310915013 570459125 83834178 -51130353 -75636780 -373218059 -110980907 -192903994 561649068 -434930382 648186347 -693542807 315930268 63732627 147441310 -404206972 50217883 11104807 144209366 -677423563 -729472348 -490052557 54383698 -498527382 -359458902 -256290421 410960715 -123455722 176066666 430606477 618691356 103753285 -1288922195 378128364 -232285836 214007922 463629553 -306130262 421881791 688676704 -80777608 1137599449 89521099 211306471 39519838 117531889 -674546065 -380163639 56577103 -510287761 -685544972 1625879766 380661670 86658793 -527504676 119935087 26233149 272201977 860184873 -569563161 -711694545 -681292965 -14974317 -118360173 -35506517 -1203660897 135540830 -655327518 215079154 70290894 -164385276 407113004 -486101112 -44741759 788456321 93217619 -415895316 -322606040 -293687011 -192217881 -247299857 -448409428 -84504741 -67128891 76119175 -321987335 -39082565 -76584264 307197546 -102343886 -23475580 794844297 -544361895 425727811 207834192 403351315 182964902 -75861725 552798933 413559502 154964913 -209170901 211965116 405991704 -70209607 -114392600 638334476 332416073 448824058 -20943468 -676112758 -1650775580 128182311 -273798383 425411977 86514869 441240465 574284653 533783483 -1107623400 18605425 -155002202 -359198411 107474141 -46793490 275273086 -7637384 457800380 314347299 -728622447 -72488876 -109752230 14987316 122437232 -239551683 369373770 73839580 -394420106 657386536 -564866252 25470735 -109974141 420159208 -1368012402 175965376 -179407850 -208647322 270177123 -749243756 44518366 481634271 563027834 -685312027 -523434448 -165374482 -661064425 -1088280021 -731502097 -538046757 1241243604 -482041735 -393950826 -102411398 124415808 -1165994980 -731063612 -143263415 11767703 -501038082 -130685177 497340684 624131280 -261946706 757121378 492071826 -465443553 6910564 771752897 484719557 152031858 230528886 216511946 -370051790 -249516457 -21193078 -346595996 232424868 1121814758 -399360755
117356530 -311187329 -1084056420 751670407 -526558584 146394359 -746835527 153685043 304426836 277457044 -575912059 -29219200 494880412 -108065877 85786108 -66173432 -1320177433 -946673685 -318155765 -647176607 507075810 -409018415 704855850 -305899018 -1178886917 20362309 515528381 264189437 -879303440 609253584 1316413559 245939044 -673952637 201516308 -526549925 -884186960 -470457065 -10852582 -391591303 988697673 -630582438 -1031315229 -156996949 347979026 -523652050 16497508 653284949 1052555056 -96146569 93867722 -432572584 -201929174 -397838668 -903474310 551997725 -767371898 -951189221 -609528202 -583638225 804921969 52642145 -1044750603 -209021541 1102083015 22531699 -61629504 -412439679 -379692233 -450177868 6383947 -305631304 -292311755 389700922 991577513 221345592 336629298 -540592889 383907716 459325976 839181264 6457755 -51742318 161542392 880900984 -178324018 -18319654 147974647 670709448 -109158168 -817458849 -755892950 99188885 64160496 -1015398494 -69643164 -545748803 -604658261 -434262450 -1041733179 815430378 414577034 -403196521 -3332909 -221705181 -130103991 -289526833 -1453168723 -400391368 -26570814 345171089 -565764598 1273138931 66681604 -333847888 -475254204 149895403 26447730 133625654 -566220688 -317584381 -260077004 232149086 915962434 304667238 -259370846 -1383416901 -87281043 436694770 -177317882 -292995727 77184313 760687674 406745498 -951339088 -346592323 -514433542 896538886 -517644623 904436504 -934675167 -535060164 178506492 976311766 -269110283 -588947937 -106300117 618491643 -453155621 -1065784224 -601257648 -16312554 507389843 -190242088 -512688009 1765414715 115356488 175712424 -633082352 74223727 -227266974 488090473 607009111 139002179 644035170 -256854723 -162744390 930791128 345834654 -728115235 162789694 -437718034 -195795793 382238709 -71509534 -326579200 341963524 91891461 -366190574 47856245 -618537612 -453505984 -79744235 42434600 132384653 -492826904 -191942469 727174939 1051609267 158660431 -423211378 1461389076 56900045 -200699463 -1187304552 619197986 130009392 707050811 1288005129 -27036436 -359654716 96617295 32155775 584538007 330543542 -1043207214 14726810 -90881846 -308754169 -272700978 138789099 177622142 356980956 117452990 -453165733 80833862 583362036 -483811489 -904628118 -98596157 406461975 -66998481 -176065530 556415884 -429616468 -264596292 -873256134 -420834459 506238745 -231352965 77362379 658905780 -793979943 -1027803232 -1095880147 -607603103 -1008433807 500398187 502136199 -1185321704 -855358999 -573043807 -337411017 -341198609 276829450 651030098 -284392207 383543870 632321809 64271630 154321365 -1066877954 163752637 -175197283 298661418 -23875964 555920868
170774163 866191885 38177288 66175337 381112972 274172293 139008975 -1047154515 177399630 -191843558 73456901 -115933178 -437065965 714801959 10914884 -373523316 344248278 -158328279 -177408167 137630292 -935172219 -1138001567 -183144771 -690669760 206643591 923880963 -754231563 -101537348 416662152 -523976242 -584480740 289013193 196499538 46218304 -402693668 965838302 -231434201 43684688 41109543 -501423394 468967387 -680474350 -470791335 18519293 -377423043 119152107 -318330609 210864373 -882521237 116560950 -38705047 -913363443 388521877 136766553 248503603 223941588 -172827956 -17327431 -131894495 124202883 1035230176 -599709054 -34593101 -543717090 354907692 814033972 -565652580 1143963975 -498079904 -226286279 -87464344 -178349748 575340090 137395704 260096064 -522987160 -791592043 -692057686 535412006 130471448 -211057613 51909552 -216289247 532232331 -347389491 662287647 -322237817 14311201 631235386 -192694627 104858487 -652256103 186859771 551437222 21357826 -473071286 -28031679 158132407 -597443605 -984693542 789875297 -1531221989 758394988 -416080134 1618944437 739326414 462085506 779414407 435108187 -913374296 640373383 197139971 -471844821 711663765 -298469614 891802657 265825888 1149286649 -361373693 271044468 -54079673 -185430316 -207509246 -656034949 401787566 95606307 92440141 -153852774 143300874 447424267 102543430 564854435 -544529387 -195550217 122310657 -345531271 37822569 -144144531 518526679 1198807407 -339544257 344628589 -711979485 45855100 621074360 913837203 219466791 217711836 -293750669 355754998 -316265462 448228847 -516250746 -325305183 -355054416 -728049906 357451727 251612459 -523949832 406136384 64839532 -205614936 -125525114 101466521 493125207 -1861957191 -202843387 -609767304 -176380213 369940439 672129522 222511588 449478761 841799532 134392454 5430762 14691858 97444728 98101680 222569765 -678093910 200774776 226146347 -85188158 -694131834 517480819 189729680 -924212496 171442398 212376749 -324774338 -410721862 -537758897 259807737 -288769560 824578549 123222033 -307850034 1380183358 -563209479 403214826 -681485226 72427789 -203364822 -177561348 614601655 756418525 -536177714 58323207 -68083858 -358454395 -202098130 -589362355 336996766 -649289021 -1119046706 443352322 -239913970 -1374117888 145640590 774437354 34566802 449845641 -280005254 -216460415 579623364 -294356693 -877946383 163771600 47701507 -474002521 -626616985 -414314107 260595233 -349718120 -458718785 -120377263 240176357 -892457753 201359891 31865143 -563594747 611121511 -891648682 563631106 -48111448 1070637170 -249704286 -105163063 -146980399 -373639497 73598308 373340468 200623700 -32641340 -219545979
713165719 -737436873 440215166 -206240874 -459940146 856082859 -672120732 -44722702 219341721 -1466935455 259477521 -533270638 -323080290 -641811883 392180706 -87454487 -446402209 620573556 291335429 -217144289 758163342 1108100223 -104737337 417207334 588966825 -1407599850 -1165298385 1117462868 148734712 294729687 -311382837 -71978214 336168205 762820423 205453838 -798587121 109282650 461830549 302066162 -10459516 401047275 436805415 -688388707 -717026328 316794433 -289296711 -686755544 -1364782736 -123972396 490565637 -618043482 -365628027 -462373770 -312701816 -723076062 -563962809 -653416746 -457248800 902634806 103159990 -830320759 176991970 604332111 -378461406 617141680 279798797 3758473 520098253 -640153574 -461839231 209346040 39623014 1261539144 129857885 47626309 -325372129 -1291270162 327589276 1013685302 680447309 150900231 294135317 187155732 330820114 -137025098 -572240132 -161412854 234487571 -695607031 -491096180 -117020882 -170050909 340954788 182960946 -46347085 -725356697 -205661095 376297365 -19919080 -102648912 -694272572 -1509992265 442679084 -75904402 165166587 -1034902315 -237477764 -270800819 569230171 -418179386 931566411 619305707 356564193 -198437141 -19949093 -287695490 61215017 -243922339 29553400 633157982 296879715 34601126 422753839 133025590 520561422 -1314872161 -462229141 -383719541 50349737 1024112340 253370721 597177107 -399608870 -1363813392 -226405128 519626037 -431012460 94635357 125246251 370804666 -235402420 -934254886 98798828 -215028363 1085432218 494625004 1270853542 -292539652 -50197701 -347097901 -465584117 -476988658 437307328 305070167 217964478 758673783 -607923296 -212473113 -596706367 233038475 433455560 -107811027 558422322 -1052230566 226125539 -168485027 57570598 120164330 -10357840 -298494874 79278815 -249140738 -201334698 -343575903 862821124 -610057624 -235866623 -135872251 -90183511 378401342 808673577 157696217 -315953261 1153051090 -859389130 -1179969622 1098824427 -1008425025 208902554 -130249945 -183714974 57178537 -887749157 -30013526 307657106 135632928 -228812494 -531919448 111336421 -49846629 -136720435 382937321 -5764822 808361130 194136149 261286198 -200773753 1072858434 -1142486898 -725719262 344350842 -966588337 273941714 103463460 942764181 -217554096 -319477644 42750723 -1515115211 226353499 791364689 217089022 1249662576 220618599 -591702890 242468172 174691739 -652618005 -391029734 -276164685 396153136 423141726 -176788355 -53699699 1385046157 -1363321284 496528083 -141509625 625943627 -487563908 -227432592 -950339144 89308588 -796217845 -819691750 274615796 -109979648 151563865 110977312 345878693 -120065623 -107793210 -343241174 -787898956 225142108 698064425
277455168 193678814 218611483 -352689756 -576925300 -536557395 1244996997 222609357 -23153495 -258001807 480330546 710852516 -197320302 -33162620 298531869 187032714 -176656330 200374105 630179785 -856735569 -757838983 -303852449 140022255 498026028 360845505 44325840 383928691 316624714 8025079 -74323839 166596310 -725860518 1207171823 86577721 395374376 674689409 236535830 -581842554 310438384 -345381165 213233605 -453589207 1323276116 10033143 481963188 -238396919 -151712097 -190125012 -170561723 665741406 -481218192 8752060 399950401 -687417397 -296410940 574327435 -249748024 -235358374 -10726495 363309492 109816908 1196037555 -555161180 -122354096 -145403589 -674388683 -199459650 151814369 690398336 -77923587 337729701 -279434053 -34769699 -236003802 642180870 -387816621 -171433506 527826088 -771225472 534768574 210089427 220296729 875022175 1343122940 -577310049 -90774920 73466691 589050240 -932341303 -460520574 99263840 982806606 -346932471 810147560 510567730 211668929 -11181873 -161734889 1411079291 -437106681 -183266579 -54746888 -115251337 -439318541 257464128 32994575 106089341 -235451564 200964856 -135778913 483702110 -55125083 -680193090 77163146 -254317733 -117124785 -633795697 -334848200 135134520 954008875 150124099 1140506058 -271733889 466062256 -102086475 -892033606 407325393 394208895 215548518 -67910027 -778496579 -48427261 -345212935 1099072207 -25802671 50488944 214298620 -574266446 -14367495 -146857059 353583683 -237235904 68920015 383316452 -618544476 169552699 535557853 -199072270 570748026 -589365267 -2390301 -332015949 -16410401 -804130987 -594721872 -555102782 1028161277 -938407658 39092502 337728579 -816781269 -712940154 -538283648 -134493440 290783913 846691880 -1310075947 372226132 103331755 540437334 65204393 -90341337 890262720 -574815153 701015806 -377761918 -105171754 671977735 995037466 970368927 343049541 -402356299 1058753947 -696150720 135628925 90080080 574306758 587993010 -161551347 558697990 -603593755 -397276231 314515444 210338018 -197005482 -646770978 -266837715 -418038048 -520578285 100225815 -581525876 -303648305 913100412 466879680 -387726666 -446624515 -198326316 477356479 -1278493144 108861433 574457706 744499172 -362810484 593430477 -135531814 -101126713 -36747995 948842014 -56092330 115441653 167860606 1322950 -262368662 130804994 443683159 -271722594 436868966 59147404 868506535 -151954588 748964808 864144063 202892506 -591584880 2421736 298600121 542349597 1103286116 -50848915 466145258 395394348 361335453 160966064 74524904 -192191258 -910204381 -392639780 -364434203 -420576524 130672137 204143308 25065612 149090452 -1143163891 -166537391 346114863
82520356 304623500 30629940 623121501 152090343 581339076 -961315259 453023555 -1286990744 -253790621 -995492008 -830382281 -492001764 -80205554 506757133 262421321 -569409900 -492303734 672621339 -668275681 418746605 741222021 -379576264 -378627034 -184823268 -559025748 -551273675 381396281 698238168 -245381352 254771255 -545074327 -653211321 -733625035 -44880158 181288802 207239179 23697799 -226587620 718966253 -530576058 -589133257 -729669329 -325572781 138075729 108643004 1178631537 -84637814 -396231940 415524207 227927544 -748177603 -172087032 341114711 -171275053 -1147371276 233411504 -187766452 60391869 659338756 144981297 198364335 -268808629 376919187 -230602045 751747637 -504988061 28336184 52840569 -595274616 274091339 -421464205 154054093 268610210 418165653 774160014 -364347544 696256013 759387939 102156871 73117757 -210169241 -214678236 -29400556 757859282 115268053 392206027 -814720087 787663220 -605862653 -326250389 -287375691 -110481102 269120698 326062056 -298205535 -204625797 -151867171 133501972 -83624326 -611004130 -146155291 -340509750 -459059599 -190043440 -1060336559 -616258613 -357926999 -396400695 232763865 338294824 424741087 168869416 -199083376 662134744 634681199 767177278 228086247 -272905540 940554073 143795365 335987575 1198013379 99290907 -779258038 -41942333 -155722258 681101015 760148009 -10761096 459390256 -649563178 61152669 -277937690 21910729 -278808532 32697628 171716332 -1090954418 40785404 382379514 287684845 -23849327 -383152215 291083653 -794677860 -778479423 21329566 -729009060 414419180 279754844 292462327 187782641 -342779432 -365973726 -88979864 -731605031 199910110 38672218 -174543834 516096980 244995613 -1210293921 426227120 -451076426 -11225864 -16302566 166699667 -230716677 -559482407 -873538690 -649146012 -289592248 -900050378 102087619 840364269 -290914152 -577232533 -474105014 259960286 -477762697 -448679168 758893083 1048298310 -1038271290 -757378157 -211544923 874030751 269492143 -964942084 -325498527 715312859 -550029813 -107686325 -668274850 140734794 412043871 -138630546 -728254228 277139660 301378306 874598011 482435653 -66956286 -69450025 -289111301 -883153986 -438633880 -995246731 59002432 216032488 844796010 -590458625 22309039 -620740987 914018185 -986072538 -562255890 -647398391 -100957677 -27389496 -473160267 -596626136 -346547739 -319593854 -984528596 -158685912 222543150 -88259225 -126638628 -151619683 -51039610 -370960649 -291917448 -625594595 -140666926 -247728483 -336883810 91567541 6730244 -841398139 1061626451 -218268235 -842320681 1096722433 414856163 -366507942 201808066 197380461 -166686054 415743592 -900862725 900224527 338102061 -62968015 136522351
940411549 -573091758 -226262321 -1520490402 778816728 -419061287 185892335 -836886572 -267540175 -884186653 -458781749 -397738932 -395196517 -234286443 375886648 40216475 -349848569 -453525223 -85009519 -446615784 2162116857 -330254931 243563054 -610558075 -135806467 349923919 572437619 18641757 190630721 -529776075 -253168758 -192781826 97315672 -99858311 479827610 372855522 1670611020 -214971929 422232779 -313178834 1018965911 -210091592 651834341 836093884 585392334 -378857151 -620566139 -97109975 -12691159 144763789 -350693575 427650757 374448065 -272702110 -765412463 -638245000 77952453 41830871 -257428420 -438777589 -394843264 -20541346 166303477 -11041361 -978508093 234332598 771668292 -103752867 142884960 601187397 -491486927 -122997261 876239153 -201929340 -577562401 -188812187 1235146334 715084592 4674009 -107216753 72834079 -503982416 195961841 321213434 469223618 -244236862 -308344803 84371254 -208177523 -552406381 750273517 890666631 -87415019 906633725 673360551 1032489406 300538875 716998268 690642490 -245778903 -454662371 -690324038 150676088 -156578386 -742607131 -396729600 -696426159 271571229 1485418638 618477158 38856930 -147806072 -468040572 -61680481 268400718 -155550480 365917978 -258904264 307679320 -370837021 216483406 120749940 245135285 538315572 1014786589 306082210 -306764510 -838459459 691457643 702334796 -557833566 456008204 155042313 -188495134 530599909 366616913 670961553 -791434783 -291158677 -239901171 106743223 -1109054928 467984550 -623759230 -461137873 703476131 -554729614 232641383 95399607 297671493 -269728546 -777823948 603494130 535188334 -300848954 -577445818 -38999032 287892206 -1725714242 84386215 -45882632 -57944802 -537276867 369089007 431134877 173129081 -338978803 -38726302 -219234760 -1082652499 -87568407 -134534062 449458634 -67449494 113858875 -778096449 445954613 -241906340 163309233 -508881245 298638531 351228903 170486480 511222364 188342342 -366473065 714280245 -180481340 550012684 483598659 44951110 119280128 802546678 -416836370 -37089586 -281702774 1266109870 416016239 -724165322 526865742 -575897480 392006500 -1046062561 770943799 -728295105 -67363729 137901500 7249045 379465733 -198191426 351105250 -68041972 -525421977 -108980443 55795455 63144454 -191918065 -416365431 1131031971 285364324 -131675604 -485006736 15655330 -9016563 -280209621 -366006015 -525705235 1231268097 903752056 -272173752 -109895072 160077959 -29910190 1308142601 -725357575 342313679 27363393 -444440346 17289955 967223066 29420472 -324647948 -361340357 -347674945 413710401 463720768 296884917 187004435 -553158355 99848426 -348236381 -767017980 387651553 -90637642 -509505645 -545458548
415985645 -88739991 142845410 -497538891 -354490265 1065724234 47307530 913264475 735622792 -82836794 701548255 744488003 64723642 -339700650 528075957 -35366479 179562501 -629125561 -19459556 -651061135 -329553975 -839686194 869785270 -249055027 -97972828 -278779712 207974803 591127522 582566128 373091833 -1005728854 -707100916 -493994870 121966283 -109884678 -101038378 78221802 -867810594 -353502320 692206284 952158545 5543831 -87170620 458103583 -4860562 31400194 266186370 -794356088 -383615908 -117028425 -188297995 -1679115601 -165001103 -203436466 -435003863 -251885883 515245879 537585338 863203047 389618627 -680733059 851527715 -651912241 564161634 -315390111 441045099 722762192 -360834504 537030641 -452420933 -611271852 -725055812 235742265 -32526580 893083332 -681532297 -1012249770 46515191 -265162798 -938699733 -408789113 -152453985 1076386150 57324522 676862902 -547378970 -467130891 -167230701 -127304918 79771245 -138390101 305788507 -76203678 121484084 787030470 695388203 165935509 -726544551 22144491 -149070229 21579473 834288626 130525852 -202163667 517930313 -1003844460 1071885578 112944963 -739037903 450246730 229938861 -714828820 377447457 -841294107 -428914811 239345160 -375677222 -5026870 -180675566 -65865903 -159134874 105871662 14850566 -667685424 142436288 -24199796 254893323 -168116334 -403229870 -397826952 -538943516 -562807795 414528708 -180534678 -347085752 75346241 206617286 -58384420 236609693 -457749503 124436572 50963826 -299427842 -482958038 37412187 -197476558 717890465 -235838618 216529166 866873413 313406244 -73932128 -134865226 63398384 -857724833 -955102743 -1139809647 294286311 327902327 149593975 404718935 -307477926 -318762319 79203068 206749907 11288161 -1036124484 -235413383 135463011 731480733 -601094869 -139487393 152224 580524721 337279083 878242570 503828034 485130245 82966416 704379935 194193362 982338657 -44037554 775377151 870100528 -781254303 289888046 715532626 -1075210284 -4863138 319279513 4860669 90939348 439896377 -798645897 -43326703 199644764 430512680 584020051 -125039049 -728980812 -6745668 -657246075 615236819 -194105497 251432927 636610641 237131796 -401741561 61750648 261991486 659332496 849126211 621039731 550109690 -576042324 -330323790 620312982 -605361350 -295348474 -186776423 258983082 57775761 108950140 1084672990 -284121541 307955307 -88959540 982206801 509175166 88739272 350009691 -1030380774 -52284432 1858283 -1077980284 178225479 -463407959 -400897625 -54737082 823097246 504705452 50551427 379205599 569966472 -220124098 -433082095 -516628637 -301777622 -743275595 -132376286 -99804703 204886804 770345961 -318261902 -577335008
-1038496611 -1131911812 527522246 315410613 68720216 180271580 -917483434 -898269070 6102693 935756380 671164344 -100643162 423087953 -107364989 943751431 -285465345 -490155001 999992417 -699298560 493684858 229915894 -195848302 -92158655 -303060782 -257593833 -148211843 110756995 26375891 -657904040 790572590 -19580843 504544790 -56381447 -186373546 -327080042 464141592 -719206403 -573104509 -477208002 1196175918 140277433 -616425118 -727034207 -742656439 365471461 675616804 365047033 366120440 617523522 65517578 776632598 206108977 -405976291 -402939022 616715216 -600307115 34789716 39003933 -123221216 -229737842 -7255613 -882814599 259075347 -552495884 123312037 356681232 -902910623 -320594823 595712208 -371533290 814100056 65352603 209289741 -360805281 214798991 704626388 -1071651290 -211235191 -205052704 483339240 -471223530 -5547406 401015090 203949153 -436798066 448506525 929626877 117424916 268553944 310267523 -311514339 -795491450 1046405979 -205718128 -596482005 228232086 -251579097 701749759 163228884 167225871 441253205 -245723600 -14349646 1211679615 687662187 302012223 -429385092 -2961663 1042061451 -47518243 505888224 -613192276 90588240 727826322 202361968 87195263 -181427856 -7196755 -470208544 524873425 622267612 -315905460 -167644953 -552575144 -366879258 515365139 -172436982 -681937707 -1147670894 445857742 332910461 -81674644 -588427946 -534097903 -863213365 1311513018 721370846 814034332 242841945 -28299784 600388182 671569098 -974404155 -816895063 129676865 531359222 -615167178 417058800 342873163 572539322 174015790 59318710 -361568860 226786951 443433139 129790365 -633412930 61333055 727043061 -447956924 -465442928 560686164 452293338 441345810 52581962 308561459 158729629 29417359 -33374049 161134347 -272454292 -347493484 698596686 407855576 77796238 -588127943 -761008227 784905763 563791379 -65869438 552358589 179781285 956918 381771612 973618422 347409122 -134916824 202801279 281463217 -646510200 455601192 106568839 -89516754 -948433261 -66064290 150115888 127705137 -682754027 466155324 403933730 395175350 965800786 -524647688 486005219 -1513437231 -772237522 -772666796 80781263 -659354807 217416756 198150637 134827648 552758613 -269574646 422661296 -670422557 -683557052 -497383914 -1087640625 -692004386 -547418720 -348166728 -18620519 -130677325 -248212308 376107765 728535596 20978526 86698593 -68465512 -233073083 -7240763 -602602869 -712759566 -59460341 -762670349 1127384714 -79854078 -387514116 -647238069 -811452442 557452868 -1054799830 724021533 196286377 97277676 142293439 505560632 -468995422 -228277802 -222406417 -510242039 5418505 4886725 442270989 202014755
-1061011232 -700957201 -31442945 -103500053 -62813419 -267720192 93747186 -324742753 -712096437 -149838914 86700290 315233663 275986797 500651362 -510924895 -224796262 890918639 -162198091 -235418281 -736540164 1316037261 -587174736 383551404 350655725 -609634603 -649562243 155061799 284366088 -14528882 -56995635 -92454023 -540047627 -295118759 913974441 -104836649 -517640787 292034828 -123138902 -18824619 -273312980 318145364 562585023 -749271087 383658622 309462293 -393215421 20807802 -1065835301 937066969 -520483085 282894647 545417317 -304307342 -302876621 -639519206 741070100 -393984186 -688055464 82955616 46347800 -685433138 -860777689 42587098 200742256 -346271756 -222328945 1026515435 -210785079 -427040673 -405904017 -214676868 217194252 290237025 578630016 -45917378 361192089 306195956 -269046150 -472363835 -424207595 457466824 770499259 545254542 -1169252046 -14190928 47804434 -857086606 -773383726 -536645827 -514894887 42237938 957646885 1262166953 710023511 1064967610 -145665070 -136318110 -65389933 -623782060 -555615201 247439978 508298170 1235826127 138699119 230195731 -203295593 -81779350 257618947 595394964 -374217157 871075681 -699951962 -273045550 -1943083 -146654990 440637059 4667952 -95465978 -214416790 -31349955 224405871 259727367 879583133 437701674 -374653588 579740436 256334487 -278269976 347454045 208729090 527813074 -380016471 -41202209 506931221 -878566268 -15864926 -339165145 -105046972 460426514 419449405 -279839465 256151558 -539641469 -229311203 437615348 158103513 -59748734 587804982 -162768740 441067592 -320739775 -81526594 -332940987 -76593041 584060516 272979871 -355922905 385609992 437622034 -1600136794 97549154 620581792 720201212 -688216478 148110021 41259030 -93757541 -514369443 -479691771 112442521 -108868848 12702473 -404946544 161960388 -199452770 435258676 -1195964803 403905925 -7190652 -704468933 -265023583 289921689 -324011712 195308330 -237298187 -78128132 -723436109 6787322 -104387634 -648560154 -292625092 998790128 17385536 679319938 669184718 -69731507 -873331494 -182141112 166481747 -615735474 228344703 436182678 67516985 -136520472 917057454 -136108193 -314542839 119640746 467964144 -460192530 410144695 419039791 -304060287 965877017 -245248651 93389746 -409813657 -173975100 904819599 -30474191 -198011496 44405395 322437333 612305061 273221548 638524941 859139974 -367257801 455238622 686542770 772309475 67448238 456279239 204910112 -665384724 -838338240 346306880 -64675329 414972585 462761302 235100418 -170686482 -1029467534 601177059 175058811 -124442413 -451663853 407426266 -467505897 513824635 666574534 -599537583 610946357 -374753000 724824579 -197071813
-417284052 460926954 743822227 236668880 52523421 1106762064 191550902 3291438 -598777805 411825680 482854281 -639170397 479066448 -368416677 662096022 -335245924 44058117 -94106389 622210459 585922021 409535665 -499236289 194369966 139652887 94048762 25024278 204124009 -1157575900 -70201405 -59837196 -158004205 92443678 -742706200 55513305 -13175334 -51281093 -109031864 -551929600 329596725 40127014 -694691290 -129010591 15248690 -710599249 330227335 652619726 124186262 331296777 399238780 -129687701 966941250 -138806192 -187848657 690791855 -1165537305 -888895105 341584410 -173978244 -634694612 -1626408219 648440859 -41364813 141354085 -203164576 -846081429 -506977375 -175927438 -190021838 554070233 203297981 111333780 577429231 -96707522 -516909766 775519232 760567340 -486586522 -801195534 449332811 745581275 -873769182 -495264613 1340166204 -807483153 -154991443 512438121 584030019 -713214101 -114491962 -89258507 -546465951 -420777432 135276303 337705567 299282714 -965141904 -355555491 1123990417 85147183 1017658368 -740479726 339292297 -1395180615 -371971639 -435575021 -147137586 -431673034 -335272696 795203204 -640792970 -471965658 -857445845 315431735 160962891 -123610619 271573743 358402587 -175252392 -946275130 -490661189 1291091455 733156037 -104471370 -410080854 427568447 -150890225 308639125 537823369 -290297589 -196534397 -124756183 287016169 -92986567 -147142056 465754641 74291262 178055090 -29897315 -793731921 -199679091 836098095 -81913846 -550522934 439614954 -342510178 -225536375 523632712 -211289178 577772769 240097113 -559170035 781981899 743130478 582318411 -147264515 -224472433 162470807 -1148980207 463562021 879805217 197290324 127955687 -400877830 311150535 -829651722 188610510 113815386 -1344401765 67631585 -342180284 244911427 -752026737 -311618680 -453130479 -664422609 -65243620 338694574 -505065154 204231448 -610611043 -747001059 -978435042 811221071 -282851857 -312127042 -32815211 -97710184 273135562 284442004 547588633 798347280 99018931 290014437 -96740379 -393104910 445389716 -245775046 109638966 590477582 317976286 -197499621 -211242911 749804845 -374031707 571193100 -1059279916 -398652594 -108780739 274358584 -87389178 -127115587 -1344904450 286294769 -980349055 -763346886 -1089002029 -483745391 -438330941 508655448 -259207782 798198740 142320572 72061413 -844339291 118264656 144318199 719922818 842340038 -716137644 -995143334 -108545408 -165849907 -866058974 -466586114 -88134957 -1167582140 -910394973 -367589550 243581744 -82749142 -852563484 -904918580 261570265 205013646 -728397022 599572519 -104743206 1149052886 64554456 80805310 -306880467 486369779 87857991 -49367758 174504657 608149677
-426917267 1183074178 461001323 575293950 -240601748 878928470 -269369461 126692786 -1073726659 77301146 382344592 -322164119 1303759736 1360015 -918203191 -209078612 274359622 -895629510 48611353 -369730331 267678578 1029656505 -1426430990 1467388858 644829066 -290016629 -983559908 -809857946 -323141466 265814014 -559857946 704152472 -134757183 1596122824 665686820 695116057 -238293811 -349534505 387564165 -413822067 -196062149 -360011518 -5434546 -34238518 514049259 216584005 569456993 -247595613 327123818 -474273096 -550485871 171516649 -195680628 -617010592 -682804867 -401221282 -404221538 -559873438 -490984546 1689491934 -925625600 105746846 531975522 -349232692 189526739 -47628292 -57326400 -311708662 1130812767 -954414523 -712012730 513594096 936230990 557701189 -76275545 17747702 -898673632 388925693 663607699 -142974080 334290472 -124216931 429491392 -713149956 268651432 665890970 -1044763127 359487547 -396333863 -351416319 -597815854 217844712 -903139845 600293009 -199469150 -607217201 -643408639 387525046 -194435831 509107967 -144831096 526600651 16179271 -326086294 -389442579 454694746 265571555 278245635 -240393297 -695526287 106948734 -247786133 378439033 298194822 375402709 1142135916 76899911 190070766 -831644161 1051340798 -358957144 294338690 -756770239 288268170 -636977061 -937133884 -275373497 448632022 248649302 834847557 -605742615 -571371303 -155741728 609786806 128878232 -8019067 305507 59837324 -399140142 377091472 174486696 -280155793 -490478287 -156308086 655337705 -157660017 -619507296 547163041 642969773 -945257809 314926080 -669080497 -593418167 620083604 -287863318 899334072 -438374402 47028194 434979499 -81637988 -1018532191 746931982 431367316 815628080 522179951 152851591 -454879014 -33872426 425611633 899980285 802085066 180499154 332141589 448817703 -375631948 258984192 -324170616 170589943 334645235 -268143214 80061835 319060159 344977296 374153598 87061680 -433415745 687896254 413877284 822626612 -429664730 -106539171 631716686 -464566161 -995460275 -410519993 421121791 -765231571 -17177940 372617939 -363908017 1076759504 184359936 -702460968 -648329748 363666246 26331075 -349605242 499231144 -904737085 461716507 -669060184 -368777558 120171157 94555422 -729211470 -901097471 -805699180 -288052159 38468600 202473459 671513527 9286858 -493905997 -380931349 -242070272 255459289 -707694167 -9159103 -623504162 -640125592 -168116649 -209773159 923195555 -163575318 654913094 345644169 357339785 376929372 -381350443 74490170 -920102188 -758663067 -199663569 54364304 46634402 -398905656 15749912 168273388 -39583185 -155234633 119972466 -530280282 203652689 184820040 1495532177 54637939
-411922367 -433163152 -236089239 872403341 -385037499 82713823 -246678084 271509540 521864428 -295559878 -200353416 -208091246 -149410725 243242732 457410246 -442727540 -23931978 207818438 305429455 279964204 -459998113 16086353 105690093 812281801 -711131845 26131195 440418037 401342887 -45856722 472618188 586157398 251289051 939636770 509887213 355402175 -483782669 -350637887 403152968 -351843397 416751242 277743248 -58848696 -56746343 655594639 -126743580 86033228 174503116 435319241 369727497 -688910471 369239395 560467556 384746404 460212697 254343716 147565329 -714383583 -503672931 -1124291219 1119091368 787861409 -393906266 -486344100 303445537 -957453999 -122056020 186956589 -250012683 647920505 -18276660 263489665 69975636 414389274 649361992 43948337 -672934072 118265734 553764464 125669685 93916953 -396930285 -213954165 -250441545 -342845358 254402732 79289370 347476597 -442792973 -236256200 264268308 179650310 -532373770 -687580745 -606765653 766558799 -190736809 -879449474 -463499615 -291778834 814210970 -430618727 413783125 -221892927 679238048 -515232697 480124391 -11037433 560773474 67629181 -82943515 -887987810 725823272 35145646 -450963095 -293384211 364313558 -150639401 676762906 106865425 -478688892 -292266080 53070250 -208259171 755851420 -487690025 -435621772 -191610610 -67118591 -90495613 128311929 616677002 -107287477 505896251 -226401949 -671579278 641267557 343978697 -156205378 -261367494 -25564808 -111457289 -496845396 739970709 957407257 -245956407 -554917670 476977184 -357023767 -848916037 109497731 -505274412 -451736898 -435607089 -768654521 721267133 657710246 -331860581 119380346 991655369 -424509343 329341550 359781018 164097419 198530970 856648619 533251900 -632643278 254532737 166027118 136014040 -264867086 675822568 -680092103 -877073468 -180007472 901495983 44982163 -1166753809 458265394 -340825003 -925079027 487950730 -460356361 -467207612 446181663 161232682 298668404 107675099 682347127 1007807223 1242482950 75006564 -416364947 170056755 1104632134 219460678 407080407 739677081 -52229751 -40210922 60478005 -194437189 137037270 82063204 769743133 315692211 -328628624 -609272874 -212830816 -47547516 -88834263 143688348 265850062 334834342 90255814 524850824 -1137773409 92928795 454134019 1049346514 1341015834 233642465 161506254 -173610590 -1050309589 -139456113 -281454788 56291960 433900436 -110749744 950090760 297919327 -645114244 -282206144 -362640438 604175629 62913679 914774259 -55798221 -212787870 -15261915 195918069 902270666 820136847 -43115168 -680760823 -1245581410 495258756 -708062471 448577643 -504843399 294890638 -242578185 374997709 270220260 -198506511
-220494140 474876513 -192756865 445298672 -509772916 -888118458 543886055 655212326 178735820 746388511 -240258053 1079637293 -623431859 524027341 385491432 -174129373 71282151 -218524193 396333298 -546057180 353749200 -408651844 -149340713 778866504 563447060 -299406089 243733022 63975841 -1260043684 512594010 -388358830 -231684744 151314749 -463555653 -330566586 27795026 -183397970 -491596953 -105965582 -346198290 281430930 224114786 -305338324 427628735 -712162102 -321844564 190564944 -403535572 -197530448 656977652 -12405867 267449834 235330295 378628862 193625409 454316557 -305392815 170071447 364494825 -222015022 470022594 -779930956 -319176709 366632719 -267828570 -388379948 166768293 947294710 211221271 -310843698 -317163836 -767465982 -315157679 259858077 -329837350 512987894 -343777917 84803235 505005220 164108729 392118377 -1089271 192223346 -1290407318 -706614662 572276153 -121422105 -2896095 479751671 563109577 -293747965 -156262771 583650713 -476580133 -78995610 198707354 488176960 -895550622 338946849 51455327 1076959470 377261162 164791111 -651467246 11604316 -174643982 374263585 802239510 -531529690 -36683790 1447957164 987356021 -91820911 -161897152 248418138 31942671 -825989187 -495998990 334692064 161340263 -762382659 -672377670 157488086 -624212374 -119472759 253539764 205926714 494064095 118225607 138825316 7629346 245706156 448197346 10517170 -405810631 25193058 -193788495 532731095 -61871997 510817881 -239583622 204990083 868831626 311725360 -612598130 27916462 -384997564 708885263 -90169262 -802871004 -283238604 295680422 -193498993 499896059 -757381172 271190528 -878024617 389110296 -152251958 -599943524 -364418414 1356393 303099445 -30362711 1115330329 51771169 1079638855 735064171 1906401 -505572226 403618222 -174453804 -247089760 -275641357 518407331 -243246117 -7068672 -85336345 -151248529 322755790 -44845340 468886477 -265674066 -63194621 -439757370 142944478 84840930 -880909036 103465168 670875407 -472106177 623224828 -6573883 -239568293 476638966 -523078730 103619510 -719358991 81503156 -621649682 524979901 969779595 364285194 231818978 366978729 654380792 -393051212 427579435 -760897591 150377478 925426988 657294991 -935917198 704713221 410561528 -230024856 -175624718 1094663253 794453616 -230151842 569700367 444446585 -309201984 1043240624 448545072 710604928 274056375 -1132388543 933639714 -202641988 79122032 52168022 359876997 -537956564 577817224 -427098307 416836251 -144280098 -323137378 -787885715 252024668 441730551 165376969 -926102127 -18679402 169934443 -699824899 45936190 -724515269 378272424 -98301909 -591547936 -735069908 -161022859 581828191 1125609840
-74879122 -45205965 1186486913 -333624923 984038558 208980276 195295243 -133097754 -1117826822 -943690460 -548285971 22716429 -332099055 -1866604461 130136310 40187362 -18265377 -322840629 -463287928 -274445724 326755380 -247462301 730214345 -100518683 -146598439 799940991 603917469 36992410 110416456 -41449057 376106493 388456630 244695048 -37287291 212665763 -210905231 -290212959 -450744871 332449188 53131852 259474603 -219669128 -150322050 31289046 -182206187 -252966057 -784583823 -596712818 578425645 -579487471 577532214 450286108 342977938 1346791039 -472324004 -1114370584 -403254626 781690836 132602734 620611936 105779353 -390663850 1225610521 625243970 -508728138 252741612 -174697080 569171418 787948658 476367314 194883902 1162988631 611243875 -356490925 513743411 30735840 616784099 261669301 1341957108 192565049 -720459558 -571799314 -765495505 100948540 670201599 -799269977 138606259 -229192090 -37373986 -435350579 561844234 -389923052 598181598 41245908 752350773 -261478082 1090089057 -286807972 318472638 21880393 274265258 145385633 -31182650 942738669 373730871 -83341598 -151955473 390514808 -22072507 -20713212 -384066641 807486513 1258450856 -187476392 -154576135 -26363888 -907152074 -214087888 788939328 535319092 315044583 182034362 -372947923 162851225 593450348 820586013 -48681858 -1133350158 87406658 -244248290 1007005712 -490003171 -200526087 -962160886 546181623 -226417302 286870154 450125108 389583951 -602409167 818632398 -231584224 -313690430 -404688168 -22655504 262972097 177375894 -207619282 -193451803 455157338 179884781 -786178834 -262893246 453073356 373085390 962327996 -95152836 312178973 -364560714 -169659923 690300240 30456872 251695235 -104001595 467884467 -448608796 649931154 218542721 -533887663 -881502137 282386848 -768216046 236500993 305703380 209536577 438567088 -752757221 -1036322298 -1291805439 719355827 -353784856 172560340 759549156 1403239488 -401854304 76660811 -1250485511 -604569196 623412841 -540803515 -147336263 -28207849 -41701737 321856652 -113462179 -452369180 145480061 -635876296 -233753028 802360866 505287106 -768466171 -55394620 190325763 -346319110 290593859 224211934 222728545 -724403475 281783703 112686960 -396706176 -357456852 -445630217 -997602087 307858331 -95456626 -366620846 -357563200 -731814752 -434196365 409556639 480737562 230304488 -730218880 -358798432 1058255493 1223615712 -133150087 -761737038 -448818484 -241634486 170918359 -40376710 -118875500 90706116 68799788 -330652666 378257301 225628902 103731627 -681020741 -706814073 -1125740512 811898460 492029810 -513438420 -904393488 578518989 200957139 -460559258 -1408912286 -989559887 362526835 693815021 594558993
-886691982 -57572351 356398482 -128010878 -85270919 -182398883 -193107104 106539793 34880639 437234367 -734135894 -290339155 304897949 -722091937 -348566022 -866604210 5947914 -164601545 -562118355 537106766 218966152 473507547 600414820 287287461 -368416339 598848128 1381088752 136118798 1059819130 -216238828 896846608 -458571928 -187316756 -948601427 89233869 729425093 -1021515374 811458025 -156289 108546717 -207399804 -709382355 261168866 673218739 109883256 774165013 -271690989 387517039 83830416 -280992531 28708702 -74152554 -511015437 -238520661 -11665516 -360373447 -1218962032 -144680867 297133260 31508645 -534819439 641255831 -558224451 86893585 -872175337 459660465 15488928 -627094938 -396218536 -636922058 -412081777 -878568571 -856248458 535049109 450296119 314081561 1188393317 794295200 -881623784 195013594 -576857306 -184503268 790774958 486174587 65166128 -807844788 -122396838 1333459456 -16639222 -154830343 -260685482 390556529 -1872362985 -701132107 1050449901 57621357 -232857486 1198450316 -196590883 515448954 -1034969603 -211082528 111040743 -371630774 -778881768 -901072791 410933139 4799060 -498443994 837671798 343047869 -707842290 798947343 -27425374 929192029 198137597 9055633 -294154180 -547274095 -427769678 -151199252 675220800 247392268 934595908 -1521174092 35405235 338856243 277775085 -393957956 593803626 438110972 109701993 -78244198 156567895 -255798181 -292583088 57021601 -480320289 -704873134 -1014169791 -436866848 -63038470 -525135834 397150669 -196504688 1122494209 -292349923 250807217 -341171069 533685084 783627513 124320116 517933200 368225042 94928261 74062216 -1429222748 -480455923 -833487917 -384231183 -485794927 -475688641 -239207164 -195890175 -503076990 8509868 -148457897 438185037 -297636258 325560564 -510985038 111285734 -158995555 754666748 -552424286 453468600 33604789 -786890501 164682853 366838617 628155436 246011032 -43947443 1266873203 -106970538 270440662 169605244 67440819 421362389 -92726661 1057622190 212809350 1125819891 -103543980 -375349355 -151623040 247951905 707597912 -665702162 806725631 153482242 -192108945 -295824929 -1064098939 -617085496 719615040 -694585646 48081988 -63497628 -586310149 -62004560 1042121148 74899995 -455380751 -22616714 23019367 666784553 -676153376 -295247448 739777917 -33327853 -421169578 -115124968 483094388 74659251 -112787546 -377507756 356356532 328543686 -717685045 486673282 -435189701 -85815862 207356895 -359316218 870224230 -19497115 420200975 -291561385 -523016163 291837910 -354931869 483584106 266209265 245006583 425697507 18072742 496834939 346335023 -815938493 -825739460 300016707 913881842 1165583510 -673347992 -309183491
68591316 308184248 -127447195 806400280 -522100494 -81467438 385534887 -478418931 270014462 811692956 -239738056 401875756 -19970688 529076018 367691428 -111596258 -701476049 875820715 -424374316 282187537 -443817397 517304464 -31906323 -1331952354 -684708834 -732458264 321604663 100068422 -59001166 874883866 -639371951 -181410900 -275558442 442079635 -1575687436 236310427 33874601 465116784 353706915 -85101691 643835589 -192958929 153593692 18297 922495442 104518246 -547477343 298414093 -521807820 499290554 -841605966 -24522509 197142019 -23974465 -299290987 -628923524 -319655716 214185680 -359385588 -553597042 -264751900 -401123753 -33445259 -593492667 323147180 728220894 357238226 408498447 -199480527 38090589 744577711 -330769876 1171457523 -171475706 -597965992 -314523701 28021998 -908522052 81701613 -180435688 364919925 -305933878 130677276 26641616 457139509 -450544016 1463084213 -388935243 -168581607 459005315 667295039 -401421463 17824130 -784333736 194671423 -486071768 -617905266 -264803521 -435309435 -416619095 -243582403 285189355 49465974 -406339388 519972866 -1247032974 365835862 104978008 402698503 330497867 507129280 -269256900 283272591 575029463 144742444 -584195425 792266503 -418805986 194326367 -13426789 142843062 -936636834 -582265437 -263043336 605020972 -346150417 -627712668 223243186 930101979 -408959989 -328377431 -258379671 313019504 -344702732 298462822 -96290792 253098143 557862694 120770870 -96496061 -407638841 -691414280 367022010 -551793575 545153646 4173815 552194087 -488094812 794255629 -331067128 -1010416393 242417072 73665767 878701221 -817838693 -276741777 324636778 -60922230 -722156732 -92118741 985633803 518533670 -247047743 625402965 410841488 -826997460 577100547 -328932008 -146069407 269203 229741757 251259011 -405460231 438064293 797235661 -420486417 317236006 -379733826 -444522601 -165529007 440998914 -1093319521 34533161 -779089895 -290197989 -696891527 -568627544 -157190415 -161533573 -151577986 -1016132179 -187044912 287419831 305645945 -45416855 683150454 -192701772 142252296 356993423 -403644320 -568155455 113588246 -566114004 -294767572 315261165 -386219162 758975222 857195824 463936581 -145204672 860412040 -924421324 468545646 -964800377 575047296 -433947840 -703480426 754161040 -293465866 216283087 632386072 514437597 102040683 -357833009 -226319959 1350939872 -1666290971 -43745536 632488876 149332314 -186355494 66335081 125991742 -826903809 644905766 -390950202 -617849898 -912353904 637918124 492917527 -348374315 -281883129 -513096042 -819827685 -711241697 -245264274 -181900827 -922835886 -117140673 -100607556 -742069646 -755342004 -473106978 -583184817 -325362020 217755113
-318263451 362748056 75251103 -893531544 -44288619 577115639 -104276187 1112524178 -113410206 702319493 127858289 211584900 429594002 -624728515 371748725 -502182702 -220124548 283082651 728216159 287712400 67598891 -52075392 -66274209 786659431 117138401 -33872762 -445077787 -565638061 449072039 -17390274 61665849 -144619563 -164655615 -693260641 114455205 -599925469 -546274345 -522969544 71855640 -294542208 472887753 -786420896 298696400 -316558114 524865109 95723885 -407925861 185479769 46727557 121375501 223338337 245415170 -215013106 -189930264 -358496196 -414691736 -639988124 794566092 439165735 363536824 -357101887 -32954514 544395021 370208376 -731815250 137223807 415598697 -312945070 23109902 254668229 1260886977 658765825 27862669 -497566449 -262098769 -483987345 1029168795 -701480358 -305799460 635676664 -906505455 169002108 -283845682 -4534029 81148224 111500875 220104251 1063383382 483283557 -359005284 1961688926 -763239681 -1256768138 -420748463 145481517 1550447224 1352343109 179919739 -252206155 457265117 -406256465 -1064237645 -21219167 128471310 590486394 304655252 -324398729 -319973227 -838461252 -743704904 -1213308592 -107900773 887557619 -57702942 694650064 -199609173 732066609 363544855 -537984557 771413154 -790152204 -41397405 610579612 27872875 149913196 314872809 -176653242 1007342611 943673481 -620212782 -872122549 -295192557 -614262428 -51548160 618106340 267355053 -98581130 1179036727 -124821608 401588385 -204507809 -563748715 218914579 48284661 -233471939 1117440351 -418315097 793261820 22054242 -538446105 -708939429 -226534034 -574016556 412493439 83165461 380146507 -737481450 -1067402969 617520752 704458344 -153142709 -331419532 -802833600 -641422943 513614310 -402485004 100738202 -103526433 1125157159 161071301 -606338857 -244669346 50473331 41664574 -420659024 -322083250 525771329 -1224475932 -16772607 503325345 271399558 242273468 256612588 -92374934 -639490780 493575995 -520816798 348859534 1072219017 -83150855 219001421 779667591 1523053216 -518253464 -777564015 -338505253 828105329 -363038196 -688285124 -304730902 12669840 -284794234 -725850518 558240241 699672226 -185167991 495104599 12295093 -259320356 -187124497 -342514354 -430009554 -459617144 709469647 266189599 -291726349 542450615 103924923 485612284 1071588847 -1339931547 -754962787 -94626400 -176848626 240643131 -77403606 -429957234 775399368 -567771240 -832536947 -1509452181 8502773 562824811 -250135387 296200281 1018758165 -317920457 -331401678 -581019644 -69009442 -178516363 -269515064 795289656 -35067891 -442885493 31220010 332198008 -153405614 1198810888 -252718901 707684216 -235661300 270129768 25658053 -234347488 1032496717
-421262966 -958031711 -575279117 298841780 124441730 122232848 -782522381 558860651 744847032 691434328 354232898 -616055651 98118606 108420528 -251405605 -224251523 -80356972 -449681402 761978379 -222709720 716435182 21117852 -376111134 152815723 -736895295 -149933981 -196559231 -551319905 -526027090 655932313 634032123 -146863390 -285039964 433655921 -379092699 -443302226 -303608816 -628906206 -849287616 -169498019 -695335739 -3167116 40284066 -177038848 579795398 537819890 -377742775 67620096 788022546 75751082 392012508 128626832 -246962610 -362359019 86674216 419207028 -253935911 968111203 114500497 43192587 -569966372 247776815 -1145431778 -210163739 238066397 -79623961 1218670910 696636451 7231957 -298383652 282424845 16079335 230487858 -499704125 837262527 137031783 141791113 253323356 -275583392 59332290 590958796 -322570730 495914932 456093267 119649050 1096832643 -416960327 -162018864 -148253906 1112433586 -880979628 -25812612 642653797 -83852944 -167617070 928287105 -18743707 -367490081 -295098783 180571535 -411471706 -288861154 149021483 -142813715 449113121 -262979263 -986167643 -144276263 -406785126 -356176188 173512310 -39023928 90698883 -224601617 620759676 -1064309179 -198290030 272304647 31614223 417650297 -294965759 -881409151 60502259 43325625 -152563770 -861499281 -169435893 90800074 718322471 -839986057 -1086468415 -651630125 773756256 62533618 373371025 786453919 -17159535 605888245 -826898038 684736367 127630186 -141931801 -795797131 126166411 -525530388 -40897329 191068464 -18754692 105175375 -272527783 -156488648 -368764078 736756881 232228900 -156364611 -111674125 1011004227 149762206 -900281872 763137180 363142797 315558156 -755384984 376013834 -31279557 -808176079 -91126712 539424895 123030470 11802198 115696098 -879130574 -571186342 999145512 -717836101 -29380006 -365739121 523261672 -375305293 -217959985 -347188904 -962367536 439777387 -103579188 -996970874 -169656840 -176356715 702899364 -253754772 -585377440 -391598715 442084045 596878734 768920826 15635475 1159660022 -175275441 1221094119 -159954069 220628744 533008614 80896696 -1012590470 -184391850 300563776 624228009 284025333 -477037513 463227271 90103302 -1267785478 1089691430 -351018505 -176036342 -324266755 -55821629 132678453 -529811691 61715704 868357393 -137536533 233272753 -532780578 299471740 -101158622 -364324380 -571926476 -872218892 275743965 -779035607 -248266164 453899916 290572879 292493474 -489300325 -1129998413 583021749 -1203774554 1366213 -10887064 -696576382 381879572 -79668280 -521682697 -52432174 388820107 -563666449 341917280 1422824795 -104062487 16526302 10775038 264965024 523116191 -1150174294 -553379520
-692145068 -758212710 -94150602 -342168021 -650767489 938959636 -19309424 259033816 -766024157 745256024 173120989 718563315 -725353526 345177869 -20630305 -28241313 -114392764 -394197446 -788880136 416640091 194733932 770804643 -535576127 795386197 -74289174 63285347 258563086 224461858 37512319 518768148 -680910119 1108088249 -216547499 -547196667 -500351558 589834312 990220952 22343881 -265791104 66351327 -719969099 -817012807 47995876 93617561 -370452676 -541062408 18973356 -333500255 -479830560 656344340 14945808 -676383453 -634236396 -586055859 -271864514 -285165497 318244318 776671959 858170920 795755304 110052407 -384547983 -226514038 155050046 -142814327 -476705408 530762953 -157873609 -161620886 -601186869 -736206991 -699510606 -444658266 500397564 282580464 369131104 -318116441 -667402661 -1691899076 -53572231 -917740633 217740160 173562779 158825359 775580445 57689822 -947783139 75599812 -685135083 -271269918 671255865 1012747955 601982985 -518230305 821961344 49766800 -217668460 -747049042 32197348 -990115792 -314328303 -306720150 77647230 -494496233 262708165 -654382 215265374 126153756 -645027486 377512413 42455583 -658304143 -547096857 508694475 131194211 -1130548620 -107094313 -122473764 336143414 -625129222 -101821266 -644762429 581781066 -381611154 521939982 -354447053 -846198059 -859168607 -1411132 -420904178 343642996 113990593 -381730616 156966103 -26081835 10077328 563565975 575652544 462512611 -522887785 774835731 -726898055 -301961971 -461261484 71617300 -342472151 709326312 683984801 -458657877 -815066894 189705220 307233907 -202048294 -408452383 5435841 708628046 -206691268 -471196200 664348120 668590361 -257790669 -241082299 89127551 53643523 160934780 340931035 -188654665 532351221 -273200261 -47576691 123714069 -950700355 -429805614 -605467649 -194150680 391249747 -393023541 407930311 263663746 -697430068 347438925 -104322350 -504638172 231903296 -443106250 373672445 686201742 -826829897 -202007020 -309963491 467385698 -208208196 -154973491 922890953 812646628 -703199625 -53404473 -642569072 -300437586 -1034158645 -444745122 210310098 280768175 -1002915608 237927877 193963990 -642963513 757990989 -322211626 -58562314 882422172 260539649 -300968368 831545421 -332625023 401290014 1380031497 695170781 -123138181 -410543706 -432258804 -480647833 -3504060 139568946 -626097120 -332852875 -43947857 -395173009 283414559 -352663279 523122646 -312644635 -259376073 403972715 466355298 -350628338 -616037532 -154438267 603007763 -117432495 47961168 94470142 -305911726 215136232 525084157 259792165 -381664780 285876032 -178016294 85737233 52371854 507544482 445833785 -60403075 771802203 -288726660
-387654278 5898605 173939032 -699646611 -340446937 -60370229 818371387 531077048 419689473 -651967748 713235526 155103776 179705079 1114468519 10577073 756394289 -198323692 543338393 139179061 309929712 175823439 199128649 -125853196 -221563288 -524303400 -5363644 -292184595 -20584019 370031086 -430794469 68319614 -342243976 -539516759 649508637 -827132826 -410048724 -440294762 16156298 604135559 329968073 -813079706 205989002 -179800549 356117212 -432135773 -294060827 575134569 231847769 624576902 -533907309 -109262000 -838702166 -668872349 -103061902 477486117 151536610 -657630264 642405541 618114536 -608025792 868681849 -626796992 294750318 -246757883 -183463787 -841251471 198836879 839022833 124435484 59759960 -54635465 -194286300 -284024714 -98271354 103838844 161389481 -293590051 -726103423 -266960779 579370 -131887236 -400170771 -387653083 116500791 -933778163 846920681 1547481 -500199843 1097242862 370303585 477617322 -402801922 -890175849 -333564139 -713432788 -251450808 622941449 379115681 -320544737 731440816 265803026 -94738234 524129721 796502587 -12721833 659205161 -289012942 87446846 1184404963 -741624502 213553590 -696189335 -132659217 -78576999 -817011472 -756705223 -590436663 1468919 711545709 -49810079 -254374137 26195731 -95149100 -415672470 226593873 -219160949 287475660 -120415471 -345746389 412792991 -972984528 572330468 267654496 -461189875 591189626 944273080 -853690101 246714801 273001302 109149789 1053499392 970048538 263902942 84732566 -16887596 1054539670 -875990100 -234153381 205421518 209003731 521956003 783765154 -28896210 -441513055 -286313723 -53474187 -122235997 -1195364255 354262882 349010383 14961790 -14682490 -58063098 181916013 154971700 111378067 -131826514 576704217 802190526 622954155 -108039636 708708340 -430744269 85742659 766374742 -810937899 -726721723 -329897607 -215562076 -821208755 -665356446 650661895 121132886 -676060836 578463571 289835987 -180101697 48149616 -673438587 247546495 952064232 780837278 474205058 -760040972 315088114 -847688294 -184812538 -356660516 993859109 -65856397 508849920 -15335126 289018464 -220158108 312220304 509131867 -303678501 -1302578905 300224736 225784129 -1400890076 -532448674 -333813651 1262876349 453813264 86582963 390985359 282844010 330358846 -136620572 -185738431 216319704 -346362525 -460942995 251370998 -69669306 -548163087 80064964 582046144 -392299795 196435042 492621483 -378801720 -249622132 -119183739 805092133 -746758087 255073624 -599223491 48475137 449547530 -155036414 104029471 -148588324 27330352 -1319826744 -48706379 539657036 1956532198 -976959349 -416318161 114187083 188614809 -607786584 789295535 1300628181
107407866 151575838 423910835 -1112000072 870598083 -725452403 -77993821 -431423249 195809135 56327044 931135992 -1219237267 158154962 85701297 62584454 189250619 -442951330 606360073 -762990139 -253220450 382529763 -144795433 85580570 183832593 46613367 -314770719 120195876 128142335 976520916 -276444697 721432441 -62968211 1319303379 273700348 116939221 69385741 880761851 -421230000 352344862 -456755456 835237509 -367587442 -1034874853 -410809730 -94350512 -122762423 128013896 -354851438 -280128637 806793609 130708219 -367037425 -225362263 462491226 -439762703 -191519311 -762270603 -299799000 -126965644 75613421 -974155132 -944191181 -64730978 594809566 123047889 883242012 -18499538 -532671377 178735150 -75609296 95877882 53302121 263685624 708249151 -77248371 1299196704 138066249 -278397115 -25481075 -42022657 109689323 -301213375 905505296 719409761 -458691513 -493030825 1150830887 -438884172 365854931 -871240098 818199318 890338819 -359521656 153874269 -416581769 413807709 -269014987 85481125 704923275 561775082 381475017 1150099184 -355335746 170748832 144714059 492581891 -546693152 -310393468 -39397103 -269024798 -296332441 54782204 722194852 -1046045025 151375612 -571855523 40894838 -534616179 -115296773 -86937220 -18172504 -629843116 313250102 -128103228 198450775 299452820 566754626 328899947 -11380044 -307158432 -663317611 300268717 996902704 -686598690 -495782004 1248462267 189347403 222039988 -715573888 -135812272 153471613 926477865 346279688 346176365 -52349588 68303073 -551275307 -1043465879 378568215 457890274 -26118181 -633030623 463189205 -1230224616 -736159621 201650606 668083137 -37450670 -751380790 460050999 -209303223 -962275565 45161305 672685018 -1224666093 562026897 547922433 -55504473 -1324389852 -24091017 425953793 29837907 -622190617 403675134 402485432 -251575131 -132692581 272208627 175452075 -7866202 -300481201 -321525952 1024276983 -67992191 826879927 480326954 324458537 -69565909 -158158647 460913785 281571287 677539107 1080051377 327895312 -1054255237 -400000325 145410869 273255732 -221666500 806652337 74013589 -2960175 -1011586269 35980793 -1540304906 168999002 143989745 682469204 -199300984 -465407471 33291403 -269760744 -612711612 -945179151 795622618 -310258741 -337254500 699908720 -546490167 148454991 -742971447 -79790717 -206659983 -51488629 -360072384 -332393752 -81563138 121884836 415052264 391236942 107720239 -48005156 -10193267 -77027017 -228053255 -167399421 327715041 11725857 75945516 489741927 319600555 -206774739 547515596 -115061715 -81654858 -379001519 -290922204 200267927 468065456 492203923 192656243 -534623028 32073739 -141025872 729624503 -216004426
56155072 -47205780 -550845778 1106013899 -151605288 -249608766 -569859466 762836443 520514844 62721450 466936344 388365052 411268072 -165853939 39599669 -700805801 -724934107 207735740 22613336 798595111 -225046408 1226830516 -518531555 389776569 55965545 858895955 493639354 -962325383 908664039 633671264 -877784720 665567307 414025856 540187372 -257088256 -230681960 -272770453 372746675 -1103495898 -128122588 161775497 -17113841 -575485067 -119663776 191996441 -408702704 -666404393 447289752 -415141968 509777963 -1006163211 -570832691 322676074 -471006810 508237187 243140181 33579727 -124776588 297329761 -14208673 -498977442 19967508 757940812 289830477 838038644 -381407784 -176182958 17316146 112842662 -290958933 75967117 458124809 -328037954 226376854 -425322745 -1206224253 -10453350 -204466954 405506973 -99155754 -716424725 -224898653 -304412765 501818955 500882389 -105249360 -293953936 381865979 -54132476 101087868 996858828 -180973342 -866969973 31880880 275831914 711300574 83438009 -8353964 -688874533 844221366 -1117912517 113598820 -334168723 30760726 118690638 -237635910 594856899 -327385560 -388043877 582867793 -1037354668 -208234002 -634332852 806947186 16051292 88645974 225808949 1191859651 324899677 -425339097 -244969479 -506476976 131634407 267100153 301790027 -866938821 665362864 96233357 232777588 -193222966 -241567789 315465645 62611207 361468383 89802993 -129143234 -517613951 170897474 248149850 -168259060 305254164 -555547728 656576055 49994634 -856643189 535463400 339548397 1356590327 331953169 -1162071394 -240061670 -1121080949 -112705219 885764498 669251737 1016770246 -451318936 -347099338 -344489555 -514097595 982533723 -212913803 335498198 -64082091 749246802 180267036 -404697498 143929411 643092781 582883026 40378651 309782582 -461148875 126213951 -166619728 654106789 -138159479 -353255629 -339978108 794938703 -165331950 65683777 -611013766 -744986573 201680954 231271489 433754987 551343900 940649948 389224342 335157156 -956661606 355140657 866301402 903776927 -82064215 -197457237 247815136 -539127932 -462683839 -758400125 40419437 11534496 -963572296 766501240 838711684 854484175 987855596 208434948 -150558935 -455407912 -738154424 -124933192 -506853511 433506282 879801962 -75045057 441522754 -57329193 1319430995 11810194 673905683 -374621819 -388700901 -413827608 479624983 -1047833395 589070312 426067507 637989500 278962651 -763884572 -45753168 434044608 -628126538 212759697 -382187800 -266997239 -408808782 452162870 232333902 24295495 193158549 495070747 -146238474 494191685 779448515 6860422 336067151 611128938 -108519092 206409781 -617989038 382632925 -327093430 -648693988
74775336 243237816 655067711 -319879694 -99813335 -564763706 331184282 1103335736 -507513820 304807922 401706016 -685833468 127530254 1791389701 45647855 -184895784 52537176 406614897 1108774131 -1072979891 159190083 1200422383 -845582015 -60243177 651581707 -278055825 423121134 105985080 44536363 84224478 -835587691 762842474 242559250 383661688 -412126334 -446009664 -434675490 136902323 75834528 -391578888 867916406 519368099 526408861 582497726 686986411 685751585 495684862 627648898 88410057 67911566 -556434221 -20854675 479120114 773846289 -835612695 486214620 374082641 -531502063 -297306186 -246124902 -65586062 -289469195 370548882 1111487 322447969 -135525462 274108106 629548043 -948233855 -950683484 582835914 -373346851 -820274345 -576623414 253455912 -47115618 -695566382 -520449164 874460304 -229179783 7644524 -1430337 -566862676 425821027 934805 -527262746 -264362991 -374449446 -388042724 6753824 301943728 -495868132 67621591 377443615 -175391144 -51644593 164645412 3729845 -297852293 -202979525 -11499301 -409390635 -805325438 -493375874 57691003 -785253234 491717826 -160166008 -31605877 205962102 -386666851 -718851867 -739960769 -239990950 1348246668 549244488 1164362598 -577321 -1929768588 -616773613 124298573 1196472305 144840450 673214722 291934230 -768006310 -100783627 -673964747 -250584084 -121134897 -42103908 305686927 -762889302 -311021139 -142258458 95568175 488595613 176844608 -409888731 -225075233 224988361 -1067357127 -1252721436 -795812332 -225439512 204810628 387568050 202434710 -157345625 411366055 -221715343 638445349 -575672737 -313187491 37277440 -336000104 462997080 605242298 -178274300 38853754 74956427 49253937 789251570 6796657 -27311189 -175067495 -911277837 -385406959 38538967 -467438172 -311560288 -533520846 -1097981673 153382217 32303092 921059375 -439069049 -107362901 -646247565 200297200 526352254 -686348529 171275778 -286496865 -1731655850 975580625 781572039 931740028 424835361 -253604362 -232345456 -827025634 89822707 178828967 123180644 -182693190 174241817 325758627 315983522 1180952939 136371381 -476222519 933039463 -221789939 -11059295 915030305 -1221144866 -629578048 451427669 -1461654133 810747810 223682155 200526515 825071 -475656450 837734797 -282788620 -130799657 -570404641 798592767 -170204078 498457102 -729838827 450884783 45613281 -433726929 317278620 -169829763 -166518525 -47470847 -462800270 -277691179 -242810780 712543527 258262325 368090416 -272189511 -891574908 903787798 -152033727 41220930 345646995 -617570860 -34384412 -80947898 177406750 -211960011 501514938 -440534837 -967531602 331313341 -665119752 17238992 -773557338 300863769 -382976511
424759142 -196588545 -633387524 -314022705 -191364464 -973157036 107335146 -837996852 -536703014 -271755318 306629798 495061927 -756162769 -263221018 -289445334 -251685629 47076272 60106524 -401511599 -484228702 36167942 -184198424 -440772356 -270917064 -981777975 -381043193 1027906492 -625990457 -53724142 -572586174 -71475596 267820552 -129958928 -660127411 242313108 639190511 200911625 -537448808 -615292536 573882784 361337206 -255135360 -467070986 520119041 -267693011 168065599 -125073975 11110365 -168838478 1218506803 -1032200343 -794232903 -1359662712 -294785885 1048827435 -1288650390 -858488418 -311186209 454999787 -40937647 -200007691 411887508 -108058850 687033490 -310169231 282009240 -357685515 -732851063 533142353 -103388509 -436752603 339819198 -965706844 -532167823 385722122 -376514986 606482576 703649030 188167838 -494127966 -329549663 -65587242 40060458 -174223069 6890543 821711858 -567394214 383949020 284758812 -627336109 -169873684 282613044 125336738 -627954544 455090584 -296231171 356380164 -259290929 -290608050 -86433719 -326099899 -237567727 214330361 449235 -40352001 163047006 -215452783 159518821 -132680841 586842125 1044927185 176748316 320641569 118120088 97576501 -260059971 512944513 -587423923 144838272 -494570126 -707944663 867769291 149327118 -179904232 164380370 -160823257 423975733 72726523 765324168 -321833364 -534530070 342743150 459979380 544152974 -593532017 442351234 825355325 162853746 106006646 35483128 324354710 554583668 16773504 -181831000 341813809 190454482 -698217669 -475740487 -714549337 71517073 553103714 -169105756 263216110 -540802648 197763148 -167796784 1168401872 289621539 -355174216 -977596275 333091499 763419553 -162659393 -62690354 70344342 400391451 -285607387 248072324 -551827418 420204955 -324435048 148494591 239910767 60539620 1018667580 221202755 -529885949 -490333900 -440184078 -773088444 231843 193138438 75084360 -501191769 -221459504 -162872721 -155155585 924609635 -275146364 -284539207 -777221478 -365676075 -558914175 -209601923 130986869 -1870056646 157472532 250858916 -459120239 -244737231 -746946949 -258264252 -720433651 -186128415 -632254574 -108128112 -621799888 193135315 362582714 -242841110 605301667 632476687 -367467687 275305572 478102877 -378469582 -109558346 -518459296 -37781672 -1933842 -417701079 434075969 -545131266 -91060484 902257931 -322716159 685533022 358127885 501580335 345392469 457173571 -274802520 -297024999 795436594 370285480 -554830014 313490419 -106576913 -716090294 -952985956 402640631 -580516275 -247677994 -1017449599 534165143 -295358703 -506648716 -536175684 246464006 258596050 -633206757 -762865750 785454102 -157692757 135792082 799054174
-154235913 -1079871775 -368168540 -286672336 -722563949 -448238739 774937753 249453269 349484658 -23086303 498922706 -245751074 -42423985 67422724 97790634 -466265368 448681323 1068441150 -1020514019 -895916143 49727177 -557476520 -516704540 628360737 450572840 851325467 339926493 -21842498 -553180683 -355681401 10888011 397834315 -823079718 483334582 347471824 395913545 -831729332 -91487971 157185637 307777912 175379458 -457308143 104039629 -385216287 205917947 262350371 896075267 -495333111 -144334408 592980827 -10821095 363493912 -384232794 -76880971 214211154 543430323 79695647 556083288 -439635676 450794057 813914128 -276152279 -598257322 -106064963 312726768 232793820 -393409483 -29575173 98657886 -767205788 247040809 -460004471 178963537 572457965 -564415620 -111253044 459151440 842342008 -283680620 91735373 -433874697 800603062 -405315335 484964450 -326507102 128176920 -830594697 154321420 -537696160 991733454 -923299440 -450201853 -442133492 25526605 334559482 -96846675 257014719 449488111 -60224132 -200454126 -275381673 -105317622 -57429507 490795954 286819704 -830006535 -10101107 -485108169 57786594 74720532 535559419 476529280 -104321321 586743818 -28527783 -44090546 -241494248 175067658 19684072 761060801 226619335 736734162 513158366 -213242752 32993701 352594570 252460491 262067745 13325607 -1042626980 -157360282 515469491 62227618 8662819 645049182 -274637968 -748187648 -358921148 1242172498 -859469167 348960157 -1187119105 82258075 630871960 936712363 333510224 -705494391 122092252 -302499935 779067929 633963931 -1044752805 -479500323 -484200364 766888429 37032946 561368406 13945903 132125565 -639112633 112744402 472761795 1083829985 -642064493 436898255 -498357667 -1153973218 1070393061 -393158458 709193920 1139098945 -563316615 102063030 223406894 -550753156 -114545690 674205921 -247802193 -899422804 722831841 -598326298 -108662490 -156421837 -407051571 -352972811 924526533 -768088084 -594304461 -1153096605 528395495 -666485450 -615820896 146616474 665945133 357724831 -186186142 -567761809 305771779 320815384 492604250 418940210 -311398849 389060916 -1160984670 -414827970 1503207990 834279276 753036877 94853293 -725789905 -1072007701 257346286 -201676395 180451164 -100556012 -1253525271 144689707 -605401481 -294897670 1007180463 -135980189 1056030904 736287539 210852690 759597098 34466650 25519528 470031145 612620558 -185797739 900029761 -310303707 943757504 638372586 -580546951 -823798120 -516824895 589289756 -940233806 1035778566 -446495142 -87819849 584726332 611654133 -69770272 662306724 939479107 -543971843 -598639141 -1273071263 916456487 -268157003 -307249122 -787039907 -96750593 -1149130794
286247713 -211619838 -718964500 70013446 646678433 132895842 -26766357 -806053167 1191532125 -187311881 -89894183 -611469320 -388036526 359213 567417721 11946791 136653042 689518774 -588138356 330160527 -908112715 399402046 -400094167 315193363 -927773675 343080254 995852372 -1076332879 310309649 1014575432 125044528 515682631 -81821159 194159126 147117650 221944451 -517639733 -58318049 648595683 892585644 101606043 -321823438 -458747782 -93858168 72274065 280172219 96933984 -124866733 -57477645 -205003097 -553264193 910043825 360104747 464237104 -305662608 -356559473 -322143615 613924355 -529339129 -483884861 655095576 601723562 -806572484 381688858 311825721 -203676765 68388367 299977535 -333809547 -146954706 -158728524 -1118123555 -781509726 178461819 -338432418 -320561337 -1471456398 -807089420 1055420903 -300948439 -606307038 -73103118 1147034694 -494778945 -62199527 282666157 1520808677 -193882409 1105226979 870820529 -693289326 160109248 -941180331 211893956 365881045 92955256 -350457769 -528945981 337647077 67281102 751339585 117981250 -778868136 -508296245 112769761 653008636 370908973 -218961380 -302315307 559948982 -50766331 -417934402 -1048601944 -924377015 -1241234610 -487040639 -119692550 870257891 785039164 -131638925 368221339 -610992783 -689749152 164104914 165162727 -283123651 34664431 1516385719 -144870622 -508354867 -560780621 -24780474 -168990495 17441557 498818788 -568003591 462660972 -203412412 909280909 310299724 249220446 -749560872 -658126330 97367617 -447284867 -13040583 285001447 -300711171 946625508 -88943440 -280000603 1024488189 776272479 164558136 -486121623 -131481034 490682117 169916080 -315426207 867141058 546313992 712987680 99771856 -674756755 -74641858 22754293 1074854916 1199695229 -231990019 -223686698 1227099943 873285796 -132097231 -96616570 -963985284 290488930 143161489 454244044 -622466410 -958064933 622805406 -658406520 -603475940 91454741 25355319 129661717 283461990 -421301083 85335677 -1065831 403149036 416070603 -1222317374 1018882242 208576594 -54574752 313245276 520934432 -467928415 -277711566 165372343 119227362 -9124225 -473637269 544638999 -541023814 443594382 -765804154 1417968142 -627880463 181014686 -659052493 180961518 458168400 466972951 851543724 476179192 -860159365 727314090 214610502 -205002522 1096385651 218378743 1302224306 -315804010 -17115937 149868244 28952789 482280765 -109931992 189511255 117322641 556556562 804101467 237403847 -671687549 -816355576 895516236 695628432 81358401 117564424 -99637854 -1581349504 -102734199 355729528 -431768857 247982488 667832072 -142528908 267838021 -264774526 -524963707 375769321 274465426 -711212994 649068127
-210126912 -838243498 3245310 -129523639 1233029232 -228249626 356778878 -21241771 -300928607 -493549683 -190520512 -198691373 625708268 526326865 633203676 338297067 -260182739 111658538 -24790373 -972872806 187158559 -892151910 -985837895 943960098 247124255 645258511 -148322166 -146915358 332917529 495824346 77177048 9284864 -512724050 -440380979 359127880 -539620371 -411862012 -862424075 305082786 -118934708 -692815627 -287414183 -183157565 -683908043 398410771 889784052 880174055 275875706 -1001269869 419569789 1357421860 97520654 399336303 430840047 1719542558 -436017970 -608682177 217630593 746376968 -47259241 -76047783 -57772783 -133746570 650158146 25874924 -1448909990 -1501060570 244418851 47280680 84269889 35046798 -389154416 534799427 361798715 -217247767 52517330 25500760 -573731095 -686955523 -456677696 -264439064 -246541050 -337497163 193669120 349028270 436322428 -442939553 -106379634 840814402 296184366 -497246353 625274982 -79018654 494763602 -347265457 -802006231 655450025 -211585340 -163947532 1198408599 1303042415 -493622201 5219781 -164677325 289607880 209415532 -171543040 -806098965 212914745 1635088317 888331916 -316559174 -754082987 815203221 -750090740 -461020974 940713068 515299980 -432947425 134412146 777346278 130151741 956338207 539514320 18812183 -548468658 92424777 482987338 335370895 -70323898 -819014517 448947784 -95128978 -687009289 -484186363 1420971921 175625468 1016961898 -390582249 258269696 364482233 -246126551 353729713 903524192 -25918284 -233736417 -569807530 -173110290 -263064165 135555239 397513386 249263531 224545439 -292061826 586235820 -281974448 -691445945 -869814198 -66687893 -840733867 790541432 -123615239 -423868023 379027757 145311332 274494106 -12006760 598827414 270434988 -844570631 245812165 -694490718 186333180 -189613578 -133864817 -706983081 -1601221391 -72132353 116737665 506259521 454315326 -618491108 -349054151 40865395 858064233 -185858479 245700001 719484564 -153239445 -54353656 -378800694 640243548 213824893 594443289 469561929 -644613991 688421386 -606768804 513685165 -759249462 330999905 73658496 477249860 338170923 -194603616 -22154193 -852159127 -181084299 -466999871 -545938599 43524951 -474773390 292403816 -1070864587 543791820 498615474 559969325 101738169 595085347 -14335694 43791436 -146915998 46987561 236907798 160671587 627399135 763210345 289192878 -154513390 779854676 754385278 244648745 13216302 -287143649 415442869 -786731693 -488678882 622059744 180941008 -290931788 -86644304 -142280191 -329777787 495330117 208276045 104096258 380016143 -350898913 638468801 38756753 -69000666 252068897 -429768732 -231170433 -1233634014 -102031738
-568218903 -554539940 -1050434128 878088656 -479535389 286447423 1501393067 -98774667 -968635171 452461457 32640669 1243136462 240604319 110491691 149295815 -155886704 -395288637 466305872 -385621081 -6741004 -800741252 102595161 -120771180 820578374 -3321864 690475497 55026657 -152439618 -164507484 -405974615 -79109399 299476934 -456532973 -825353633 150211718 239643850 552123241 21960751 -986771035 34904504 -383120348 -1035731610 -240143898 365329726 -222148995 325613202 32522927 408558378 173487978 91429347 74089526 -288054768 251289375 222907502 711395988 -635631357 -401086465 174204516 -389492135 454242423 580824125 89315180 165842229 -1159876850 -135499973 574251501 -501733765 -353054149 765753238 333162329 -771545593 445469313 -394656755 695938756 -83680413 458183028 -440237095 -24971741 -453197182 -233731912 148944452 -78450530 -159224149 -191753371 -25682139 655856426 -1067660869 656907140 -517777938 -621238331 -208439897 48880973 -338306927 409697932 53402006 -363933390 336581689 -293825713 -544331058 -717615539 -769743967 269568932 340398207 -751231969 -439128146 -453549610 936050472 448477655 1163018057 362224251 933927584 -694532630 -6781911 207062622 -1281404463 -262332005 -611544497 -358315285 -135329852 -152410838 298139773 150597443 615501464 374735813 -229715875 25622711 5403461 84876134 -58807988 94787430 -188935053 596866814 147655853 870156027 -609722171 -536091215 -160708015 -1005803565 -387967656 -19957498 401394555 -698938769 459778666 -1068432952 173463685 -331894775 -624360658 75875372 -621913271 443984210 -283654285 482698132 -437252338 -166123292 704452817 134369465 -133864380 37990422 375677032 -543428461 255247568 789429254 439656307 -881586345 -140931980 -93220202 2570738 454793782 -532782307 374256838 95524741 120777606 -78642732 41748674 -542562156 122208153 -245982389 -23318523 84037831 -868101899 -613702337 -701176557 106817710 -260131042 746104990 -757414839 -479661229 -515062563 484827629 -376308792 709126622 -63302302 415154560 96474264 485239433 395054746 -285559962 -674745608 -1082743165 -35589269 -230205320 109674525 18231021 37354095 -142048943 268182058 84726137 3390538 306583650 -887711879 -331157056 419742495 336313429 552979457 439393906 131895239 359412109 -89747388 13825874 -178482665 253523166 -511123096 -563456512 -321838152 15441454 -613619735 33409353 -96905511 -155361595 686897905 -327111747 -906267801 -406466549 448903440 -1111426593 432678595 -184435966 66699950 -1535435332 -232382280 -421674737 80151531 -373652249 -462960483 386083761 50963813 613747152 -87760372 -10892280 -954877490 193428300 -135300628 1017539232 851519174 -295300613 -224838062
759137036 67019404 -777165451 577319166 -234234472 517819308 295707224 898587606 178250811 684883763 -912674160 449546044 -531476660 -44208037 284421879 614315948 222700713 -355686087 466093932 -481480122 18405118 379197098 21942176 -139049024 -38465657 374688834 -58913511 456435458 79131127 -497276642 -712454239 705243180 314064015 -662086224 430193058 -872155414 304586656 -230689908 771777375 -349789325 -923753814 -57135665 1064189032 620560978 -53700995 -214108603 -485764614 124369468 468241812 77507285 -153505837 536333997 -305339340 -273530249 428067062 -1109608161 -809321132 9811109 -77032579 362046419 73300351 65681724 -243701811 756148220 -386360671 -182360821 -46480939 -347525344 676674737 -211188043 -435757292 -115201857 -232506280 249394693 691307809 515730137 -1220313832 686276182 361190215 -1220414960 62192580 -289004679 1263894007 -857448697 50423282 1165184829 -153154943 721746026 -594055573 -66061812 -1118581719 869154322 -512846780 560404882 69969146 95088091 190353434 -435242769 110720990 -593926161 -163161151 -551305936 -312149418 -666283460 -59886418 -509639777 673487586 -983310680 280391632 288550938 508253903 7224782 -915342988 353883919 103291055 226888876 220931684 -842900117 -168094262 -857756331 -682141016 -106097449 -677408382 641837017 156502749 -436596735 1069998712 -525308351 317000548 -16652750 -890869446 692683367 333462295 529839757 76927311 -220584940 1111770369 108209375 -488166556 255472266 1241540985 88410707 -169475910 518723930 -259497451 -465196524 617655946 247380091 -373097241 -59009280 713474395 716841223 314587063 688663926 395813703 -12417502 368097203 -147915991 183332819 158118367 -56679208 82093720 -873949363 -468615859 780516910 457187879 -859653451 284741098 535312624 -689563464 1810020609 123464440 390277768 -737881955 78535359 419372739 -1057072525 943405935 826850631 218843142 393507891 145278036 11257470 667463830 -331844744 -366268657 71541433 -264709908 278965080 585801822 283168299 -1012477665 -97200220 -45768249 -3501247 -172612875 276304687 335992727 -126335778 724047077 -172729460 212938439 909158185 -483734606 92359109 -645687980 -1198535440 -410771974 80184082 -360358763 443733517 -209200309 848565559 -39364229 -580602965 -158412765 -343925129 681460649 -309158770 -831592461 395249123 423545288 582427142 -610328904 -109524198 580024515 511814537 -306880674 -193261428 364897929 458028768 38985737 -189646182 492631494 575458054 452100220 -412180078 -113383081 134514076 -528301342 -10533292 -779613052 282422906 -497375030 241926392 42434644 -479371024 737881396 -677045677 -1406497820 -896436429 165586784 -90168531 -335759266 -377147952 469184714
-692672219 325787117 -116810776 -484823523 16480447 -729618062 -456206501 476364642 -409142313 661395879 107460470 21167532 76446082 -1118196037 38607888 -218164249 730781620 -1287839657 246169036 116849885 186226781 -383826862 -274841975 -80056644 231085642 543944578 -18434597 630902209 197181926 -551616259 372615879 95971826 174102676 -214766667 -246521560 -812922721 550640948 -582530050 443394784 -1097622346 499199396 364090914 -386721663 127056166 231968668 -126378265 53438695 -698162181 -1090915961 178349995 -209703277 362266457 -931615652 -217690349 287918672 -36461365 -218085594 343949987 -329846690 -24579136 -157516354 56987413 243582660 1033769975 -402869264 179162208 -120586386 -76036362 343396205 262741556 197486683 262604931 -141704291 -381645899 207365582 -329501625 138002231 -43936086 198993850 -832045674 -345242023 -4913185 -64276782 190527246 -920281482 -412086973 -486274615 -110574452 27491585 -594221847 191554779 -1230123319 -450500504 -113007042 -82874728 152364478 559380391 -35438344 876604288 -370862548 106230903 214068471 697765262 681043040 58323296 753530177 561743071 -699539218 45601434 55300149 -497215004 -314699296 1175570374 108211573 636961040 490662781 501462710 -1141880075 -15385899 -157486721 -646959929 97075047 -136229843 -1097629055 275971807 318449212 276239480 -451953648 636477027 445441807 346263859 292316787 1209092261 214052650 306937742 564217163 -92561737 839351060 -565052418 101828809 68078254 85979230 -1242182929 -156414374 233205097 252075599 250326169 368715469 -483719801 69602359 -555316843 -1089942903 289935915 -546585919 -79697943 458575704 -314532447 727266131 -584571503 647784615 308308962 -739088757 -407896380 197767805 -406605751 -531644193 41928570 -901295245 -173036604 -28128815 167557087 -579447674 89036046 -577642090 641302434 96623354 103521365 370716636 29209619 157712421 -420028039 1129401829 -21903976 67507971 -292805538 225638854 -94337141 -82656331 1083144114 -49376248 -1598198292 -547545989 750886 458747776 -1141589986 -305915499 -235335376 88822422 909340019 398164433 519244789 -618691370 568699080 -380780538 -394476848 127510951 -168192777 -99649469 -308071365 -263442658 -922880978 289766747 212429932 -38325971 -1059659988 -386191316 157355180 454022387 -1483871899 -396457756 -13123191 346924140 1228057664 563435580 802748325 -722414361 352725975 -170897985 177176646 -9546269 35255527 -507289191 296959708 273140977 -155781991 -72984734 -362685974 -103087741 515216665 -1080710646 -165199123 -572084163 709726975 -240252109 262250127 -296761435 -267885785 542226212 839529398 243637144 112781131 521778913 -664325480 440038406 -8368093 330851548
165301654 -572851121 74607341 -749502033 -532290548 472002849 833491608 -725306639 328836923 -750519665 -670388048 -60798851 -1197325604 -177270309 595256617 373340270 -461514313 867681485 -311862549 -495873787 -653323559 -277959747 354357159 271683604 -495654614 431402859 15673214 -216316201 932974076 239260023 351349924 -197599744 43475115 -377640865 352307790 1039524692 -476444336 460694027 -487830886 -566689631 107394767 225525473 157704925 653113951 1202836517 -193536640 30472600 786676021 -470899104 -390654032 -354856086 -121846300 -211532039 379043934 114908258 572566747 -661778781 162713405 -32714109 -389394542 721674197 -181692524 895926713 -346681157 -238160350 -303446980 67548380 568058556 -467360028 726297805 -898595334 424915402 -378145464 155990262 -457032807 -865534330 876031766 -168582604 -30261388 1358605641 698541814 257063633 -1272666962 615339266 86767115 -51888657 55023288 13172501 -134264545 -504001924 -360635626 602764061 -519705251 -518320395 172392025 -62940 659629569 523104833 606126781 -74130317 -738456116 -281317954 -1007920810 459228760 -538534266 -323710990 566874889 260152232 851519932 589853105 -72130075 -1033205246 -380512862 277035536 120389164 674802428 749245046 106048777 409620749 258210470 72811597 344684839 218656198 402388638 195100757 821976660 354185538 1113305001 883302090 459217240 -55631180 1367630383 -432590493 -468261940 113222788 372978115 429690894 471276858 37457929 226994724 54844803 -1215569491 -417463221 277708533 -54123515 114775811 -376308465 405322401 -496612129 1290008836 -258152654 613983222 99309298 103848974 95198751 1337171453 228346653 -459721311 -434263350 -404605092 -201133257 428938342 -94815266 1644316673 556415158 -176389753 576401715 458333214 208578745 -689649393 23468500 -142265424 165055488 542066410 23175901 325477128 54076013 -281059423 1173484469 -1290013566 264683763 -207804332 -179639968 396739752 116908573 -13714930 -167791432 46928373 873330936 590461222 -7301248 214921362 80096408 517227728 605315051 271533131 6542646 -1224276302 284499973 577526311 1052354014 -1216045865 2012802196 423968391 220869231 -589985995 480804700 -806247510 -855673114 587225697 -40332070 -539293527 -269095999 616489315 -150572990 469161807 70273931 -340662867 298281109 151061527 -214068143 -554402986 109121764 317727339 248506915 -252759750 1225287055 848920887 -153350323 168564981 -516715365 851831000 -262353348 485174203 -1711931686 116521810 -732938478 -736753639 1085253875 572520018 -274867204 426087214 -23727276 492549182 -20886099 566150495 -20403913 -64233811 263793689 -857120175 408805060 -80313431 435883767 -430823658 -169720786 -408624603
198917093 -720483141 -95163670 -644855661 195101100 106325923 -952877705 -766712995 -583915994 -963635110 -496802570 512670339 475096613 89212482 314758644 -129494757 -10191330 -749009087 88180878 57304225 -286139747 -818850542 611030043 213275300 -390212280 337796405 856416677 505510022 -62938454 -178153548 -181514145 -154477051 -559401270 117966399 -195760081 264023085 370989010 71741624 179993682 781661092 711823723 -587570599 334576978 -680618835 -290759526 -803228955 -398040616 -365988119 -390986142 -789543742 -396001128 363555811 725141926 990909274 417705853 -123120339 166235012 -313570671 79985802 -112305668 -562072880 -253996747 -874514516 401967054 -160111014 -185116725 -106534121 -300112645 -412258398 261428055 -1120127716 -735601915 -153523104 -238483161 -599913962 -957993555 -453318749 850776864 -395350089 -355427999 225373548 856008600 238956116 455063950 30471450 -343006590 -437704249 1373189584 118861042 -100250100 46005467 -515446892 525285596 435111481 -722314404 819602088 -457167301 847815739 -638346142 -259064745 524220992 -342941954 -117122733 573102914 -213148861 62391096 2369463 -57980590 1227992506 684009039 900243182 -204157417 839321678 -495218242 427669702 -409916208 -508372916 276114762 488613120 -263922127 395849351 389944263 324893006 -284748406 -543846969 344775370 -197684018 217482511 50903305 153075198 -161413069 117766339 -713032708 -193630581 -438235426 -357589230 -281600205 -1247485437 441103757 670856032 -319154684 163289421 -142850599 -971225506 -342183911 -276480079 -391830373 -331529348 -92831812 -825652403 712088493 88230925 184382931 449817540 711969411 -1116606597 23319667 822622266 -1173004788 -146513826 443012502 210991245 -274075388 -3980638 -527692718 -509249722 223723076 -325037619 -427927570 711702854 177784366 395774012 887260082 -423931943 -44204271 -189360887 74023610 564556812 325464568 90669394 404962980 -232198496 -126435970 297521568 162768218 741878920 511698608 -279656772 539292995 604816856 589516927 383202331 -340159182 -141685620 -419151932 192212515 -303762656 536269860 -228519587 -342773383 -597170253 500437161 -94488398 959467637 410294619 496018410 -156257275 118365515 423512366 44906248 1175258151 -70607645 -801388958 605266430 9838514 -403057203 453954228 -724967233 308026617 12413006 65399878 -228515174 -804009684 73944886 -106651374 -530372576 -480456008 542832532 -595986781 -296501950 669713228 -673191667 -876564406 -132020827 -8772760 -360096985 -96528516 1106759143 -1078383625 88916461 -30408871 -5068299 -721687062 -17899755 -62204305 800333054 731371254 104442655 814665597 185831235 266682276 276923828 359022314 -965403225 73184218 -1552954552
284820324 135298139 721201475 -165796159 939749424 -134579947 -567963954 310200334 223921450 -84979036 -529455581 195488916 -219228375 -392523116 -277248756 -218599993 -27554805 -618635532 -413322422 -48468622 111175938 841003607 708541842 -71317475 56697984 440392856 51984863 -362638757 -288406536 575303751 -689781580 316625665 -1493783375 353973326 -327086133 -400721575 -374215179 -208064542 -353597034 797773177 102464491 -148309043 187717290 -952617778 -2070706 -134188864 -748138783 -1211705204 -31453283 471596072 -925114982 -398327821 595871147 -333215214 -502259953 -446472964 249916163 -740393148 -73826008 247614378 942282968 -269882430 -146862236 455478363 500718393 -343426274 -367919912 174761484 -351085135 461634666 19002379 -581313028 -124632385 -538780778 -309992799 -901717381 -762594021 498641931 276716714 -156696048 303570906 -91927427 769581185 -833110037 238615890 1134955475 576653539 -793049982 91465786 -1230524067 -154779866 -102812352 575759164 287950684 -126361737 -588916714 212367342 -535948559 -86565655 303742426 590172690 579588318 508787817 119195727 470180147 -479824630 -612349606 -192603469 342475019 -183705103 -254548431 129589083 501866732 304580903 180473860 859898255 14474621 250074615 -132403974 504027735 -42593920 -307191422 -541239843 16443216 1117070377 180247904 249436128 -537348309 646313540 812489677 7876739 -480966278 -11390205 1282006950 -133161509 -219169794 829189176 -130463105 503556637 -455103407 -331900711 -279054832 546328071 -1051948995 -176084284 -198350643 -502860243 -935209995 -120408701 191788724 237724026 161509965 318151983 1046534165 -709125665 -909170417 -17047547 325276305 -998756466 362551992 -552463743 991280669 -166321702 -501732051 315935367 -428766401 259939923 204883581 68743592 -789802006 743051275 321531404 976824767 -230899953 -300553414 -362130059 407429310 602659485 -418486035 173009011 -257780210 -125508915 906605526 -645573181 -169523941 198866065 -345729181 -321750689 411948395 -92621282 77967644 -94930684 438077579 -116822398 104713999 -813513772 -333085257 -46247100 -617964252 -66852405 337907724 34126928 -559104884 -418208262 -381764615 -629224497 625542442 273021964 -35495838 -192327776 677496377 -408965572 -194000542 -44580915 -653276131 -901757109 233400279 -640551392 -447766372 -622050303 -255933034 -235638307 7198307 -34126707 -949187129 754019329 -471446989 461734999 -332517653 -257854753 209548887 -806022479 -348345707 -270284983 77305524 -884029340 614356395 896873548 675571393 -319911061 603201644 -890810519 166346038 -778335695 461055267 -245051078 433262663 -92847682 -275303768 -196015380 -1089458460 -259177814 -633181491 64808667 235921526 -112666276
666899937 710158535 19685944 938574939 588301249 816319980 80652795 -110301308 233917986 -255855928 161483879 849660832 -760818750 -338275609 12139889 427241470 374388669 1460968173 -328078782 780187445 146246963 528654715 -96988084 -684573759 -577198137 277287225 -446692427 -377635119 -120823393 775081412 497538489 -284626799 -220447235 238131708 -57301538 -875272181 340718918 666091234 930450463 -265910014 16653924 660019797 346858042 88554 333000119 -145438643 -609822387 -915709909 898620630 -487169417 -193166636 197772679 -58243602 207708608 -557513972 -187031338 414475715 90439505 -205939978 375933841 -236401726 617166955 376596423 -348051397 993193246 -938564724 843286167 -849600520 150800096 -248081185 178933769 -61913473 570234303 -453809061 240075252 -307225857 424923292 -696308293 147486057 -1320281837 -91264947 -505084756 493763435 -57841146 283187686 131159902 -895324381 -303001469 613080329 17579197 911750786 -475264455 376529185 -706707305 -634234758 -117154582 790514285 594171191 -678121796 658461362 -74085762 455561362 -578754661 78077428 747739605 -130681392 -280821038 532138090 239550417 -451218816 -352101705 -113032069 -99996944 -285947368 296841930 497118800 327095571 -252905883 -854654499 240266322 -67333987 444968405 463051295 2296512 44927620 257741183 -616008510 -306407283 89836832 -203406359 -23773851 -526931469 -412123438 -638686654 1441042349 -238464991 200147047 -1127605565 -403361294 254578159 -322303349 460200235 426861048 309474524 -1160163280 -235025453 -756031990 -851537845 -1514316 82104947 176497848 268488337 -342237585 -119583581 -275048051 87021916 495536367 -73438715 -204843786 -370514427 -192360919 444637985 185999961 -366937750 493026699 -476475257 -542674374 -160716858 667883141 -568749981 29194164 689777946 -640858950 -234884830 -417997303 37492995 206168847 710998461 -134922343 131567739 520065139 57023530 60809175 -76497578 672410791 -375878792 -325740006 -294369844 -28719758 55983043 -532065832 139882587 185196155 96037165 97980152 -319829800 -345696162 50373445 -548664004 -11433499 154268338 171021057 -349329681 -109989254 201798349 25859275 496256611 -406918050 -621738962 146658612 -324295175 -283240558 213024406 249362119 554807803 289208898 26432252 -497155725 133078480 156156613 76978168 -635795690 -746749335 445345350 760563771 11753913 482826372 344979119 -402777099 -479099795 -773338717 -519037371 -84897232 -160850837 484746857 -259221669 225067417 -1105371756 -181892878 -516951350 -20307386 -445728871 -167662298 -9195650 -157066265 370692506 149138043 -690078850 -732397893 82727997 369524871 218364785 -317473703 249697228 595804805 -1341771852
-89991587 607185540 47833712 249867469 -930711230 -633022864 -191421286 181173013 235240587 -325755301 1154892166 -65440946 209185921 -174479071 -48852398 -930317638 419741127 -826245551 -330236377 327989551 -322847965 -378181156 -389164097 181311197 -1067436173 113369057 -229277131 -457387614 622104757 422649490 -257206617 -408766169 -310848056 585874226 1374332687 -99067956 -1128091828 -81656188 -846438309 -151457410 932460839 -204287029 -1258267963 248158094 478440070 -317541010 -53770707 221693190 -590177232 366681212 -461737389 -158905066 243319534 -683677675 -379182242 -82756828 200562888 -168496576 -1208139878 425598426 36841181 -356859120 -67739292 263112326 565864914 1539433220 309744396 123394491 -483187832 421385634 -12494131 197959100 -586472864 904547624 829023192 -395714216 -781493087 218161107 786022113 320294252 -694470125 40729270 -931869052 227495613 -520362489 621150739 -854037293 167886998 587324873 -75334980 -578965834 -266278169 400515286 366683789 474756596 -171751159 -15019751 -792864012 -350628585 -461205106 -109829122 34623308 894262999 122679620 -25997592 413410799 -477143592 -68181934 158490844 356837676 838943637 103930209 -305825974 338784942 -300957174 126139561 87111236 -363324480 -586559316 -592738152 -864417235 1049795164 -704437404 -546081646 421702754 -458653577 -393641001 -647338324 -30509545 -392146948 -1292143134 194129709 -28945723 436509841 -583467726 309657170 436878919 -442819860 410791460 -794435543 252031022 414546304 -647974057 134091336 465304374 406779727 -315009295 651974114 -173253956 1059182078 -26865765 294874318 -380607006 592757215 529743708 945774794 -308388605 -428185981 29460834 -230660464 -833737121 411188735 -574988688 532275485 206387525 -360815838 -711668530 -339571829 257843075 1005430744 386425055 7471049 124986676 901543737 66551031 754189737 716899532 -145771942 688752000 -527609721 335742833 -106241286 -426596051 -1075945951 532574567 754077933 101757445 -75331047 426565753 55297710 -216582858 -438034072 -913187193 -222130913 -589586477 165699691 -103128361 886400171 141996803 412498630 380967297 75496970 864495981 145186073 -676242580 -591497518 -92678365 -151123616 -405797606 150149606 615714861 -407360994 -111652792 281077296 -213698776 -989759129 -138046832 446835234 -864344625 -384408835 -439683422 79247011 -845884163 894959254 286954349 56682781 717894832 -279708987 -489422162 113955011 315642225 -722957238 446587450 188222399 -511460194 -1309951765 337536082 904397408 -504058077 -102746747 918183427 1041564693 -573919343 1178032438 -28766042 -593671813 473175274 553893711 661653550 255954985 372566158 -657369778 23393387 -110591912 1683821527 549756861
-1151524722 -602142494 -201539182 -1543096092 452824537 -22364843 479226548 -913666240 501676981 494348579 349791912 -642126244 -990105461 136302830 242116051 22132222 -347169198 -485034613 -443751327 -453582142 -226363774 -96756318 675008453 496583285 -792669253 -174189040 975048183 -214186572 641186226 -65869565 -449399465 -365907888 -129480468 575365752 -209465743 -158427261 -1089182448 -399193392 960102668 -921774410 1350816976 147144823 -41073300 152661996 547035258 501062547 -926939120 -197747939 -113129293 127181573 81022256 -836132925 -757736269 -174667961 -162234428 -866637199 -608060535 714662633 -1077236984 -480146554 72780916 -1236018853 -949650461 -522553385 -33527702 216134629 633407689 -634460956 260379942 381177094 677294888 479739409 614249760 -334884613 37115102 1215319257 -735716304 660423586 -765843549 77201332 -1576509646 -468448929 -127863654 475355533 1158646226 34094187 -137590742 175179181 -136464064 -744845051 10650281 768233161 -1038229889 -343885226 -115934035 141417517 18249745 -22191819 -67309020 -130389860 144581538 59746391 92551893 -164218076 -442230195 394244796 -671226944 -422655871 1619659638 -271577682 531355217 8231399 -449202560 107893826 -282653354 -151864297 609036765 -478040609 -375642774 -618967847 -643532816 103511365 -27249169 -484383740 -161844117 75329191 -565989840 5444313 672497261 -495767468 -452535699 -198930480 109206071 674478945 168744567 -428812298 1002177652 -609501650 85755825 -530779303 -401420154 -749999778 -254017778 -371903339 1079489000 472768278 -464604022 -187571381 -476436087 442595898 21025866 44188515 286656654 -161985205 497212030 -227093352 259147944 20703351 -282523380 1149393336 726629652 502453441 -472594410 31951482 -301784763 -592116593 -118933650 325506250 -450833710 -18375239 -48923800 81808115 1189045536 -28019104 -102914181 267041343 455587720 -564722544 -182025881 -952360608 -679855979 -332649136 515449343 192637355 1512392916 -40839830 565763137 -18980269 -272124778 497657100 430805089 201302388 -463025775 571260147 -58526025 -597608497 -547111566 1325842647 420015286 61603463 -501198049 -614369631 24405168 -1200812482 -624675191 -624722300 311031453 450435606 -122620674 -634520268 276062302 265179060 -509706545 742657438 481520686 -346863769 1004024414 828985396 667929960 181338151 -1260851309 -274665262 -599284063 49494238 549824920 27578167 -364574890 357167739 336844313 -574877880 -627977603 -464966542 -671886445 455971807 -1180160280 256398792 -975847762 512863366 450999217 -47751004 -231352112 -317269785 -737752746 404060285 844644061 399387431 261253575 458426138 -398288105 -698264410 -502448533 39635426 1372380 687437563 126587607 434402787
-649557894 464754776 418993711 335552964 153867119 -394926319 370197401 511876893 627012796 292525403 453530183 192833130 -387705046 -806503622 425618116 -829685807 -386362162 -190825186 -227607050 101414374 -128499920 522150012 -1385041905 277957415 647648557 -792514431 173506000 334059817 -1021063547 58130739 702105044 -490466842 127593096 136509953 -525706619 -197101019 -213907504 -236825352 222109509 904085164 33645731 -446261013 61691320 -528651060 -687921880 -365098873 524734353 126448848 -119013564 1102429057 -170075956 -433487866 -54507390 -35937701 -376699758 -174993744 -273005512 -812698975 -334572072 -358888202 -434673257 72014919 -805527674 -87992592 23168286 -55667779 -310558146 -235311639 1049818389 12848881 -1450277194 124706075 -171493038 -428482704 -427643886 -168533204 -589458614 -63870948 -155758989 137092416 -158766993 25071683 190311607 368915396 1168872176 -429876635 -625441715 540236237 186348158 383221347 18713520 -26415918 -425459040 -90264718 -28722113 -529107762 -458148154 -584181726 555638087 124556824 41448551 1324383623 9315534 -200241920 -93856245 -59857201 -152381403 -1401796975 -511646181 102455484 633348848 823219010 693969870 -411067751 -29726652 -632531841 85503273 13340886 -379299634 916104809 -167111483 -48989406 -1006055429 13087569 -499376409 -703168746 360146375 -282683699 -667084423 -28424013 -508633785 252339955 370318378 391740400 492427858 318982675 15135023 -87632873 1095941129 532641221 -168826898 924855060 -499254561 335708028 178568756 -403738497 315839375 99464548 509394256 -936594805 -5899368 -464225655 126066266 37089916 -758050163 821328050 -342038686 192746661 -21801126 342576533 -50159928 -480773730 680405000 720814379 1011617667 430739014 344614772 -88421594 404925883 318996406 290270993 -56302995 1021478771 -458700112 838335648 254503929 -17570445 309897261 1143412670 5544921 -493348531 -236561607 149511394 -531404748 454354538 677149562 256682221 123185495 -435645596 1274467139 120661581 501026467 75686650 -790150304 311093748 107405684 743721096 -53587689 -4371736 212643509 -31909628 105539509 133375621 1064511885 391686386 -119945338 366338638 574025206 -171264710 -70384837 -464476763 555579061 350207947 -14127231 835841913 -256462035 -985685288 596107649 -608246705 443096104 362681322 316187135 -576801034 298960571 -326993382 -659881389 358924795 -137579685 212300427 -512637029 827746850 -298017361 783821973 -241545262 -298130177 129013734 -282295787 -14747239 -305214387 -381781924 432854619 1057323261 -382447251 797908253 -965689825 -437176584 -337502139 -174660044 -282478163 970353460 -210620598 209317092 -337999938 87493008 204111614 375600743
69740930 258799227 -584580539 -243525950 412981250 312384495 -597501286 -1502829296 119839884 65857062 -726498738 -206582794 405266042 382153984 -18672295 -133119176 -58181685 272799684 -31458563 139313262 792873415 -673095510 25647283 36832537 -284129293 615823728 729594138 53806005 7518980 -50234629 420782868 -59770612 214646846 -1007476363 340183742 839328667 -231944599 141457129 212362308 -308083035 -188663183 -146059413 333791882 -1008357131 239474107 -200131876 195009672 -943766730 -599283388 -799385301 404434778 1093137045 460712471 -107437525 -22477705 -334582041 -318796156 -126219991 -42647093 140884052 731246230 442233843 734090792 674079053 -514335830 44752715 -1061970856 978533608 -868957793 946732656 390761064 -427846944 -243625091 490849153 199667073 -12810396 -400732225 -192483354 -21108499 1094976928 -32968643 -235221071 -35268811 316229216 -316491270 -904053963 887601970 111844714 392928568 -104318338 -660268970 77570563 785656484 -532156461 1189935002 168508733 -46826746 348108093 -56242066 103751044 3337396 -572718851 -240687161 -865914861 -291956848 714263026 250677836 593849662 1079426180 -52406291 615933359 -779956484 -896476992 460274657 769935222 1122553269 470757751 -280333544 -676201548 364134066 130518759 -935562673 -52542958 -869368966 -473889119 891419485 -277539236 -503560275 -220319600 455855193 -41387492 -1122455499 -211156720 -201988328 190741523 -345251483 262065323 441788596 241097673 313298781 -739274494 330808265 -901098771 -232618153 -1037197144 140082919 -859205713 555604809 -1068767840 219333119 6361157 285464660 -421208191 -416518698 23396718 -599455279 -387429235 -149081506 -767951082 503562425 301459220 -712637198 -484056867 232512417 -332882382 116616622 474971975 -564644744 -58546277 -523678930 -178197071 298211174 437941923 1364251302 -470225152 -47528938 1131418705 -434299472 -502275991 12019413 569165037 -100608686 -1256836533 181489550 367521296 -535921505 -639134148 -442157932 95497249 -826688715 4841184 795001646 258376675 92501016 -324225819 32927591 251769573 460740560 -338724567 -53529123 845367814 22793647 216153705 204490735 724676424 -646969072 -1102130727 -737320932 214115997 295403074 628177273 411149105 -169545402 -515007946 73820424 653396801 912253161 -713370140 117672316 143530746 -144648185 -35408768 -432034535 -383619539 -256504870 339141619 87003817 368669329 516377210 -215581753 -737641384 89285355 -14059019 -678784113 -751773675 -171865855 -205056323 -186726143 64050637 -142642291 -769343134 129041053 -533736872 -8030724 442738798 -597571438 -170390072 294790515 12396979 744998431 556550193 591284914 694770614 -125864223 269360461 -552864857
-1204817199 -44849478 -577396929 86614126 -416990129 319278372 65082041 -231800851 353804363 836693250 -71983624 439907801 378577814 -198340715 -353162092 -150987722 -742602302 372631653 75296452 -456198739 -26842580 -75838433 -918795428 684219193 353408965 -695647333 -150881174 -928210217 127272332 817617292 -465340470 290893405 -189914350 -21401415 -28668353 277560502 -343556729 -730101641 -37538219 47724400 -929839842 -202654440 -822755557 -618714024 -493954557 275505705 1279081475 46297144 -7643545 422860337 -164325511 -467267767 58060507 124930421 -152599254 433020362 859194943 -655391934 83894293 -537602466 -36144146 971451691 268501143 111516492 512020782 190578200 -378626120 51056215 446802667 80244954 -743890355 307770889 210880632 324286866 -128402314 161766671 -236635339 -484009343 58697122 -170938582 492489624 -26739830 87630817 147158795 -330896648 140033104 612429839 64711983 83593880 741688903 -158441649 -117672906 441298739 -449173709 -688208193 23019578 702897591 646588518 -457748624 -551185925 604953852 -35196188 435107930 -408201750 1627484878 118552134 -631087308 29259890 20742135 269265659 387738659 123147028 -516776987 -121491711 -328291896 -733881107 -102093894 -130754255 -333239459 -1405731132 961339201 -23925730 -937946909 -201557757 -59191286 -231033937 699653874 646850769 236546287 -70303202 51137190 618212799 796096067 -869381614 -430640720 846134534 -234628915 702691922 475332608 645037373 690333960 743779851 -267073597 41737870 -147097019 399970687 444769690 228821671 545040759 805243405 671578323 157257562 298422877 -29586247 -593141122 348037966 407086777 -418683823 1021124594 766692305 232847979 -299558561 -113291928 607636737 171274472 335048928 -719727347 -235466175 -445888950 344733366 16320707 -303854234 -817967593 339615939 556420186 303653865 -216591581 -548549750 -225583395 335525934 -211967177 299856289 153607952 -1161806829 873023661 180169926 -602561427 -207972552 -263789071 251201174 -193872706 -227428700 -438865070 -156742285 251640135 -394956992 289859464 -68541717 -347420606 190153305 -377902391 1314941989 -261837488 -193631606 -353549814 1122290306 -631334890 862553266 282717246 -696971020 -183692972 -544022557 -845754238 -86949943 831826561 73406568 580329170 159292195 -1177948888 -483375321 873719400 526890201 -88047407 446129903 -438382809 155879956 177439982 -967737597 390716 263733195 1070102505 2285427 -101418153 -663544771 -25986778 -71242276 232218452 252263268 730900415 79572475 -161303594 -388222212 536056441 674779291 103570749 -687875520 372095462 716219407 473814289 -481094252 -428469171 -243755236 -932735216 -410344374 -385358854 -384128377
608401888 -351741304 99284551 -357102972 -175639225 -13867051 593490565 73878094 683392404 -780476233 919873031 254041200 -132670128 559141348 31173964 -636902161 88216723 394695402 -416110826 161297694 -170649217 322076865 955494293 -658753827 29172242 583505171 -191618432 499026942 -117652617 655938722 608147352 460965040 -797889751 196856132 -219765189 -834469563 -303407980 464100753 -824468454 -176383507 206966429 364074543 -303422846 -69982677 265635120 -739508893 -531215796 -320287826 -535817065 -550038822 -617688683 375008279 1143166004 441637361 -786234904 -776906716 399139629 -85496425 557019310 941236644 398232985 971464482 18609996 -344479794 769435963 1102092856 68095308 851397371 -293953017 -614046843 849693574 -364737445 -37973549 259257122 -753270822 -220585353 -111583422 66901058 159073953 -308393485 19588200 -91476021 -84453207 -340932120 -976637664 -121545845 -75054571 57053279 339319864 595229550 728513148 -446303924 483853224 170951306 404992256 823151368 691969857 -47107249 -1030040148 -42853448 -654386404 -907579046 -22134944 291474332 -111041093 434215318 315057223 149109673 895198219 99207155 91052060 -47247496 769669738 -281489401 -263816216 919647286 -457706237 812994154 161003324 1433742885 172579842 -71561759 524401843 -877772344 -217725043 890142164 -1120701827 364706508 860114552 804105816 429947495 714206976 75315258 -736187881 241562209 812302543 -395033714 -967912431 347006565 202716583 137128235 -835589573 -1025464294 -454372187 -91744875 443005366 -527707048 111925457 -18043455 1274959671 -17577637 271268190 -405933488 770317679 -74729409 -449601614 -364797034 -376624428 147410594 391109014 -201441242 870899139 494668842 363736716 525812906 143299826 -413578507 630508475 558508485 -73046713 155630958 332084835 -561723582 400237101 -21064942 449216548 -414074514 1020471552 -238304890 -26692622 345620109 65292364 -207439383 -506517772 372252836 69807558 -631858548 -875008064 124725410 301559951 115999522 -717334147 -284396419 876992867 408175079 409670270 -498086082 8151953 -503951395 61345908 67966589 484954960 -71606793 705753098 1126898147 156676056 536316488 -165081004 -611406640 -1164897322 -1068022553 -642314229 1209554841 215026853 674482214 -833562026 -444431654 -293519432 -502556653 -233460113 176692296 -671636527 -505940344 121729616 -599534076 416390991 -177720484 -252808424 -890806660 75574545 66359286 305264378 637703295 67338542 -137109646 255813963 -65911372 267645500 -215099176 116868988 -190021653 286128887 884912612 617824183 432007606 -799980823 1100901610 264208332 1163846786 -932200241 -117888657 405173370 846503176 -410199189 1194678862 -448345903
-569194231 148286969 751083593 284014879 491744936 -171044621 248831388 -51470194 -1782862918 443570266 337347641 -202871916 336111981 -570852900 -183502233 -114490390 241151669 -275747608 -233099029 -198128789 916881627 -488683952 -78335561 -489376723 -326777175 -101014622 -862443122 801767365 -397121784 -424212639 -114824368 -141437220 -306086251 -288694983 198458613 475756021 474765810 301619293 440374910 -143601156 365566969 -393522874 -144675334 -143885793 554173773 -83111559 20299897 -529534303 829694859 59981305 -471527171 351915335 95067466 -327045522 -1004851083 99066164 674928458 -9161160 -458843063 574905114 -459551022 395997529 831627269 -122493031 668243901 163991013 522894641 -282745830 -1008167127 962498360 -149184847 320579932 464777312 1019228578 -522986221 18809247 -676538515 179793919 377256328 -381907109 87404362 287924771 -5731403 -972724560 975660086 -505956253 -282291415 -1464568613 705705815 122044052 101582261 -222490288 298275581 -10433508 -470843161 673818786 -284730147 437541971 -546699498 116845582 656936906 283745501 657703682 40359217 732260380 310046809 -615299870 -346181378 -240021522 491139604 520414078 -284643600 -107921485 18923261 217575510 -176156445 20522263 -128753061 -343993401 468832216 -275299961 -1078096428 270816330 -244833274 -112128796 653526934 -256308886 389743724 -325814445 174532674 -574766553 -156059004 -359433354 -900013682 671072937 -278871217 -296769918 278334074 311166323 678324554 -5300306 -342610874 -156276537 607744070 99212682 -134706730 166833707 208493747 148156166 -223630480 -425290192 82444352 -606754943 324383661 -14448809 59639485 -862636995 -245839837 -430441080 180176398 316931639 -58079659 496226151 -328667047 -63147242 -15692971 966014772 -665411790 -454269733 70524585 649644605 676653686 -772277511 -737027968 -209156743 -136116753 275565570 -578738752 133526127 571457750 9470533 -71301678 449672760 -1796672 -336999538 -291287917 431449132 -451364955 -372889318 -524251248 -32803331 1034825372 -505795334 -112411578 -630353921 335365743 -211639172 -156526931 -770204618 -813515504 531954166 1812381094 -282972391 -381172630 -138815269 -196490230 625197518 236516674 673699247 -283389337 672598298 -866654822 190862809 201077085 -417236637 -118761256 -55642281 -510003985 -924971415 -413377914 -168303502 175099581 -925704745 -564206835 -823409123 470193684 -259420711 -510931348 259542255 1272212518 172595019 208237282 385535062 255635241 746701254 -699055692 -601993555 -722953376 702325883 175287593 -806272291 -1040737009 -910640491 -434062505 -563160863 613362215 -160389816 923592382 82440490 -88688126 83794636 253092691 -362271657 -451152251 89402545 -114797451
-1049996658 -51823908 578602831 658887700 -792215073 223761559 -53268059 -501590718 -967440789 332005789 -898892506 79191428 468494258 -920227719 -1033469338 -348023075 205832008 122765478 511989272 -714077805 49333162 -30350823 -380581596 21378810 611841074 189237727 103411216 -417104159 -1113676273 -85625024 39837948 390127583 -781264642 -1003555431 315790680 -37972370 -765652653 -749947941 -241277151 -130673926 -436715994 -143175708 -107615810 550009564 -695235405 1860012006 208046597 183531436 309740324 -492294586 -71454934 -79968198 667511191 2734962 -522387436 -885991360 99615721 213321330 -141664760 695612982 -408838175 -143487914 119077118 50899420 630817120 288286817 -161644965 -460596507 21810060 -923004303 -692359771 456730481 201743545 -669030067 -559231589 1018661798 -188387720 78837575 1088619535 275951019 -145341092 -335189006 1112086694 -377961175 -222360447 203073798 372372847 -220133967 -244819215 -202086674 -951068084 36345455 -526291772 7305255 286015187 -896149404 -364381919 -96446030 147799378 -735766578 360381449 -408710319 1122479419 322318501 1154729840 -281266630 -1118741359 -623301587 -555908171 189334429 649210637 -626723228 -518755106 -435715838 -335829982 750843927 859263523 17723124 -601155895 837421822 -112220324 -17485397 -357369279 1133565766 -675972200 313344144 374221487 35575390 -106015418 553132452 849198866 -82877256 7938229 -120689310 -1333425744 45688691 -550999390 588592925 -251268982 -164546584 964676977 981602584 -473980005 23897808 144714187 165954766 322978218 228755092 226554853 69991081 479763458 318013075 535708898 -177933168 711632520 -311833939 146008676 -55420416 125013474 -51638545 -534005318 225975952 1052914532 45917816 432918192 298548837 -590030912 -615564977 1111211881 -40456169 147882715 184485240 -77384467 508792140 339446068 719786062 -884454288 1137813802 165757489 -213820301 -764597309 -150503995 169195939 680100024 516822526 -521052412 -968184072 -694800960 -20160033 -114019292 -1256142576 35565177 90240426 -405557365 -1186983089 -910235027 -382994691 -378714314 -152784867 406387831 313099489 -90799685 851253282 692517381 -805044743 94119831 -225860741 -143071637 -272005140 313239946 66281520 -283899087 215254727 -107313026 -413141200 -525301296 101972470 507046144 405385210 -157862651 435910215 32483788 276214702 336923172 -376190908 591801455 911689920 -382090400 356533789 202152671 331993842 610234705 214392334 -524664115 581628034 300974290 1454374923 549473422 264842468 649894515 -239851859 121662550 -282202142 195555375 645574784 -709590395 497521389 -310074614 -1038838502 231460326 -495993031 42229116 -307396981 535209746 432751821 561741262
-1081749299 738633651 -282321136 364145156 298629767 277981316 -479899167 485899895 -194065273 88654330 -46846315 401707038 172589944 187687426 221370928 -476437647 80383703 87354152 -320182849 -307764028 -460046539 -397883353 334515908 -736772714 -403155380 -298143125 12258105 -469222451 -769613056 11876672 324035129 -895970716 217596491 -86698134 270699027 609835680 -517049494 -666615447 -113718437 356786757 284284556 -601063054 730812701 1189068396 359280313 10969595 434246415 -526822053 481653998 -86655391 686728421 -801598188 -619976175 -399390328 1131472434 -49521539 -388387781 513146510 589941060 117257750 -126934916 1007782842 -360171095 -350048515 -141090099 571772862 757835983 -169189771 995500523 -211790819 411090331 702816067 1104337029 754734790 -15929909 615870323 12158140 -96630599 262412831 278586993 -3406724 -302572823 59992277 -544260661 -189697503 -63136694 587845792 -109702499 706156138 631449103 -693381135 -374633471 239513356 -635946732 140864618 501644700 -219760471 -210473338 42900307 -259168553 642540563 -245145848 774955786 -1107630240 875457762 -33749080 -34832946 -251354814 58549671 -157330401 662805650 -58406457 486157848 -1026015955 -288657326 -467710338 -250875737 144664999 192025582 -40149293 -571109347 8052490 -710444263 31264232 -1174591222 385766768 354284435 744088885 -965452149 -1012096566 156734686 -331624212 594249319 -114146752 -296642617 -844044776 556724325 885185177 183384822 150982217 636663038 295701529 690462406 189034631 758594336 -652643174 -192657726 -306760258 1473933191 -545407405 -1077587337 -536851417 136729950 -523857070 -650898422 309658837 -194959659 621779363 -371247203 412178062 -316114956 845350867 -146559880 -134282487 187928975 -435913422 751363127 -456837047 166152547 1067141977 334514753 471348796 1002892420 57379030 -472221749 -426947882 -316848209 -498874272 -947680216 398214756 -399535530 727897321 418824725 525675135 -20818557 -62510376 -20367035 -474161948 64803162 -271567442 -657921554 -717050889 277538784 -986486932 -162575208 35716095 -198159881 303352691 1255875724 -156546939 -795324376 122881319 272171400 -425522092 7001394 -218943024 -167166665 -185326317 60717686 603506761 -704746394 906113310 218095399 237797221 696793366 -636858632 -757838037 911486430 1278926213 8245148 -415086829 441226168 351620335 -1577166910 687861848 140914779 -245301325 -194176294 1440431516 421375820 -1001254934 54913904 -560686858 -614318947 99649654 294042663 167468792 15131417 99376472 -1155636697 72959437 -338610304 349016173 420252279 -320156481 42014394 -260851622 -578276793 -126322931 -568253621 -924324882 -797234179 138518453 124341944 508932861 436095081
-660803765 288081148 -1116348176 -111724607 -31814408 1126785026 -141108255 62732226 -336187422 468707079 625327358 53778716 -61703791 459540217 -7805385 -807052405 -389778660 175156209 813703259 -261751249 162430687 -940410020 -374852752 1062629581 -137928120 -866299311 -200836336 -550557934 -292635035 154960550 -625436436 -265362007 473373545 -836941098 656806528 472054804 537488417 106247218 -454400108 520271413 653918966 -4298132 -408230409 508210262 -736220855 -419894311 -504222025 -113347503 462769011 -55828301 -136696551 -82181073 -625851112 445299840 399899716 -767958966 -289605054 -1157020634 -714153628 -573682962 266595583 30602024 95144918 268461649 -818341975 157231451 -147236142 -719295991 937015758 -21990431 557588349 360916795 -899030095 -84032750 223413680 -329377417 -567248904 268299988 395832199 196541460 -214229508 -581532764 -11097370 219929807 -131947294 103050849 -435229946 282936118 362220239 -813635977 457660017 -450112867 -99071721 1327622651 -402439935 287714 -192590236 -176635523 457352388 -163222093 -34477918 -79652289 290507374 126940806 513618007 642103374 -399643046 176487904 380468366 -1071293993 -512632604 338529496 1084960012 -649019347 -502293853 544461516 -498296091 293431259 -660664602 331780259 263227976 130678802 93281698 137374312 -657943877 -751105562 6670423 -229186387 -546480417 171014754 403503548 573100392 -317575221 163375986 -44919564 581872048 973883626 421783147 12340091 -112826761 92717833 615908363 -584550961 -77324136 -165745643 -541157099 518941561 -493465002 247656077 -94041006 -85923262 -715683222 57976529 -269104165 -204950128 309660760 -280287505 -142775120 840790855 -318013614 850402428 938702190 341049240 616228091 -1112364224 -45091588 -426320979 517876495 -481075550 1148527815 -573489383 -153679523 129237819 -470461890 419056260 811897990 -127227873 -561884231 1224465705 -374370502 207468023 97607368 -421095759 346573410 241474900 463023816 739054635 421537877 566761903 -333956070 270390630 -118402621 -130485600 48735376 379774804 776671240 -291268875 43413911 -546532096 -319282506 -947112874 -349495617 1015716525 702743003 -200257553 546607731 358660117 280670658 -30638158 -106937285 -587257936 -77569355 212827970 -741681306 383672516 365724199 -566134817 -59082594 -606929238 480857809 1288509014 285550222 1186533398 -820699106 -998666436 -1011168620 -709856141 -1041380403 -74169766 -918756416 1199847366 5619853 -869476800 446264072 299395888 -1035227351 -672307059 1014713669 323728893 -411902598 -859059859 -149721762 306538447 550345444 -5844664 -303972571 704539851 997037797 -512827028 -263899845 -282232093 -830842321 342520430 -188914712 27260752 62933201
460147014 -179373416 242257945 -1034256889 -828508726 -1120731208 494614959 605230925 94358574 662016363 -643503865 104446340 -47744019 565276227 84630779 62040427 -259951612 -23063609 -278844359 93140487 -100304879 -160291269 790035030 -545927028 427908832 720732321 -214278441 511259485 203332939 -1014829145 242964094 -579905218 -301114244 -487509717 492283043 -112434335 -66484362 -319477975 203384063 16846061 262594769 -496020017 -338680196 625529887 895022132 510687273 -302687089 738637431 6254431 -551255092 795645110 412791138 627094926 -565386646 508977093 -190609428 -816004607 312132599 -329962381 231832479 264078683 -1337115016 -421530992 -579177474 -495169013 168567990 463453507 -626261092 176209385 112944145 1036215670 779707147 -7686874 504420185 701694078 262411049 -600676551 -72327626 66061109 -305747482 -131188432 256656179 -228947121 -38704127 228868475 1057357453 -154856305 135808217 -73428341 768704505 394110456 1333152504 -482185098 252137691 292724678 616856581 -900061548 -966227899 168979702 -220745842 35196496 538024686 -319440939 227358105 -166037559 -494168679 740890460 -468406561 -1033510771 651248351 654470072 -343131107 194338985 -205893842 -132817679 -662405698 -65686365 -887921639 515844986 -117902091 -508118775 148102715 487049761 -302361170 -47459356 754647827 354084919 83977584 -741488079 -1161211705 -937498993 -246451929 280274678 -26696977 -6673754 -272580764 -30504531 555912907 -579232411 252461477 410102641 -77148086 -136065111 465503003 87004280 70219134 -6266034 244424627 199772344 227879976 -239801633 607237620 -1142887707 107175241 351166976 417414236 277558562 157190483 -802522773 -808163254 -135970844 -1079371628 -35018043 -568043009 140839123 410730316 -116876308 263133209 -414886826 -1274258797 70699768 -46301675 -324446176 1001674171 -306330584 116594138 -259130405 -561867875 -110992936 -708838826 174173575 344294273 -900317225 -205859117 380051798 379566728 -633002469 271367470 -870785259 1051741421 422303013 334467449 -541667370 -839714046 -323709227 -264454773 336149684 925987134 303415908 386298725 108346521 -1167646900 -947409685 -746263859 -545050325 922025196 -675167288 -9488664 -309880207 -271856051 140365243 -79427311 82104252 689000996 1018656891 -13430876 -79785536 490391976 441798417 359027829 -1017742486 -483242668 113175417 306221401 -18676486 467500207 -885943743 256330645 231404568 -170064570 -89680456 417805274 156539117 -165166466 35767229 152418777 348647838 688591210 -56037254 -531403662 592521326 103611654 -320764267 82657064 -241505930 -284303395 252612392 358948871 -56821706 -1029302047 -283889290 -622256867 491792130 -322064439 278941368 463551473
-610328577 931468005 563572856 163181752 894396629 -794795662 -727074458 391504124 672266746 156211366 527413963 -1301119406 175498059 -638145069 484435731 89334100 232167614 424739999 127535366 487259028 74414180 590458876 -434807834 -394438901 186289066 -130820659 -397243229 734041094 -691705327 -312902185 376111005 32853318 501125538 355357356 1439537956 347932289 91217794 -661578284 846530869 -554756670 -679917710 979813160 -1106164977 -522252868 -21159613 539552605 156745997 -1008047720 1485006504 481896466 -414071594 -293943588 160444758 249746669 -83022915 -73233935 -102019167 -607345262 -160976943 653362173 34275221 -1097613035 -428094727 95330601 -114230589 -554375728 -749260039 510862125 138180769 -2234489 -251993958 316266754 -892619755 140453149 37404195 290532313 -704112969 -83900198 -243723592 -417340067 -1730589708 -204035234 -197500028 657462781 265316677 850254931 -514567223 -182768870 192915785 1019807680 -679620563 -231215627 90030981 -613911793 971359054 -512984369 61098628 -1098381726 -703453880 -449015993 -480373213 -348382387 -71731940 -283280488 51643695 99593403 -489833892 499223316 -1222588733 240113997 -365423679 -198564185 540200965 -714442752 115065616 518076929 65722776 -741905154 -132380486 980885577 -827095287 972702335 -204377639 216276719 -123326256 -330321467 138022009 -667747975 -438712357 -254829081 -238915428 -722686108 344815817 867194988 505608510 44445807 -93367541 713982696 120162421 -165275631 -442311441 399107994 -128307329 289752307 84386706 -368657893 175819510 126149505 438326943 -1163042098 809694956 -695822265 -380966069 76121532 756872667 72763932 -143394211 87451571 280046229 50531520 157071503 42228039 755082874 -338514388 -180283072 1181062888 -41194951 -7121375 -507365281 453530284 -387360142 -496492924 392686148 -34551626 -230872066 324515524 184871303 -4673878 -260674225 421103652 536844133 633383833 343083427 -122031266 -299218552 -558013478 -380922672 221338583 -849910124 387601508 198597712 1000051467 -920939812 1113944943 -922832264 -650900591 -928192326 -759144733 -586870503 -526012169 328380998 -111691735 1019649386 202278716 439616466 408284632 -322920049 -217031838 179846824 3853645 -88024761 -138678547 543055927 -155965288 291625151 -834058476 104577204 -1566344583 76146394 -209913935 58194480 150270704 783089334 -9267059 -187082032 -373079697 620512571 842944515 106617287 -800760134 913750384 -87289576 398361675 105563838 -388777100 -1551314460 -856676196 335861189 172164673 738875001 -154622160 221481247 -709783719 -607286734 -499097723 573131836 -6128276 142278543 23027067 508376336 376290446 -1271945191 -890574232 -697319628 22721887 883527332
-22223678 -755791880 -226311799 -732804524 669118693 35057429 -653380572 -398479480 -343036111 -172941980 -380610734 337955496 -1244805053 760793326 -289947264 576478599 258622763 339024119 -102378500 710948960 386080881 856860155 -698993008 -385943445 -200282673 49966232 -624374579 -275003504 -63526901 -182004772 35423097 783091750 497479237 504240970 -76964612 184700082 -245068111 362386144 -742970670 43793106 202836777 124844824 -1913703901 -376337984 -1018620834 -93586299 302695103 -621259986 -390393327 367839491 -700488229 125990111 753399102 391318406 -297619837 474766123 -266609280 1582755388 1060442868 151864159 512943286 -254680534 642660035 -16339560 39075057 -311513811 -421492184 -780362205 213951140 -389275349 406414937 -410130919 -3531930 -279096286 428192356 518773560 -393584175 36844420 948738913 -74766356 312090052 -233705627 293868419 565699782 -53726487 40173290 372954037 653225802 -260363264 423688887 694995123 -1105607627 -563531542 465129999 -261465604 172217876 1080179036 756118448 112165549 -548834080 189841227 -185362144 -53767694 -408137060 -35084649 577032076 792934659 -152359675 -785022626 -385415210 239412571 11477184 8943490 876324461 719204689 -206694119 319461389 365580283 714527438 381700014 -333627825 637085469 -163760488 132490588 -216925803 9688383 487569507 1250494798 -665432303 -1492361383 9057532 651305981 187404860 -1027449061 256982125 384726590 594161652 514301219 -454443638 1074047013 -154534910 511649485 180014161 30067901 263086717 -193125632 295222859 -177971864 -318134373 -475112568 820952945 1014110809 -573278839 -646941472 -53252413 31055885 382413157 1053356768 -135263003 822722034 -630498308 -257391745 -6899955 433770046 214220549 355587930 1045207607 -287918583 589253196 -66593413 -378544677 -82121279 -504557395 -244495144 770213162 -237427834 611199354 -406983917 663989227 115645202 -573338820 1246498816 -91216135 65636543 572938441 605299199 321561820 225972782 -673136739 1491035717 -373838763 -264821063 237495520 -94198084 -88237088 -628102421 901542114 279431533 -433619124 238949433 671836371 71199674 -536246104 16841813 -21304001 1111376393 -709019999 733641932 -289649408 -673986427 18376237 485177501 388146379 1092217767 254773078 510060580 369854574 967256265 141494747 247482378 372025018 -1195018376 -323166227 -309763478 768898195 -225228598 479673398 262220204 -582877193 -194204675 16078775 -563471544 39741170 79391567 -340471086 395874528 360276851 36290669 -209552598 648554036 609783746 326012339 -1937965 780732107 -227989564 -334131663 -471487666 581547161 114127362 -1100926752 226114575 -650535904 284489387 -1370189079 92462119 523551429
-680592884 -319947599 -565703132 -930866307 249834362 -430612654 -363979738 -293837752 -550978126 519012780 -336177172 -54531237 124873814 -34221871 364468107 -21929460 376142090 962198091 -202130915 -257885079 562225201 -542260703 -325511285 -254971211 -156955546 -347063905 -213316583 -108100432 924412491 -515133069 -128211713 -726557130 241740096 -786685375 -3637580 -449927915 390459701 67944360 653313592 146875735 56356725 -164786392 -129859383 -1227682506 -749388723 -54362005 99816501 -447486871 1366901249 -90667225 -403806927 -802012984 314553402 1073405831 -946400361 -353076620 795566215 115680906 506995157 275025629 614910426 -1120881239 -36406674 214098090 -288247849 82024599 -227724866 723043850 -237891365 -237857760 -74538075 274517677 283269980 93543096 -43064004 800627430 251151683 193796911 196819768 -553827495 174541497 -562168577 -502880492 451700919 -275168581 -558543264 240321907 -371088847 1282605721 544776381 -10082659 -1450213877 718548823 -251335758 1022424578 -235693912 235377577 -98029271 -403773650 -443524092 748078282 352029044 -93415055 291315906 598291057 42406304 -748537457 1202044251 -332400857 -577320842 134418137 -402679513 963362021 1173003853 -501118444 764838530 -1027592866 -256203238 -869647738 428660193 577289591 571510283 210882566 -171705136 -237044322 -7103879 -385140756 -402982796 -6806955 -259449286 234834803 -677309520 -122917174 9852936 -1134399992 349930793 198860695 110161073 262326845 907125395 750757095 -676243413 -433108303 -718016482 965900480 -631659679 -571493334 -614117297 -595182844 -156305582 -1328483377 -407777040 612355000 183246592 -882585555 190117453 -809550267 1399492769 -824337767 -67922493 267939397 811981440 1004593046 -377847402 -59174988 -209908730 -647085772 -835383428 265288589 558332612 -447268928 -223357771 17388339 -855260815 -390111528 14253088 -603136354 -397263770 18626960 -946772796 -1165247530 154914613 591432801 -13740975 528385517 892334662 558574926 -918601405 -253594922 -285818719 136986643 146600284 -368685880 -731524935 -293820518 121865751 -425038813 -390684870 -904495422 -779386336 301969089 276361069 143794698 414370797 736017662 -150784284 -160731293 -49589924 -485428252 400803775 726461846 131442401 593572181 465103427 -43095732 1020892390 689236368 757532044 939514780 449968772 -144026690 237459209 -404295481 -444494029 -121572023 -892784845 -67547097 -555542524 551628778 167911145 -589430013 63844216 186094804 605757615 -528035429 547947390 -317406562 202643021 946903036 -115758550 -1122280728 329816037 -219576665 274516876 195175738 -205367426 562829858 -162081006 188692130 -216439613 489346535 -680926953 -261839140 -212577909 796687328 -231443957
-284654895 466257126 271349201 671612386 -747689546 454278763 318291244 390779316 722945187 672946089 -321905563 -998523074 -726824723 282376181 -162816746 -353713950 544374946 1023922705 630176476 -414319319 -255488874 454002791 -397025368 -329791272 392222444 49959919 343465447 328926611 -826919712 -117606959 191248790 -94891020 -15371063 221768778 -707315542 143906441 -292594844 413094554 799081805 -543868884 585450750 226924948 393719748 80797299 791900986 1044815735 813571448 116616234 640490748 -182795973 478100059 -812701200 144244800 40371397 46330115 -1083105884 -744220200 345984206 215416567 -154128741 -117300907 -1306218342 67404326 -456783004 -340452149 283188297 743740602 -130400292 148635173 -42993087 21047310 214339065 -186454799 497318831 -74316235 -188204742 -621768098 -195132822 359977031 -112824159 -244435201 -239620985 278382961 48429899 -213691799 417843520 -445091835 173024948 -40918332 -472951756 -20002089 -394126419 -381702320 399378632 -60030896 63128644 -187787371 -928977433 175134815 509900075 711714400 360138418 -958780804 873132142 -125943012 -132155010 97441767 -135975034 258621610 503879018 223626186 -341545216 -209432601 -174926853 -385519841 116381922 2692794 604648068 -464920146 750947001 -300618439 243967435 -943526169 196202330 -490114592 -400472561 -46926288 371260493 -422238770 -112648150 533358050 -725765096 482817337 -230668040 199663896 91493677 -237712517 297304526 845342537 -440810880 -251502887 -32741873 -509092150 636605684 1131476459 496413050 -193811131 -416264683 -240962961 -957051713 1015904538 -139208388 1183911182 -468206215 -30452467 715049357 -183354493 -31836761 -738286521 -503460074 297408580 -118335222 1235971914 111255955 271687385 1012218964 -576069620 439314707 1405773347 695491974 -958939541 359191984 21364235 18796656 -525608348 582251274 -826478867 -509933347 -375539735 -816760139 672497223 -147883258 -72019962 -233579745 749264719 705734983 1164871005 845952478 418611808 174457658 -788318259 858045520 821197925 -414034558 734170014 -635584036 26875133 268802414 -459040135 -757468479 -723438453 -352944482 924230375 -326039521 666096595 8146715 149231938 86763905 576039033 58816345 -194548402 -536186604 301329173 255832870 531033486 -392546662 22673030 -252813145 1020804433 -262808172 271197194 29784312 1155088465 -248010231 -242663292 -1573393907 395960114 -137709079 775019686 -777476697 354255128 303929405 819280690 115455495 615899488 22598687 -569403518 737347483 -638057085 -297057652 413765198 634038067 -375645250 90294496 589073474 -656963476 119936661 -689738790 -78950630 -390246586 -745199870 -509827862 -538497 -190139179 392826968 492961439
-281695414 -316940275 -450249609 160926243 -342257535 -581791673 397107237 -138196252 -806906185 -481792365 -351939972 324977914 821172712 -786319864 -1117213637 374551441 894148002 698077746 -779715093 -444337260 -188091857 297034246 652991157 -132198444 -638421565 -445581503 -361376450 939123628 315122899 -301214240 -142421109 563659508 99119954 589308012 -285644639 207165676 -208647654 -143825120 255474492 413191027 -212542189 -215907956 364520886 -410016028 1105078096 -70089021 -1091594152 82181131 63816420 -363048778 838202612 231516801 -877765635 -591714281 707569769 382592242 226140903 901893659 70790950 47112235 1066335545 43734974 443308990 214124158 -872616830 -39210864 -498519357 -221670239 -165338966 -507857096 636431216 751970226 90020758 -18307339 941300486 274587972 345539307 459179854 -1718789503 494331825 -461729860 99277789 -596602186 -146392311 -125308927 12551985 -564975257 -145208407 -1060735351 -490441335 548276732 131096574 281384648 8756400 662874308 473684402 -57549237 -473749082 -572604278 -718532377 19368360 167392926 521836155 -308429363 -296892289 332805524 183356023 -79590118 1055803674 -423357188 -225123654 -71342703 -65750791 887352716 835984783 -914417610 -16692311 -276577687 712169373 553233720 -159519830 360964919 555775289 304027103 -211432391 1281148999 435194151 346203314 1116764565 -1102936427 -172658509 -1065145115 96648775 -695810950 -182560377 -988765256 283860691 -34552544 -212559493 -94852027 506179356 -115962899 -113272496 -670493624 -933129010 -386093228 -1254676517 -127520824 -609100247 25574322 1081026429 -393902401 -389980849 -392227992 509313483 -553561751 259562043 -154019765 194452013 459601314 970789895 493545257 -1168588578 77444744 -50896758 -435779902 67752776 -88720770 136216708 -500913715 1050979606 -524541528 89882500 356415629 299955339 218160244 -301063672 -208297511 -265124474 454683811 57862381 308664776 -229793508 126845053 -902897251 -686563557 -1174171793 -182215249 -186592712 211241028 -344724820 -543104390 1602314432 812403564 -371246564 -98280704 48086075 -108609268 -449230049 1281817540 292307895 -736899167 132230104 296825898 142948297 571837950 -1079333633 -297508071 -1155376113 -181295737 464975 406864966 -984495666 43007007 -883023188 -472159867 -1003520568 -232954767 426266413 -224792059 -822784106 -164692263 -846500573 -418712828 -643368484 1140976648 -91203480 -10862492 -550529422 -268806354 -38472977 -548481828 509702980 388792924 809558009 179926414 1054307620 548253265 299184018 864398129 324867812 -200178668 -540316032 -275872813 -285847170 613554360 -830808396 -82146043 399785673 36809776 239663735 -183069738 -84868821 88210986 381335676 -278096710
-52578814 602703717 -323966213 -44308155 51416083 -171249302 -429431072 -269805504 61753633 -260838164 616121691 -1108828253 2098534816 265157732 915600011 543512185 -57012138 294308016 -553052189 -345493501 -772722599 580058646 -328526945 162662345 257780333 374590104 -264055957 -713084666 -233002021 186809586 -31958382 -800237518 -558372412 -21453215 407203698 -227804139 -786945900 -13410602 -146211061 -265453343 -733469601 305750745 36382059 -47942247 -291251322 586281067 149166846 -253068027 -145489088 -203616825 -1021059021 53523374 -724897003 -686004838 -225734012 -294310269 -130042107 -103022746 219127714 -139032836 797518138 -85616435 189187263 614598196 -425609204 -67059558 505374288 343112449 -187014243 -616294468 459542322 611355725 -90223652 -687886627 490584516 1259627428 -1106063810 137266399 -1092537283 -161625993 151864695 932733447 -265687997 -192067671 -835318044 805769073 -890051574 673472362 -1006547597 -250420152 -557998324 189309859 -246440708 -420561062 318035276 529594463 644025559 372306637 225528014 -1462146006 -320880451 576424522 548516436 -230827807 -51744193 -227508266 28853027 90949571 1082214609 610821626 83387653 687887842 102684261 353692070 124679953 -134107322 -363216571 1087489903 -30297230 -378625829 -444641128 -229243440 -444484230 -488033580 88589374 8312013 -443216326 -955781738 -296284992 637830352 -1422266778 652753765 -412728158 -101135776 507541980 180152901 394719863 182631196 -441373126 267760210 -307478002 -728861018 356929254 820765308 252839488 -348536120 -448771092 -456140144 -685814229 -466396556 372505799 -27107129 -126653945 -937165227 289774408 -168983145 403597530 -1022978870 482810064 1370175999 581851302 -508347817 -505789263 -57057580 705495485 680718308 -459437663 16852184 -1001640531 -185594887 1310475121 338343057 -476688868 135304073 351526141 -162326283 -225630345 626090271 323372331 198776788 609878188 701958078 -496577486 172484676 -528338615 -47404978 -47036443 178953510 -469561813 780927069 -322497058 -410928428 69891968 383534539 279958995 -444712306 -720321265 1013965936 -73823259 -343529907 -561625177 -475218123 310419079 -1868686188 275106160 65173655 -163667319 -30499595 163455707 -414591635 -591924151 282228490 804756262 282777510 170379850 -816896397 1254240504 622003909 466172103 170879176 -1141072720 -9149969 -504012093 42724461 -639680949 -133909477 -119355777 -63153327 -773929078 410822480 1007387095 -707563053 -1120890709 1897404875 -889177889 319157042 444094938 1182758392 834190424 -701810026 -723916903 -183846457 -249653401 525577113 70997718 78645364 399194549 265530385 -293853747 527725036 -269571210 87618189 -624767040 61331697 -539351860 -139216180
345976474 492572757 592367982 703355031 -512446893 509474453 -376379804 501575930 -479251666 -1206968712 290457485 -157059430 -299209822 -736025990 -190727609 -724775480 1108866635 186401512 -324253837 -175635704 -176386548 -280117177 145747352 -479807913 482229486 -213534681 -119392323 -118156713 306802126 -546029128 -1149287614 -149883113 -103858637 -240357532 -102747136 142641935 204290247 -46260622 -443973872 634166903 -219668833 -582006873 -200444550 767913017 448039262 768956896 -141790372 553227154 5642679 110990912 1939734656 -226122748 776125239 408868529 574507865 643014269 2537706 -676649441 -334274136 -881410802 607483007 -31260269 -442333409 -719492566 1571962105 68556665 -456700788 -473490788 1192668771 -358176289 -779409015 -359471839 123155691 655464966 358525981 -28946590 -32642685 291904637 642493316 -222433895 561830570 412126527 503833691 -194417564 -61024867 472025225 139821863 -212441010 -710423664 -78520301 -747149313 86951118 -199566517 656261876 -67112347 -46543408 81095826 533160244 -168458958 -165560377 -159518295 -191676089 -564198136 -126613148 504162937 165205896 267571693 474977636 -198903447 714957970 -54449589 -718142647 218942623 -802774010 -890553725 -234708128 -604509624 259938311 -712152671 -440234521 1522785623 -381801074 -15098147 139961242 474824991 1196816086 1153078890 875578817 52841834 -52605064 171243047 306662293 -306935552 641825300 288347791 -516379229 41979763 -446181593 -627330768 -138401765 163770607 597368625 780958109 452678868 37321417 -611649199 -300201833 -455555013 674023765 89151120 288385969 208132072 829707753 1341120503 501311703 -10945822 1014552012 220386555 -82712534 277049333 1281683604 78300458 320931527 1118618486 -151814292 1181136449 93298297 264683747 -573048794 38548766 277092473 -698022111 -88717187 502147556 -334635398 -394162762 491946520 -271218047 140377013 -758359987 -289199714 -467599191 -95090891 264963601 241933054 -919665138 -166296133 70894612 721643853 -496092286 968667756 284348011 436641245 249587172 -303215572 -624406374 444242390 -345096141 1731236 -36730113 159212531 -24886088 -8513019 692010991 -438283468 -249078429 -350834161 429808064 362381704 992827081 -514385346 -126805144 230728268 -837781756 260241523 -506165372 238312311 -425884316 -1294434272 -264364831 471739508 1325366951 202421606 78839507 -499404802 58015420 547496640 604495753 -694148092 339219474 930648694 -34101011 408589873 -662088249 -480785308 -2674482 1138322781 1030168492 -646794959 866906469 -281016983 447285634 1099363425 -404146864 94965334 1238421453 687613795 -342376967 540890231 7259939 182573739 -8254947 -450577324 1264330272 -53819593 -499149659
363424578 -455779810 -429708180 71408926 -410512961 -740676203 -224090959 719059408 930451857 1018863710 -728933986 -518427205 -354322310 229885233 -381734472 -168165820 -294490291 -15626354 -1205615443 -192433567 587246356 396161295 230610848 -290753256 582572619 -623851358 -934608734 -665370286 -634563571 133282737 424332167 74303164 -472111015 203698390 -387146796 -256831889 -179003686 158424458 -300387122 -130411118 246651464 856355081 -289608258 -144644040 658165410 -236442693 -195406608 39109728 57440813 85145070 89850744 674127199 722790805 -452301138 665348136 339509354 281704801 115089888 -18155929 192727633 -1087129438 -621831174 -773204874 956103217 -1441623762 -1432144249 -935304272 -39348122 -405230563 -740273865 133201246 93416359 -105966917 -1199846415 407278039 -248107348 608883254 -603028395 -321122307 -29640733 268049829 642879464 -24265265 -246473167 -316676875 -486683190 -190315768 -47887826 125109459 520972719 -445419647 -334063026 709452200 152693764 1271820077 440047067 -943811321 -2364627 28141172 845873335 -80480087 -362550103 491473985 -638469066 103447060 180968862 483822240 -575545197 -5789906 10812247 -534545520 -617070656 111901565 -295069886 117344879 717582578 197134256 126347225 928601954 362792793 138796187 101410817 1051189000 -55171761 -732346768 -244191749 482087788 195137876 97997979 407647898 339906690 -111995473 242822176 785312379 -279780978 1256629645 -643244414 -492328441 -166704895 166843193 350795582 -671059820 271416979 -99802728 -1494545290 398740927 709920329 249176145 19885747 471149006 640265433 -481496801 -517245462 755794133 -631326761 -82106925 -875733605 -321773435 628168644 -569489323 -339932156 939241909 -224160574 -422667581 -259498797 108747377 33894153 827666016 570042203 -708311631 -707861796 -1183679211 -679253355 402710445 -1224890684 188892919 -712563867 230108750 118442095 134538911 1009284737 316259644 503106386 -29670274 -661509499 -45037892 -216265876 -513045669 -309632868 -915070019 30778355 -111284902 -367401022 15308003 679089727 127469340 810835772 543319511 665129089 599333429 -494550909 714039896 -278770463 522596223 263579809 -426504595 652463502 -529568532 223641858 -941414371 739949653 495925474 496134055 -330277368 -827545824 85379617 -807086813 -501434813 -388918624 28527956 1607900250 47473469 351029637 431086814 198855564 1647158826 67751685 -716933213 629419511 -141109040 -72064712 251355905 436766155 465383691 958518350 -462700828 403509290 -545719851 -730980121 145577352 -130716173 -244236204 649005687 348785166 138835098 -580398563 -222976871 -502761574 -731493268 -363417226 81389377 -471702443 -758160843 640134743 -590290444 -692560835
1095200270 203973353 -722995657 -292633494 -517495965 -464085896 785399397 -591738114 797098866 -171482409 -33259732 737933473 -74975076 -150737091 292649506 404262042 339615558 -220242660 450011358 31513568 32384987 433200960 679612853 -64312188 189436319 12893559 -423655123 -332303445 461604576 406199381 -570994188 410010299 -567043823 -311788648 -205036456 109313886 1206350659 -807530492 -127635361 -386007101 151565617 681294296 319140032 100688249 -302542425 -639182620 376873178 -173964037 -824513651 -50669220 -476291728 498773591 568313495 -651325039 195668087 -52394935 90797230 422878708 554585226 2260810 658579695 69125563 679629391 429310118 212357435 -18372107 -778089322 -127469928 -1261998944 -435821028 181899068 684574930 379287723 -865939060 -187720256 -57150590 -1519902697 -557597114 -543971112 333908874 101128286 750509925 440670698 570349508 -501733099 115458161 533202875 70503203 -181039647 342119175 -105921396 390871409 -564807296 -314496219 47701158 274562475 -176135240 -211824881 84715973 -186235036 -139735465 71857842 141123534 301802130 184689766 -103048154 1765486891 129089901 -667279037 624132081 151469540 -599942717 -69130864 -363856658 60935194 -368437984 -305381659 -509113416 -575162248 33201021 -919899886 -178230952 -393671288 129977596 -68512679 628466355 428707910 1028272721 -134521692 -528362698 -277427499 -855149302 -40972662 359337165 -97405131 53125560 -566680882 274322374 363510918 514520883 643743169 -727891886 -130885240 349753040 -468155726 -272789636 758101225 193144584 68295219 525505511 -42271520 9172743 -426294411 78253376 -1239631381 96215588 -728751274 -507171850 419860412 -104858800 -77571926 -972507671 501654400 62322781 -486845665 -149282751 1534611891 -1008044334 147373770 390864724 -4058981 13613381 -1180427381 1179708427 507009408 -787684773 99667003 680518845 -517853422 631751023 245217 845061621 -592830086 410309024 -137346539 444570249 155873978 895105878 -328906540 925675288 -436597551 -326934778 -453813490 -387662533 235638404 604918069 823561152 841409673 410148602 -47596164 449458085 261648179 -943816679 -197209903 229376724 616294854 -307645038 407286074 -393443873 369496961 119777932 27490247 921347133 696964777 771406214 35357323 389280298 174973754 624438837 -504979567 570517170 -422017659 81430512 78568149 353210518 546120253 -349471345 -346619479 822767661 1144741264 -419051240 1286069739 -85449639 -359766893 868200637 42705980 -460347689 286432919 842062341 180776793 68756337 1313954793 -502804902 150712712 -359262217 -444237704 -59523941 -267783197 -296312415 232687811 622764770 77982384 188904656 -311351105 -1600392202 -86165252
627202425 -768824891 -132675743 585883825 -444488574 417494748 -354273588 414273328 280174510 -22389357 -609861812 -325732511 -555523652 -178941322 -861355637 321766252 -505584319 629741859 -510659010 36193629 374702253 1018087199 738998685 -338086947 -29135472 -430962529 -322274021 645978277 -620104271 -214818155 -999559990 -295081780 -416375430 -33024003 58154435 -236344346 -107765101 95591240 -276767889 -136435915 89662414 1087644674 -564839339 557497068 329117125 712865788 128115430 210458175 -308696116 -263880037 -426713479 1191216011 540751573 -454976422 -47431869 710083290 -242277551 -556894462 -1071569873 300110872 -204453229 917447756 488046719 -663642719 -497455609 -29650481 -404240876 1295427071 -116030841 -360588084 -80521939 -535592029 73606714 220548231 415628353 -958306449 -493106372 -86256715 -739407241 439117171 930399688 -161637324 16245277 -606269106 -85522747 451566387 323594180 964659530 409227836 260949850 246012549 179420676 -571860081 377040623 101408597 -428494462 -80331848 241572557 724284252 293724829 -23769755 -323410493 279858042 -922599411 -684638496 -487234292 653922942 -192788166 -443014264 37490795 -419583874 391397275 711234906 -793126306 651258150 -5248189 -219461454 6993279 865390857 -459598639 625783685 -124851190 573433843 450491482 682202790 -350156010 1143932034 412630290 698584713 -59843837 -407056975 -39801898 1407834626 -174726604 175773956 531558220 -486034909 -317180107 -396256764 -84699494 -398411732 -101373320 -1027546418 776222832 -715147278 417248098 60064763 1023939530 789118050 -112702102 -444176820 -78476371 -1168700238 644262532 -237543058 162716676 -542706193 -30858712 341413553 -1086639041 198315965 -100312811 -168397523 -703179020 -285745170 -23507251 313134698 988276688 -154186922 -404461113 408075942 -202922623 186735596 -438723490 388340974 114539558 -100322927 363611073 475387830 511959099 386410563 498936489 -854990330 -629019308 253665385 71241895 -440241915 -35880943 -70797404 -118712241 35266570 -742678100 997764238 -71539972 1120829362 -366029584 -662315192 300221344 -466433403 290473083 185822759 705400127 -492853386 -223355161 166770293 50657229 152855830 555854370 138540107 -863951612 310051772 321072470 178619957 -28102707 -499056787 -11058198 -1009897941 -14759829 -1085251760 124018642 464843019 -446653010 -408609271 239596110 -1049364593 1008012545 -1561229656 -250014655 -373853124 219582534 433886056 -68846588 433258233 133902722 509108161 -391705918 554314142 -52942074 -2595296 946495233 303839312 -1416006464 632928019 -22354104 58818499 41897951 -524785932 1118413783 -185103449 20266034 142140270 257446878 -401324141 357521599 -591962856 645726562
-288199550 -227201722 -72930459 826751800 478938108 498308458 -148348619 -330523799 -1082919704 -1021233050 890276048 467495266 535423185 -225439154 765509469 -803309246 18889003 82406295 432899490 -510844008 243598952 -568046181 -587159803 -1086306028 -935141699 -574056714 -452580268 219560769 616730847 294812104 -863123283 -740849850 497811469 56117581 -1052020785 288981962 -244356797 100531619 21377054 -133780111 1425041262 623140236 348232087 -15346437 45561889 851812591 663369758 531211151 101565338 -643048473 19499647 537977996 279276335 170968694 31073345 57845091 171317618 -664295980 722162016 -884856899 -1679710777 -914127394 56601295 -150840247 399728598 1121630020 448823979 -360130177 381999216 -1044680472 -11622856 -317890657 -210707210 -714355442 276649034 428697756 359560103 -1312365095 -535605489 -296355565 127071339 293625720 -105730031 259423823 -562048846 -746338071 429195627 -508475880 13367125 653390426 67066793 -809503473 750774991 -732113748 603478341 -383447931 409721875 729789760 375532090 278360009 -103378576 736633300 -50756891 456006419 -693144152 -556272348 508549465 324877046 397869817 354521710 -44751515 -348400389 797538518 -789658976 -652881747 -485878783 6493941 -344417807 -921922233 -538898593 239138985 314561596 -172583693 637096013 481380764 -283457700 -17968212 -148445901 -358678096 110512199 192329443 867603129 -631122540 -437279718 66463557 440018393 312391411 -769871665 36112343 -283593584 315708713 94470377 -627477272 -64400051 236416015 260014177 92502212 -471210081 273878500 -372755573 -258946615 24444931 -567217648 77128011 117541140 -866135039 174804942 313214889 202535865 -334368334 -155249109 328402452 1170015423 177160222 905694386 -481266784 140961442 -674036465 58177554 114776697 76322421 -764550274 -163844298 -126051330 816003125 -420704488 42074862 847723972 -760045460 732822745 553634051 44904915 571774148 151509666 -168726929 -361733986 -27522062 158297049 359880692 -452458534 -340307560 -474453093 1230694218 -1128256800 -244902637 164810261 251173153 139040649 480649624 7981678 -668499523 -1036294501 -830147888 1778922658 1096336320 -90475468 -849438108 399184769 -260756364 547763775 -66973923 605083369 -438028333 -1066851811 925473180 -313231459 -73116328 -44292455 450794885 -494373926 101921884 294866950 -1090785478 828988930 57622949 330341447 424881824 -374895782 517682259 382636557 -112588601 -378855984 -616865169 -351161482 231767787 46237687 -149583160 723871877 64123214 -39446332 -295883742 440945547 -150854533 168450759 -1121870601 740494360 28566099 -311369114 170704901 358580123 856174505 -973133206 -1132027211 343193369 443691761 -873267675
-1167785427 -557519195 192362678 294844376 -217154243 -70404609 -4360338 514495554 -763592630 730464211 613245669 460979258 271511033 -50054960 -96962907 -246888360 425134913 506190819 -468221131 -1062559763 1111809303 837653934 173592480 212367373 -85087369 -451878250 539779663 -63312164 -397554394 -156066787 160609747 -155833917 273299302 551260739 -171312381 -425728209 512535718 -534476131 395392368 -782872410 620368735 916199938 301535620 562067954 -190605702 -567317523 -217801078 -352510168 704222377 323978160 -345098890 -19331909 -305735100 22498148 -104922783 -592052317 756172369 -356278105 -339040494 113481894 422456045 250876779 639374718 -820673640 -577515172 -295825467 767084586 48451938 52642739 837886604 113828097 478894614 489635764 -64628705 -380041263 896491028 -32741151 1237728232 -462929799 15109923 530571490 -735567813 395328801 100296601 -205309617 -127379711 334721449 359017314 -1080577431 -892472514 -71242590 -261847917 -495973108 370444158 -24400699 -241230213 11760208 255713376 754741937 -671744382 -251006512 1044276332 23842732 193353152 859280268 -464419973 -444420482 -855196452 958411506 363989460 161539992 -520527662 474852235 -453592966 -190237630 -514000544 167847170 -257335819 22219920 128566376 622402822 948233139 98466117 144641339 167173977 -883534550 1033471931 -739926983 291546154 -469020967 -169222761 -531825816 461837534 264986882 -92969867 -397181326 74147984 279330374 208656214 566046504 -142817844 -102713799 872235076 -203171460 555571072 250186614 167883914 514215120 56407018 -166039630 -286698989 -696135414 -97034478 -328752712 -393022932 8352276 838372565 -144478511 -680822157 -35472002 1351602715 649256191 675405224 279775126 1497860215 -275602726 -988420617 -102063391 -302020831 318244652 -492478911 -104328243 940889014 -410803106 1029640907 598790396 16299490 1022255314 -322660207 -277979757 -831380468 825282241 510221622 -981698856 480268256 -236943939 176608952 -108877537 537754199 -872337494 -504313798 -925067523 709234859 -531476113 -329122421 -1082022646 -790656060 862389235 -178770692 604961809 -443871982 428844785 228110735 -272000228 -55028511 748150589 366040051 -363381271 731628198 -133284932 -211746849 321848952 937566965 -631217718 556191250 1036522064 -625888387 -45808721 37675745 1239455023 -1196097870 1079018996 488273821 17054863 149906928 -905766584 85501487 621259554 208320844 -390352382 195982332 -929104112 -459269910 842345725 -626279018 121115808 -263306775 -206901112 -298183236 -330634122 -299638806 -206747672 199668674 -249479910 -850224393 -394283329 -76040950 412889097 290123013 -49213241 919769975 623205332 -789062648 308115445 -292878745 -755403063
146375189 -111211926 -422319799 -9752089 -1031450748 572455678 -417575620 458674801 148831457 530048684 -99093106 -419733189 116426394 -919762676 393052916 1201401233 104313588 -271064317 365688285 184515192 -773584250 -32452369 847827582 -99268278 603459356 439629890 -587324033 -475937114 1119686930 1274670674 205205124 -189973076 341179552 478407738 613098438 -538973272 379257209 -220449237 549825993 -446071375 222934394 -437698 -76876291 -834685176 212224811 143422188 -110311784 45984354 158435110 336333291 929609251 -123181479 -544703407 535783377 8445349 179087436 95205771 -471856708 -626210534 -42532265 -451640653 -853306217 -63950965 -652469813 33509027 -364505016 -26954960 -364201116 183345083 982256191 1088343496 544261159 119799403 12195529 366193014 169399101 -203391852 24196753 415631052 372573433 34049500 25977809 -75655986 536494857 494138955 594498517 216490910 426251131 -61272322 -834190800 -885374744 -207818417 -889139247 -149479016 -535335075 378032820 385204077 -856140899 1181555767 292565310 -160525454 447310191 -414696362 -462984342 398494243 -635176782 -534665350 -612204838 26526498 818780201 -129018642 -213676719 -330203184 -659785058 208091012 432867159 927687664 647921868 380899105 717515767 -252557881 693053163 475211640 741045319 632850376 -357997835 366622199 150206640 357746055 -621703907 -404990303 -433273567 -94526458 -498358499 839730735 -713821854 -821730631 899105429 -93257754 1043869746 106918798 -198405643 341813400 942638614 -279553096 314540946 -791614055 85672783 262836641 -452782574 -304875904 166143427 789085290 932347374 513601109 551309196 537684357 71356998 -112224557 -532284319 -198414171 -81702991 -912009612 720232232 -111713674 110878245 22157657 -315387055 448520461 -674393861 646267128 584431025 220688276 374968770 -565912769 -21544572 -541277659 -167160066 884010232 -129992119 -499945718 810511412 700293278 571120639 -165388721 -197682173 211732495 -561403551 246360825 366070312 85256890 334783086 -1051674069 243371029 -988525127 -294530529 -567796203 -182551261 -758323536 -573036821 -49625258 124273401 945610886 -295803164 98992435 -738132749 1261794645 -699196139 -1049416294 429876064 -180392519 62843618 -756742796 324850601 239497854 163480241 495951133 -353569240 285787643 252603860 441658242 200102718 714419869 -39615456 511877868 -449184087 -187448962 629230954 -272432268 -286542808 405787749 -133286642 447223242 842932646 -980610499 -401134994 -753965309 192114234 -610051754 740246326 735810922 -745019218 -559417266 -334578210 435200412 -573554181 303474154 -276792420 -254368340 25063530 -401952267 -226126683 -445840592 -615359451 -234616644 862589755
-158372262 -141548778 640193813 -19125652 855291151 598856484 -360230359 274436830 -475775863 -74484934 734303864 -229664971 -37463951 129897730 -49888721 -566318360 249717473 260663167 -469139294 397987603 223663437 610521174 -748206685 252839906 -266176262 254692587 -390316496 189516703 402469987 257251247 -459107076 -65551297 -199496444 901639167 595493227 356435712 -265896063 607211522 -478498314 208792228 452599399 1493489302 -1295031609 515799961 396194616 603245341 671234739 369006046 235083075 -50958880 -1159072563 695699083 624677351 -20409671 307995087 480447249 278119024 -689422455 -548246600 -7809706 469652982 144022056 403086929 -894268530 -654266079 -442062016 188779294 -43063459 674744338 -782439971 -295842199 1152492356 539168795 -144906207 580940041 -269718045 245877414 -326753588 -217051920 -743463981 657142925 -85214925 -797054425 316771211 77967665 -212304907 -642749397 -405500160 355823595 285353953 344929883 -11669259 -382920502 -214489592 848509360 259615024 -469569541 626045429 -1289577474 -217347983 412160515 1459193329 -152507902 -522645022 253619982 355994938 410582636 736904114 -494167245 -428463588 107960535 822464580 731600284 387838546 -594373082 480803878 -1137977520 -445264599 -746664759 192161565 -637393548 92255381 -1011612084 -1603251953 -303004648 608956303 -148811595 -563712174 166736162 -444615586 -560447570 -59730404 -522804012 103082178 825979040 248282985 777259002 -1044167154 151324215 294315888 -37604987 -990750993 -924823268 100974871 143940955 13356477 -413133396 -599934763 110201479 -1465801 -1074913215 239178364 -359101076 -87719539 -279684452 322341014 -733227666 -318310950 -321711954 101766697 -84067671 -155906464 530236801 1139567424 336144547 176445453 189899117 -67560316 145845370 -528394917 124765378 -772730071 -592351408 204711227 571042231 -31808725 -81852139 -850085636 238111439 531268138 742633866 249464591 -76427643 -421363371 1019029424 -316758392 -252349710 213956016 6289257 -785047499 600868279 -604461335 270687202 970210850 1250105777 539431515 -371576061 -51330166 -294712997 -54359565 456169976 -722867784 -250405089 -322888882 -438553259 321824477 -600129870 267611496 -188375258 -430519552 -448516512 -196590398 711300669 49721832 617127633 -546762426 -904355222 439994434 -366164400 1472744353 67028928 -684915285 -628527987 -282606772 269250295 106052858 -2073841622 -683688008 203102363 -916355670 1074729997 485427202 489937233 -23705716 199090607 803264628 -24450327 678428813 -629328965 63308937 23823741 386504075 -367639286 -19334332 -1002638513 -257830715 92679743 25427382 645085100 -486337370 799929702 -136557005 -135153627 -850144344 -718975436 -406111239
1057373952 -580669143 -639393357 293370098 493130811 -186832511 335542869 -1022579248 159804357 -797167678 345303732 -263694784 162110039 -655915785 -121395895 -76515510 580679142 -475933465 -23192328 533581926 -625092763 897018047 308945629 552533936 144974639 299014025 -952716524 167754194 -1097215437 -1037740000 288625619 284148107 687035855 46600564 1190591570 -72286631 105789840 135504674 -494264325 -468144071 -327962298 714629626 -111233479 701721691 -132513461 301132975 73849938 401637618 188760153 -201190056 311442767 -365495708 -387058137 65299905 686768591 -143292271 -265919637 -192932860 -577411534 -56440992 36646997 577772240 72686695 296357047 -192825849 -800747302 -663696370 123387372 -270741686 520526112 -433241225 232907139 222329842 -391197017 -230600955 984567516 -31163436 269501681 729085020 -608077991 -284689394 -123583233 -659456594 976830908 335311236 182814491 -632184460 -313680697 -807513863 227673260 -759027530 779242465 -914442756 -84404963 -513331556 -526260869 -121084227 95011905 584292994 -15219924 -1019859539 -733965563 845562359 126963354 -170121421 -196997413 -261346874 198342264 -667457085 122160132 13970197 959386312 -1096774581 69200981 -770342677 1032696744 -762474297 -868936847 61502131 -1286222579 -617861908 703160749 -495281439 423472363 -320677151 -781826014 661360219 629123195 366922523 96708973 -222136233 32439866 -181321639 547162253 -1025674950 -965403028 -422016501 -270616448 453046009 405270528 234218540 -126747948 297216940 190598158 511945102 -139970862 86693265 225571401 -383881309 114231009 6323337 285188197 -188049212 235110046 135062981 443112957 388672089 10073317 -356053958 177197396 -615419898 428097993 -83760199 -438769709 32745916 -485162046 -486737245 -964279269 -595741516 4920285 283406717 446819583 497872373 -278448744 976047008 -230701778 93989779 -96301798 574238610 146356458 -165205628 -50487077 520679327 106625734 -126509610 -942613064 1159923389 1067222205 -42810036 150062060 -35279959 -291176876 -640257577 -271386426 435502853 306897060 -990078503 523867913 1094624810 615526756 573638325 66248338 1133040561 -864055515 172882025 -102954935 -595604060 -131903404 -580905927 146781989 -560536802 1287204871 481207095 341681329 1158090805 -68876203 -244777191 88929957 144297183 -209111699 -289741944 386961336 -436012324 384237600 1193081726 -76626561 -30137987 251022844 88627854 440831801 88834089 441381008 -1232461 -70420391 -86756623 136231177 570727984 -16560135 882475887 292017178 -985230816 369908889 -558406847 31742368 -647197735 191606321 -279405998 -1644714 90154697 611607597 1080607422 -161715976 431948326 -475893351 32264841 231027269
346496163 593982826 -737229916 535532872 10293448 463173366 187601987 -133956423 -459954996 -343907862 61431841 381294981 92750891 -162103268 78584981 -34755635 -362797863 -379123002 -180106255 -453597219 -37795280 363909328 -2825067 -551767000 -754320899 723318339 495225528 1022254353 -646611027 504564317 -34830769 133764600 947930883 -619623979 235042992 51243278 -282060806 -259538328 -330554660 163091731 247447437 -501824051 -459742186 -67479093 -332529671 14970280 -425465441 994530964 -491074444 38042726 -277724109 -489656491 -68984751 -712408976 287904018 80172529 -802130296 -379671430 -497084616 292748941 -402940608 -813663096 610074904 -97110479 180436907 463996090 88748731 180358281 817765809 589247733 -678326427 395909607 171512057 -1172918 -170330651 438464412 442427636 1348085 -12437336 -307170531 -343929534 -315413349 805443544 -420876040 -14635594 401694045 443597566 -403339746 520633283 385094230 -633625396 180154253 161674962 -1062453 214512504 -377927395 -353732634 802836025 -104775054 628671350 867633978 321098863 -420086669 -1185225464 -334079832 -597791040 -25338759 -659056220 -248389509 90432854 5028595 -176461 -81987846 130584876 -433017325 -28230605 -105534277 472230498 349788191 760291460 500269940 -149325644 -278627939 243766061 -1169983328 -223359978 490381987 388300206 -103887649 -772263544 135353123 -611513286 580764311 -811441746 -378690252 728235632 -504077247 -529318557 65567214 -852205925 590635925 -466392341 -111826378 932008684 -177162407 440169723 -987171326 -1057316605 115069826 220716180 341381702 719776378 -763096221 44461807 266131538 55014605 694785861 55907269 -1076513599 73615498 -122042758 1071469480 133349786 468893849 -249226348 346317762 161506677 228342547 -702071612 -117698549 572600645 210957159 -109909622 -261423023 117329842 106040866 223617057 333966284 -461607104 -231347477 -704346897 218863889 -370452280 -588103329 226028920 -905876233 99706610 251975130 -511378009 546703116 -784154942 -67612440 257736929 -1163585762 -519843261 -669297415 279932364 225955030 -109653047 380586395 -1526199599 -10672425 -911552006 -596346107 456940743 571086566 -505788579 872409225 569558121 -578029082 78638310 888723398 667900163 420207648 -10898019 -556442380 -131037968 -131656734 415962011 -350695491 111036189 -32544985 -1163795453 22264563 -337052106 476004657 -461769290 -269121718 277229141 684208004 -399239893 -514432666 556808191 652816789 97592714 231791680 -55006120 781810364 -88302768 -1065593515 -629925828 197544944 133847365 -468383879 254352095 -175833877 -7691400 1027098955 459533558 306833300 -251049777 198759907 -317051821 613194027 244830281 -576202160
307044144 65850589 -214058134 66696192 -756828829 380410467 1092525317 -896065828 -269834434 3294395 237625804 390505252 761963812 -409782188 -437176672 786711299 937516840 311561685 65763484 -294083461 -475968368 -525701111 568489858 721662617 847804998 96463598 348752447 -3558618 -55591329 -1139058352 -450405374 351454903 538115633 674359124 81698472 -309143134 884229690 -593885889 -1458543809 439013954 -540258867 -538740024 -488274918 -839182022 -187656292 222719891 -147338108 -169984340 -418602104 -24741459 665783435 526998520 -544074500 1141947069 -569356970 242307710 1122547992 -453231263 1222723561 4734102 -865436144 410016351 1092457057 380943399 -619350203 1307046368 -294573628 -179809546 376504616 927226445 -197218500 -86139351 -5820194 304630062 -941623649 245851339 957282825 -256710710 -369249855 148437277 236816030 910175870 234608724 1701351032 -80952358 -591872379 78683554 -66205752 -417100399 -23865152 204726335 -25713639 -29702576 559033069 -367595252 -837335894 605702919 398897662 -452973343 176214239 -153541751 -820423232 -94422373 -293853433 -35020145 -121162549 459310510 -28251354 -100953293 688681402 687690437 464047816 -108898170 -911218064 384599579 -1037803415 -955121857 -243989417 503180900 -728021201 249258373 -1670559239 120293580 -45232005 492899967 -104957379 -64272980 -217323294 71419816 -1040561606 -391560720 -354617852 42909774 -785893133 -231991917 348131577 86749132 -49504726 36837844 -351515699 -299238735 -71508761 1127772686 -879956457 424103778 -98501427 70740398 -279117580 -9281979 299920425 324859286 -145190308 73996551 -403756596 -503136326 -1240804691 -17424522 837385670 46799457 85636121 451618415 -1012049756 -697511838 64035474 166554117 -1135065162 109304346 347280395 124271659 331591017 692069183 46770945 -850243952 284646413 -37812821 -105978174 74560639 -400245060 305897986 586870875 -751172084 -365641973 -190613108 155610494 -265086334 -477859363 228430697 510225421 422567916 453915171 540208101 -185677687 379379992 -144393178 -474396827 1526843823 -345089184 -120439930 291021024 -151348612 -284702461 -542140443 -404576855 558905418 -1098076249 136790215 355962829 1005038230 -202439862 182149966 297036616 -795191788 -1088978064 -36159790 -142147092 -128381466 -109171471 -461205021 -456170703 85592350 334365602 950600457 115741225 118723464 214674205 -779586525 86667535 -150911732 208607681 302512606 -320149698 -349576581 -849854793 -34601357 -260034210 926653682 162504552 -174427992 -934521476 210723970 -176847336 -722737947 321694735 -141227075 72886640 224652482 312328066 616904269 839408136 299624317 216148253 861076648 -191032217 678227865 -478848340 -415740730
173695686 -45990364 191690271 26748566 472200582 -178900793 -254998330 560073091 -287528772 -71014065 250948255 748432425 773977815 -370552690 171917344 861339968 -446681437 544877731 -376533440 -198783113 -1025003919 -379448154 420406010 894198665 232169231 -266575751 636883742 244382813 -57011578 605511714 -863171178 -179301913 475104938 -549941955 45183362 -1043704437 -848342262 -653865206 392466239 535477320 -295953477 -635603020 -550767326 -91302717 922504157 708959542 -96523105 136250765 223872260 -82494713 388880609 157287822 1131872881 253723986 -244651985 963219237 -195420668 -848933719 -110926966 36040668 -632712897 689862636 -1392595403 -350872216 410406326 -645794883 169100934 418406074 136170848 -161290618 310671333 204302991 -46293361 612300496 519029758 525953544 -946061026 -11743064 -113220353 -1002678442 273517605 224481352 346964967 -56335054 672333294 802429820 40775257 -235502959 -28760199 -483790269 -829279740 319539676 118874521 69134092 -292897305 -289854534 -1005815212 -610610792 152501497 -181714757 -274317500 846395142 -619638891 -1208137247 49545220 -339363347 183391311 -634315619 330287579 37314060 309369645 57870703 -61061875 -333824973 -947479576 -788198027 -692504301 595119678 189904429 -719941292 136119992 191225439 -191948781 50077991 63751442 -313596988 471892390 805198862 74481097 196042014 87441891 -348422149 331210114 642638131 124593320 1107282930 -66472284 85592911 146690093 186703426 60734988 -58936098 -335251012 111571335 641941646 489858244 -690514099 -308847449 1008737883 -499250406 -657309084 -313209261 -49670095 460907649 350810631 -267958670 95427730 -244520262 -603547118 -217662431 117542918 -990444205 927106131 -669295450 81764270 298315037 94982118 616546418 -436640744 -609382946 203423824 160969643 -538385384 -330972923 -612623540 578078536 -400905268 -988233801 -496083236 681646167 182049562 -931803382 396779739 -914682914 -671058069 -259539941 -162976398 161576759 -484960227 -909082889 -22349788 -537370256 -537196521 1713558892 92700247 -568871306 -196123075 259688177 237986900 376884266 -482097549 -402159131 1077558374 -15542735 295390 963545827 569848191 -37269345 458346220 -850284935 513389826 248505624 155829063 902280825 -695810751 -143416440 171843541 644106019 -452401738 58395454 -102656388 -245379735 -415108420 -686112202 -487929342 731004445 869345260 -720698147 -752328092 74673361 -231455965 -182367727 104483252 -717890873 324570030 927245638 -15031344 353967603 -576176420 -307443987 227984766 -201211367 55654942 -248539277 918317118 -868809636 481920861 -150766793 97119423 128545249 -1191665119 -15054398 90654398 630251648 -367890287 -317174032
-813118265 -277516173 162948946 479283857 -543925504 107479930 582183907 -823769992 56110350 -75082041 -245144252 407409025 185207599 300876090 -214120231 -585632017 -245645052 61640670 1204548793 -6385838 -135763975 -869662444 584392195 82200274 287396713 32333856 690264219 -989080420 -115096873 664282526 714863492 -66681365 218983007 -34850206 -441541379 411013458 17825351 -428238478 -837342936 -374836565 -711188321 748666522 -332678974 -21108477 -482164993 973026485 208106346 -354648771 -38702806 -213448714 -114900096 488082293 -727006472 527244907 -229778824 657130886 166662102 -483663670 -165975489 116217053 190985428 101899562 511263730 -701305367 330615940 -5406531 -657458723 564858280 497607750 487921523 386778282 -10792457 -141988924 -10377047 500960505 -713433981 202912573 640966622 -634698837 200348417 449977497 29562206 486453749 -166587894 -951603675 714650136 787292168 85682954 -293272993 -40211727 -490959114 -561512900 112475030 -140072516 313928301 -197659783 -820834651 -311950027 138021686 -885689626 736003948 490379681 1006530971 267372057 439094918 -130181944 -134897979 771795465 149764979 409480958 80829020 224641083 -76074244 29921501 201616735 -34086765 479268626 -99339091 -553999210 314025547 352832069 555951307 -538431059 -597271296 -113529029 -565817055 135684860 -531666975 -171192339 -826331230 115020288 -596267040 -95743580 -162533362 -365935912 -793228894 -286706748 750704789 143429946 963361621 -89830794 1474898179 -556414798 1599327380 221019869 444969729 292212132 -124790584 652598701 -217487787 908231591 -813709301 -232525490 -168234389 372172828 -268572701 896023296 468292838 93487984 821245185 -21565653 -324753929 29901970 342915237 201793712 489305543 -627471630 328507681 440787380 249278975 279929261 -28247624 54417727 243152523 666066194 656749523 551268791 773402531 -264848779 -920741292 570825964 -511715396 -904529991 -139508450 267411188 -284606048 -515519422 396441279 631056089 -438817480 -831974073 508267223 316505381 -101797190 465646051 384521345 -1135431778 -51508278 -130393595 -323077787 402460969 -364510761 13943797 -121340361 1498410484 12426070 -324936868 537293930 228217860 -351252925 357106499 -7695015 1051475841 -192553849 -416326086 -1184766317 -528642311 192565105 373949057 658222353 -509527767 62176629 -497501901 1007276157 80881770 533903341 -686791691 -300462165 119147264 -556891767 581217150 264168234 -636085507 -729166786 216832945 -150217170 459938215 722900725 468910605 360882779 108747370 440415000 1023028326 504698861 -482010132 -604983062 367536920 897149745 308351655 -501230766 -158889247 583577731 -389677642 -97823291 -627151351 207547495
-672392976 957006854 260349926 -470125560 528592079 -453046184 -1018800873 828211409 372210754 53387399 513482437 217878991 76366677 413803211 -1343363993 -100608548 -417139894 -655726449 -52369489 197943018 -43415861 901830354 263533090 -61465032 -385252347 445372028 -193093544 55267418 -432573329 541847552 -364244729 -511089230 60490476 -240499440 59514427 925879401 -397769851 822239424 480484175 -25863311 -434770850 90694911 374716532 -796479510 79922257 240662788 -38298090 -265103223 799715876 -416354467 -438217442 -420972670 627234436 -652333525 -296517112 -259244266 91563705 -51131494 -758803677 702691605 299414798 -556814758 -734180194 -260716390 455474406 -483630097 34284203 587988802 -611068783 -746407204 526906545 -320162851 -1102595150 37411461 281864859 506135648 -509212921 264946908 -304226917 300832189 -983554686 -761092620 -136759063 343261412 243542798 979930568 -58777281 -374383305 -501587908 899596577 776632001 -332552242 935091182 -560975368 169312018 -739987730 -624536718 -1062004011 -130355139 -57660337 -1201003006 6191718 495819645 -65433663 2045790 -1012415765 -72767315 -983710354 -462152806 -867886966 -145281837 -234766772 -290247880 -403083045 -258150698 -306931284 -515359959 32007884 -134412791 46553071 42951723 -303217581 -172932294 -877624200 552030109 -500215390 -210193941 266611847 30338114 -435692081 -712074055 703543153 359241654 -493000330 -481574071 846685038 659995646 798063323 -30806963 -243349051 -731666448 712151469 6133039 -136016734 468726915 213892741 361277922 -145634957 1447898548 -153074028 -154662546 -771912702 299464576 -209225584 52186901 -171315040 -499333096 -840496911 694959064 643092050 180768332 406628186 -135736505 -788715965 130358420 -284826714 318271685 -280008278 -4241577 749602120 136662041 -404226234 -177202141 -419291466 -221568668 -259126733 -150591576 -825380868 -430071414 -674758647 -367687537 542979732 -319117576 -250269227 397130185 450018700 -252181557 -243366241 -501493592 -195362789 10942436 302757501 -512202254 -64900049 208359485 -54897210 -781038036 774244412 -74877414 638654595 -533338231 66656665 965676200 236002622 281973820 72346215 507639679 36206935 463033479 -174855297 -322356943 625686383 -281926595 1079563319 -582386622 82477803 231021561 445226524 -363371637 -173114882 67893761 130807022 -70069514 -32487126 -6394266 38604338 -716448560 395841801 371070557 -943322427 529982451 -148335378 -378670577 792963113 219606210 114599938 -350306648 57660903 280313407 355629311 -666955506 -841801068 99209056 -544126598 425822799 -646248175 -2751400 -38096913 213834145 361739503 -503398523 -547651590 572315747 307683139 16755094 -552944861
-229228160 -616280041 -527459708 -84165282 90550430 -694774574 159634601 -250659763 -901640376 286429756 365250783 994920951 -257573381 -382674142 512300093 -640003198 490117954 -402549220 90800965 224715013 -36493668 123148269 803486261 398942499 786983079 -103464138 -250767292 -123588939 -419915915 348024873 -584566005 51269990 -100200177 -212735282 538980324 -143844536 399821110 -305767059 72709750 126130437 728681029 -33435436 -320183204 -135032436 -226122100 360900578 287837018 814254175 938959502 -59324677 -219825289 267903895 335012892 -335329999 399480449 -14264376 422343279 -922817092 47466377 322933252 3274108 -170647378 578476727 -577828749 -647462648 -814153259 -323740560 301202456 232635163 22372823 18889476 691437295 450288275 400568083 -50908155 -573278288 -390326976 478975200 485117493 -752294384 -52927878 -141881497 679200635 588064299 60310994 798944883 -757440891 2397351 202678527 16770559 -1186788094 264773418 730213002 -255295153 -495953012 -31934432 -241133982 -765313704 196084023 182902488 261253213 -171207099 895879989 -61756204 -188031018 -314637165 60089084 247350360 -238156119 159953334 638769902 456442207 383124101 456521258 -489386557 592926605 -428282561 47447139 -81651005 352100190 -389815673 107870298 -531404416 -260799131 429209573 232701048 639300487 374188676 459925923 717923204 -81480856 959194543 746072188 257593334 -14193305 280264696 -167324813 158277959 -509144994 441474353 825511799 17400957 -184230760 -49811762 -307415086 347426609 349702224 -77503112 960774632 -550310649 -981788687 -353841006 169367225 883452692 -437059914 444742143 -266910219 -370176452 -201430560 552083135 646671677 30146476 197783801 670401101 355423116 -705493310 1330406808 -861486702 114548693 151391438 104488423 -889161598 -511365665 -53059714 -366740769 -932370842 -226997719 -669946109 585252822 -155069193 -896365498 721787819 407651922 -51625289 503368095 -484872679 -888212748 579952316 -473559493 -299808356 -123503906 -32561415 361726777 -681020746 -36512999 804354393 476738355 -793387330 701907286 -172852290 -433784726 57729044 479283005 197832690 143168901 247281248 208625148 740498650 -362420422 269723177 40746273 -25416935 -569119080 512875999 516201111 -338897864 -648759252 -244846344 -1082192392 -70047047 698839468 97637668 244637048 -196977857 -403421515 -193232281 769946799 -338367309 -157656447 503511485 -223421657 -844581156 112815191 576502094 434443912 -48441377 -385896321 -425681140 -1156032616 -780786643 -152920443 -314767106 -518428953 -389209647 62413472 -59987787 762204049 -311940462 -182862916 -671900620 560019857 -947830640 -436466829 76908069 809832318 -761140572
-454458781 -463743966 367467173 488663110 -281539878 -497000524 -692341212 -58577248 268003127 353955649 322222909 372534304 1147497164 88562103 -351356872 458016987 149840336 37625435 367478065 233203516 -1137894750 886955535 31364683 -1269168239 -587067000 813454794 717331018 145974963 -402958804 -393380945 -206440258 -135962933 -8469138 -462369258 -569341214 -833709266 598120665 -198060273 -753002342 367559370 -959127538 -294370416 920671601 981444905 367022122 166414685 152128392 -673054953 1025495281 41849903 -544830666 501461143 -695235517 -840246789 185953274 -451465410 436029851 -866068247 7401984 994832982 -207809147 642329901 17082096 830304587 -222993769 -145532407 458988746 -29815233 6111274 619904611 -635926716 72977402 503828845 -379028009 513079654 564697617 190825043 -381032135 -131359433 153053896 -208386744 72314618 1008876509 -669833628 317692165 -213967533 -258198269 -250907712 -558737741 858976618 -742110478 -27113675 532831776 55697143 412122052 -342926473 -1400984829 -811459546 -569183030 -639876065 -268065590 -207710265 678510772 -11800821 369632577 522506613 1078483249 -348272717 -37833963 486157069 538782715 -866214056 -131831304 -1208484790 126919046 -453397275 -623383203 -1071387826 -909924632 526283868 168467678 367891255 62829460 501961773 -266399662 -680772367 -118656836 -620413251 12687946 -488546066 -859013586 -922321979 11542696 1156163222 -662556967 232054874 -73051900 -251899137 -517893179 1427333091 -249201830 786200487 -288367908 131685780 -472157790 -234233972 -300997845 -262520095 964203620 -1204632521 425959856 -198343153 -480916028 443478914 859280060 282904439 244680764 -647075905 -571985477 -578452519 131009661 -301240801 579890342 -294877160 109049402 8963494 680565372 407119465 -217176929 435197720 -538834878 -86952520 -308008508 333169030 -822956516 867160007 -765605233 602038709 44379273 -373190556 -352145528 -119085469 95532499 198431187 -386749020 392976950 -127816009 -144208310 -140278782 -464247572 -403782044 -48915769 -196633304 657379006 -191675641 1396597858 -1073222870 411003232 575339266 -1180878583 -480498420 623997732 -518538112 -1477869327 43372174 173179358 56955545 186535376 942308625 753947170 498559035 385937689 -207431298 -809532104 -448821028 -291409297 56671470 964719072 -328077287 -956460627 59682939 44366443 -184132693 258594185 -224349071 -757292074 124512105 1084250898 -231344039 638733004 -32542952 11407668 -47675857 178589183 297755681 -92139104 -449865125 253821477 12268067 -861578297 177500439 -778286029 139532488 941582948 852304519 -533674364 402778653 48767617 188623315 451628780 95983819 436732130 137123029 -280262693 503018895 -1126085101
-76938201 -153316816 534929526 619046462 -106363529 -189542012 -379803504 558459626 142438125 -17863751 17020118 -901827556 69778084 49418422 -895549462 215607806 -237474318 83698540 773722209 620068478 -463304003 875200116 730410127 -5544037 -293419568 -620983120 775504981 421495740 587951167 994062918 112519558 489910536 -9699189 226912103 -331306519 419459138 -168194929 -136773025 777680455 100241409 844851440 196418150 28772432 -131941732 903161331 566891568 -485610324 -974213796 60148586 211486297 143952857 -710580752 -427454762 -433282988 535661815 -740493157 -144666664 8021905 206314650 -444371314 -345430506 18083951 326811167 923115350 578490513 -748991818 916914919 73927448 -757791064 715352061 204903503 64636225 -1328630405 -843539512 -1205807447 -201502433 -15563678 -1084034232 -345944420 -659104062 -922223594 -711467026 285911817 370207957 1234274585 -935483760 362550654 -734295528 -578977022 -705284919 612087639 41171713 -479417521 163418170 222076937 44145 -399735201 404475680 -346485381 151170152 -656206768 235326857 -28666860 -515353700 -106002818 -842240567 -277208050 -503328731 -50438648 -7819550 -196514277 391015863 -66016777 -281331131 327934838 422878688 906195916 -241246337 -383157624 -428743673 -579012691 -641880447 -314106360 150842606 316038777 194181713 472166582 -623961904 495730784 384878390 353353727 507325518 -258326466 351978666 -1093327397 -759528496 135545110 -537579216 767118952 -722837392 39439077 168618978 324569886 -982800809 -1308915105 83496308 -172273284 7093444 582479889 -725754319 668766608 -43829229 1670247533 285174968 -227177318 -175184042 -896987819 -598038453 143589450 -619540105 263534719 442936927 -135371141 -975537135 -466852203 433167964 190179568 -219763103 384478354 -880955691 -683296121 824286529 4402857 -750678987 -317606586 981218723 20843075 441067204 537944155 -84081075 1891786169 -961343256 -1336875573 -373064689 211714259 -410671551 565337068 -868065928 1290300727 -171249287 27417785 553813751 225235393 325410246 -331849826 -447240450 222456720 -466480551 -831876782 -102875188 -271755667 -601316487 397710997 377162209 269439397 -559202614 947960279 -5191300 -309939947 -502026937 305857559 -632584545 -48821940 -575061145 10970666 -155989399 112681001 -46370171 304608113 29354795 -1229370207 -170565570 618138978 38228960 599939357 626126429 -279411731 894268370 31540499 66941394 93914238 -1189415425 -182367534 -429192633 -725261296 -86805702 -85204840 -1137641371 150371376 -87881338 412851597 957940623 -733192360 -690988764 320849238 129079262 167738858 -747982179 -860625270 -477924854 209308976 -523603156 -59141274 100598 -272238096 -209957732
-688586515 449134639 417212183 581023475 227488254 621194829 -505686357 297824363 -181613874 -348008077 -504165679 -304868729 266430624 -1030627597 -235431393 -17493400 -661900760 105534974 -303239347 1319950476 281623572 628737879 224248514 -506663955 -608667438 -409099013 -69622208 -481285769 -84033389 -580066779 439503951 411115608 24144512 -726629040 -1810355 -637350622 135220535 152250842 907230072 4070965 690576968 -499016221 -77512111 134704213 57881692 514344864 -99270086 -925666276 -208472475 -490174989 226188653 180358773 3204086 -1159807002 496975476 -91541855 -541155490 70521141 -617206406 468847128 -838582412 -250542977 -154802577 -404587897 -573459664 -113470184 390108050 -1087192088 499113457 352735163 -268894752 155256041 1189539803 569430131 940815844 19482298 271599645 -608655781 233391760 -369107717 -78046587 -14959411 -475079058 -509377891 -33986834 -101346987 509037341 165532078 686204588 -886255813 314457321 -635279508 -979838054 -107307900 -1014414169 212346655 -870883584 521529845 363040141 182834223 1011150889 134019182 427645665 -202935723 -21791483 -97476384 47060293 -129274816 255065374 115257826 384472667 197013249 -515592628 -503758425 -744949867 -11536993 438837768 469334725 332273446 936418960 760958630 -182418882 -1157483970 -462778605 -444579701 -855176789 -196308304 -111747285 -688454056 229514298 -561353999 -407066140 -243526566 470411470 383437165 -439679822 -32759592 -123727586 224531613 1259570940 -59735496 958288447 -263841745 697679112 45983898 39072841 184837492 -568704938 447852302 -606522597 1112002384 -862480415 243341288 -662338373 -205120849 633257191 -207132436 -258099062 -586140577 123174362 -429835743 110652852 -381666399 -384699728 455979968 431626029 -493467795 1085602178 946996123 359836549 192139204 779312166 57585289 -488169349 -105967784 -1076239560 594241265 473216093 323648179 780078217 1137020976 -141185768 365826464 225403273 885518225 15518473 589847702 -670117937 618920856 -926410605 382202903 364082322 -645038393 -23318462 41638409 1055229507 -215719903 198667761 764447116 -151201188 -52768005 565009081 608787617 579816297 -1017700335 591723012 -3375591 185602082 938151299 537429698 -805351006 224189435 -56962494 -887460215 -536924617 -352479386 -221445598 568948471 -964674179 57485787 454241645 -767189608 -121359109 -400138281 -602279568 972247755 66452564 -20246355 -932680962 -448989542 980809348 471908381 6760396 -840940635 914296944 -61081481 -15412660 -196108659 663335665 -74537399 -258453608 -1248902058 380820980 -662082315 117416820 813892685 -269085735 803499716 -56234364 275944792 -7557720 333023030 -346204082 469710571 -184590887 -632410444
14610429 153455245 -265345800 -128975222 -949011698 409330023 85643632 39288042 514229085 116891199 -867282845 277110268 418324966 -254794354 -911773970 -534311392 702981673 203598951 -155057610 -267292552 342251646 299085412 920084495 -243448091 -193658035 -544489839 -879505404 377592164 347353594 275079804 -680406979 -22031603 -513790886 883226453 118701626 609906050 -111826309 -453162185 282187482 -462595722 642321593 -323072858 -710515198 227493693 310107515 791459553 188906693 -253257234 96217117 277895324 697884724 -331253476 15471598 -807413010 -280803809 -535308284 -180330777 125658891 505424023 360261340 -698991012 -476935518 979664557 311795007 164196437 -539406108 308006338 99958901 537571489 -944625392 226695361 863883536 -92601612 -98245915 792883460 4879037 -687608985 -1106849750 -87590130 421787707 302075201 -485111222 -40592673 -329076797 600327683 426247600 -118111893 -429086804 -321451856 -309537368 276297977 448294463 -621374016 95336993 76356011 525796953 1638047442 -558828050 -67256663 -1072989166 -1165653828 1199094656 -187115571 732759287 -98666143 -218657013 433821981 296432886 -294479881 -162339263 330633476 530604754 104083854 -63498759 367229459 -319307428 -963482593 -262248792 -278981739 1121823566 -771876604 -61004767 797279074 -342841868 538970056 215797479 394091692 554195426 551603092 -509043415 -328169802 -397640726 -228916041 -853395669 477176034 -954439334 895314497 713284684 -454194934 266829452 136639145 -800844238 -47608748 -483278488 -178735138 327481964 -943380115 -344829158 352852695 660256050 463488924 -227501099 -1111239999 -146104545 -51566735 -174068091 581941896 -104429218 434009106 -940808975 -853204532 -310873057 -374231365 921908389 361213684 186014226 72015810 -399983132 631989678 -750916339 -41454605 -432566678 -404991632 -180260477 509674802 564604201 198789869 408991177 -306788456 394557981 -230968715 -121791224 74000478 124983373 -139579600 -446005487 -483093172 -935674591 -562694959 -495318687 -446246856 1023367796 81603176 -291539743 313549071 -773848009 560384983 323503922 467249947 -152934757 184682235 444615550 -42458167 -699767745 -121831219 -72823808 -618857521 403538451 -213965451 15734487 -100232339 -309969408 228450325 63422416 -110318939 -467757321 236625292 68832879 -270227975 -894103718 -364263540 122102837 -1107372814 -4177367 -264305618 -328668165 250374799 247948209 -679116899 -594624266 -625150180 559252350 97017732 333644244 641903504 -933788437 353154948 -62210485 161894508 117583414 1017961246 -49299124 592897127 -619692806 -335862624 775833423 -672454968 233712864 -762255708 -182876781 568427072 -1535060803 -584391120 -343298859 170269855 -162272348
-860833431 790384108 -109118367 934601737 205586633 180432665 798979958 52044153 530874485 261042120 239047548 -178782779 -33529304 145201809 -76024540 -113314457 -218010328 435592022 -750765071 -507282156 -623999212 -453181633 -1343279039 592620171 231465919 -93455495 774763710 -426004488 -515021005 667876724 705352769 -1176313152 -680623142 -122188186 54585784 -169336627 -953474044 554850384 -578213783 524166226 -746074798 -267840962 389299918 474898018 -482487028 1067969365 158796664 155701557 -670617233 9159702 102797994 136963512 -181903995 748319017 -885940901 981992373 -514342492 -502650723 -316763290 -389327825 -849336907 -316852108 -321289217 -250172799 333541154 154223843 -35321574 -109309224 -779618939 -171855576 210458136 -340025639 -108414187 832204662 793265583 -252832533 409694130 -316014274 1178950244 -383698830 290613157 -483793172 731871376 -201688068 344434468 613190321 537695712 -493156686 679105982 -6018594 -360563471 172586165 313332602 -131410620 804523285 144539710 -81127774 524737420 60171010 -308278800 1572212950 -980441565 -724956759 214808992 513221450 -49080425 198560118 -95792549 -486548395 222221272 -497687964 -376001763 73461545 -206818221 280864459 -122360032 206291145 -243446744 -451575573 671897719 240065576 34459473 339149424 -207265898 -1149892136 -13614335 -521637397 -506159101 198126533 -582937583 -99052201 48726241 277529867 50718156 246254552 174397446 -50796153 606673722 235999645 -413668350 -213969813 481267871 125092016 1193009202 -605307870 -83286580 -47393685 -37151967 -255906127 -32327581 431287248 243499872 -645964641 137220440 -221760039 177885441 -452003656 -127194577 -200677260 728019002 582441637 -534839247 -26536739 811438440 -791277294 780024647 -257388612 -65374224 254972855 269288032 -344451785 239501300 -953523760 331968232 951409738 1291286476 180901040 -572267311 -56608252 -283047199 466511698 -153462173 -836493718 456786709 -1039079547 357356819 111563268 644809360 -859623858 -940749995 -416643868 538254730 -104221676 495174971 -401441542 -273843515 796273863 66671837 272615792 -270486799 1221089820 469351689 -420850536 17996575 1125403113 100295951 513979476 239925030 128785402 -69208786 251335871 13000150 273352518 438708919 463601767 158076700 -218731685 -821611375 932388415 -93908963 327151444 -6598921 24391663 536530775 -238701476 -76684682 -60165698 -1213621487 -201846721 -418877029 339282199 -277040376 1076350428 -397603353 318735353 -128778709 117148005 -557384532 76601568 357734138 -38374637 1436591943 854719040 -764772380 -146541935 584222211 244658284 -191353456 -2971460 -321645451 -490482224 88513359 11757806 -165234735 708374012 748369139
733990936 180568991 -96809095 384377120 544286776 508141016 321602565 151969576 44704383 -992412273 490352330 53263503 282604752 129086892 -156303967 249999930 -265590994 73183621 -535868325 226597213 -240925660 -780207806 404655762 578681330 -1043131869 -549133241 405559210 -526905726 -301706887 201104169 323254105 -230281839 -161489941 761372196 984848678 27922878 -231896262 239774999 -953684108 432371616 187320664 882328036 1038425258 414326617 -852891432 -90936729 -6183753 121044828 78494343 -144575681 720792979 -138186171 279083657 568872194 -670251264 325503798 -514849312 -767785762 -679933925 243724783 -1183247962 558191331 -434573950 -736374859 352459279 638769446 622816165 325591843 115040515 -134296751 -333791153 79138880 20359833 296367258 566835406 -449038262 358223260 -1070104717 285273232 -407758288 617707701 -58192090 -625736014 -196199280 -101572279 152923347 -688087274 -127154353 -18903857 499515742 -66675994 457905707 -146836988 102420855 -342939798 -382161051 -574765079 -1042531624 -913857320 361937869 750430396 913906335 908235174 3128388 -684899023 -18674589 558181221 -185043107 -222493529 -190711631 158699517 -142359010 153675786 -855049343 -1107244847 -80217851 -67818115 51677160 -123068914 -129500881 -144960834 291044156 625784226 941550158 -198566254 -577717855 307645923 159332330 426054789 188604489 -604737389 790686094 1069323210 -405164039 47460186 729933956 -822472003 -854872790 73971795 386179785 -473274968 61266470 -244717134 1295636485 331231491 -329028842 -207317518 -3767109 -522484767 274570995 679658795 210167045 -632998311 -582412692 114186062 -383867316 1120558301 151438848 -33794370 -98282619 -341020577 20313916 -432357605 -339057730 -632307316 -122675943 -521413378 853897668 -23535417 41367964 -261528649 736716691 -541675363 408701383 -223040768 541984775 107238605 783876128 525876228 211894500 99366472 286913296 -363682160 185202768 596759226 273932803 -676693926 528772038 -562321195 -896629307 420944372 831340165 -797767914 372576736 162739042 492815652 -45440316 53792425 978788430 -561612409 319080844 50558415 -461184098 -282843842 514278796 274351548 963097007 -216217341 329832855 -274085026 -294538290 386119762 -110144011 -141292437 -245756168 -22647188 -840738428 -349551838 -345726063 284787325 -559982 -359956404 4206079 23597689 -71608653 283391987 616735509 -152514472 -223925190 -77063857 -1039912690 -278335020 -57591446 -885227739 167657629 -795188796 -69970952 -1312295614 -94521987 -378985333 873931228 176657068 247977518 471895186 -617738957 -76556681 667538672 58272200 -292395656 104607633 6264007 -6215963 715735833 104360110 -640697099 -584296851
126252794 -72878812 410576508 164652992 444998762 -371812439 121269784 297135869 57725548 371882717 428283239 -1239149785 -109739977 343677156 774374499 239176065 -1492094079 -1232311574 -63562102 -254325945 -270736396 -249567350 -607000335 -592803919 710834530 767161582 -649404273 167929518 -543365854 -327259826 -63379840 374901541 -1044370465 410858687 -247675249 583810380 397251698 203437478 483413477 -639839507 241495464 23156271 -336795555 -642831444 778896654 -278856418 42668696 -461856913 -655519565 -185483491 -366934091 -1182927148 477922240 -411447276 -713482706 908439692 566905870 -228868744 -741012464 655270924 -425740219 -15665238 354157940 -1031603935 557901118 -653828068 -82350550 1443318063 -1080872060 775485202 113788185 -1039546420 -967270681 -371284242 809570309 -34178228 -1049427571 -416209508 1611571654 -1056443650 600159097 -221398034 -411861083 -441814137 87121241 1408485897 -801031285 -79810265 -154609902 -97103579 -198824538 -216768745 -17648432 134328096 -879562557 -1072885520 -716360613 -884742153 275569333 -44934932 320696664 -200674107 -210519884 -64600236 389606542 -542374501 155590863 272739058 -1414086890 -180140344 679462158 178357108 -170264211 919986448 860015064 -160666006 -64598869 1037332764 -332990862 -87027002 99253992 -229321140 -215720378 478932506 718483304 -822431256 -231758390 -132532920 167044585 -17262061 -991456601 535886134 443099686 328012789 814005136 373665935 -518918071 561120473 -647418937 -377609600 -355069902 930735571 946967115 726365609 -336555851 176858035 136513166 -74487975 337134915 -1123322351 94405034 886420869 336277271 -326548772 387022524 204793500 15093735 252674166 17938106 545222726 507663632 359124985 230817598 360788216 32492693 98699178 384554117 -695529305 -380527277 -149768461 -107781186 83705141 44150876 -775322577 813474722 -75836881 27495500 -306681415 -898948930 609989726 140998669 -85694765 -191100386 -1299970711 -810585155 793241492 189141176 -562454729 -548721960 606176334 454799481 -822082615 545230088 -197589472 120709542 -495092116 657655141 -739465720 -280894039 464084638 61830697 61961814 -749767003 411446815 -270549353 617188006 19245455 847812436 774316325 669347009 465782106 659826167 -1465699815 -498319544 -1192783489 -185106358 -533308047 559565491 -1081401863 -263269442 827591228 -386226867 -445277456 -600628200 317754098 250179472 93748459 -271719651 -569877964 -441438039 1380325135 235853895 -253872402 -523752050 814859011 170633462 -891847124 -716472023 271702774 -139839695 336224302 215635158 257198319 -1311070374 1194715606 466220745 -22334179 -1043979420 58364277 289581625 -284200651 -224567924 74700219 -127887007 -165259518 287963922
-777543224 -481408479 293329956 -706501432 51616579 88519817 888280503 975719231 560616254 1911522 -566126371 408805682 303722031 -320162303 -199581131 148376884 507963603 -454035445 -107216161 322768530 -401296280 115843425 393043839 700205436 455317359 -620572380 -533872622 174947527 -440034473 576938001 -189598637 -383740372 -1011063436 -14817352 -134735391 306742901 -462402115 -840761742 1230552589 471358527 -163890883 -104168788 78302024 7152198 -686644434 -384322421 -592579885 -404569194 -51629950 685479650 -374514813 -337009003 -149858864 318461575 -251752648 -329757755 144264060 661360286 -385076912 -339608344 187258807 -162917897 -555220984 -840329002 -459759647 36279829 90132126 183420194 -220188484 -340165388 -726083365 915690648 324558857 -631240454 -249390822 -622871793 -122350280 -327067953 -449477157 -89743224 -612506005 28614510 272243830 -433041934 646264923 663565580 40178131 456417870 351338284 -108734756 -397878989 -361166133 -9760903 -404682295 -662367286 -139440579 -30977114 -499630874 371618264 77137753 92556755 -308311374 -264732202 -518945624 -75264804 271037094 -767608981 -348929287 266295881 -6083074 482286027 189724491 -470010469 -553733352 599483142 -245462941 -7221830 2699344 630994874 -763355025 -664269542 -197182848 303020366 234400804 457608709 -20016523 -776961074 -108611852 847330646 -971711380 -10646310 -641541845 853548919 -201312374 316398259 -424400001 475989134 836061584 157464640 1140953909 335305516 -521956165 220766162 639149273 44922093 215773274 -528672673 626161992 53488153 722398882 -403177832 1041656862 -20487392 1247217093 -371622171 282570169 -541467740 88386810 572852308 225872833 -131764908 758229992 -60639211 -563711965 402619647 -1210190475 133496524 -92281661 90685252 -529482279 -231280025 697399488 953680686 -294463167 -722483989 359930889 181125207 400670312 1235853121 157521095 -552547837 -211804821 207025301 -42571797 -106851226 -127853062 94774803 -644787475 799266389 695966886 17800758 -976662909 -1094325243 -134337898 -407254783 1298832904 518336082 586884674 753861449 -499633108 728369412 389447960 1099618657 -602380578 431726954 -29765344 894769069 -814480836 -1069145324 1057029103 671532367 119307560 76795057 -147624359 -332493566 336363102 -595922294 -90589548 1079757627 295693167 971441510 510519812 87224886 720387132 -227694419 -74681964 -36360774 292506219 -1284010158 365570955 -671286363 -38555911 103970410 785466469 -1054399433 -211673893 -573507101 -466327053 853157958 4420163 374766044 -467290186 427884189 478174635 -553625485 243810317 -77963427 541404526 -248910889 -373914170 -349111973 8368671 113232782 589452231 18064426 -124028223
-553872828 -205638601 447067923 599716814 -193705958 -107954312 -111603983 -278324266 129659821 93027044 675469239 -635446413 -828972802 -831398325 -245135428 -102042740 -177067866 216443970 95413544 298265527 -284548965 -271329697 -607876521 367693124 -121893761 434725267 -510036792 84406071 -110393874 80792109 -809349832 193824111 211482915 -430793785 -546307802 54470169 -111505639 164734573 -228189414 716939624 165703645 132952715 867442411 388316489 -129701771 30319588 69298315 -15329415 -219145388 -202119356 -584496044 449321767 -1354899810 -834638686 1232206998 -411939944 -120352854 743025270 -873199593 62643173 -931355849 676861871 -52140544 -476866389 268149547 -30280646 -192303041 122753933 177431916 -860099128 -891346844 -125388008 -343119967 -262159972 -588563277 -1338396463 1646644012 222749003 493600939 602051443 -452135016 261418535 550949394 561528870 -272604225 -581483688 -52871075 -381784143 233003711 -440072876 1356652861 -520450818 536994412 -297446044 120073694 5530524 943864615 208836490 378741192 559086714 -331875037 136655809 338379442 -199237169 597830637 374803882 -183042228 -1271906442 -299464140 155807014 -1121492020 -787031397 519743728 -247345458 641694537 38777348 77690849 -183429491 -1147632186 523169581 328514369 -555910694 626494128 379318087 -491191681 -90980720 -31412620 -520724014 545819379 -111228160 629774622 573613894 -925175153 326348362 404900192 -39729549 235499258 655504253 409327101 -847063183 737582263 -135233608 105763622 -295008378 -154065669 -595116534 -868613431 147495087 -212089556 392242092 -105894300 -221087704 -692736795 1486012228 245880366 241240328 344387200 -768277954 -150095004 161074838 382521508 371035446 528813406 113302501 -593856162 181346948 -784422813 1126890198 334207639 854138940 505469098 306475811 75574247 -257661625 -14368825 563551998 201443964 -144153402 59927501 -57191350 302692244 -23451109 -325892536 918583525 -562609019 321231367 -110223729 297294095 175311330 1062474132 374356436 70955091 88602372 -809591217 198850606 -1099369503 182776854 -719888254 -643541755 1015505383 707726731 -292686799 -260314168 592792821 -521721372 -1000756132 712703712 -25479424 -432971997 667212947 64780116 -180302728 -319277786 -10666185 -366924842 847776955 72757849 72291486 -940342372 -49604249 659275709 3799507 -55655695 685247121 609442971 547601964 -14919475 372753270 -417309602 -200695797 228905178 375647745 -150569229 329153349 -83326257 53874075 830193503 -272160794 47422943 -306853423 -864144285 -519664043 684188506 -108449562 -325595330 27863973 34059460 -515125055 296896695 1123482628 -713601544 548235843 -344708971 -245204036 -971394399 -479074760
-906786402 367507098 549707455 670584961 -716849068 -59723338 -921369405 473620167 -345983043 -931066142 -485658597 570314870 252323335 -151154380 -614969396 622439254 -132510109 -42854255 1016735566 1096297139 -193777408 69199922 589170734 -67252195 -101670906 9184735 -2022695579 584712690 177738976 -236409019 -259461887 -833781803 -484455947 -973280403 -163378444 228302797 -138642983 358730986 755284373 221913622 82997695 -819314155 -316528719 -386719690 61708756 955227075 -615434383 -189306118 -279174679 -293873503 495185510 119578941 -149641560 10514349 463053596 246344139 12819248 579381954 -481981177 -1271810358 335792818 -1077300001 482866872 -182140378 -114799143 173059595 664281912 223084805 -130669664 764874640 715916747 -309358177 -217656000 364161816 111330682 886984347 -912807414 -677055557 440860952 623350193 -193584903 742933463 -487253673 372816917 -548475216 -41734374 71884887 -226919365 -260343543 -438586001 93502194 -983746682 28229378 389123140 -713032048 -93774549 221000169 251411440 673296946 -886937554 253195962 -547505760 600163143 -685095667 294905111 -359597612 317611594 -1162048606 1156178612 323173508 -372644205 927569814 -558753578 260885649 -928500407 -289641055 -878957417 284626189 1021511592 -309356050 945258865 -122522351 -1050321944 -672941955 -119645084 400618103 140461635 620332011 -1023878234 -395235786 -431027223 194888192 -403499330 -364954682 -602936039 345334367 -516045511 626774400 364646804 1492052233 -511467877 745062309 -58031844 201521797 463445517 454027708 820172774 -868462726 144127871 -1077552148 -1013661677 879417422 419962257 624238093 1380024102 387243603 206572735 68574701 -6273340 226804067 -172348950 263385230 313444015 -1031164015 365244939 -9480314 874979630 -887025273 223453032 581873024 -1826692 56765836 239804018 -939725959 185549005 165451438 -342631999 236069476 775520343 -90968689 -697176508 555121845 818312071 -235076725 471180833 -320675216 -540158419 -200863603 -210220484 -277235652 34984173 -590566601 -493909322 722952757 -549495952 1085527144 532815844 539279862 778432560 -309965670 -789099734 -248074735 1331503330 1189999315 1025205561 -185108896 1334622758 369487431 967381453 -573189284 -803915398 313675894 -743426845 410844681 11282794 -547060195 164982125 699068734 -621224883 180899325 163530998 455065130 -158668341 -873411114 -558062993 -909653644 241389481 -329970819 437783910 -228394582 -37272134 -1008305165 263861950 -98364222 -10934760 -270044232 313164510 274657286 564004691 -142528271 231136798 -1266313835 -283256919 682669257 798897816 -132580571 478169006 423549914 -511230853 492505352 -154194511 190971317 238582980 -1023084615 444822475 160402802
-771975262 164454643 -441763436 527821517 555004333 149395860 318450178 288760390 -628811415 612854184 146030041 -104147759 701267285 -953273292 377516683 217740250 559079044 176847954 -811492481 -166908600 191799571 -487498272 431724630 456985402 -412365734 -161842989 -200325807 -285252407 268455275 -84922406 1132649523 -158997814 43817986 73687487 958673127 182635898 977207901 128386632 788780538 -129223476 501463495 -323712276 313859129 -689899909 264434264 -240924648 531792565 465427266 1188875833 112022108 337397363 -534495856 123344082 830189323 -1017476131 121096839 1572462446 -50530069 -436928295 290583254 153378312 895632886 -1188255282 -216889385 -495068125 803730087 533092504 741380256 213253203 534498016 335821548 19940044 334363200 -690029132 1073810697 409846640 -897103291 552417638 615972239 167013609 -193903583 196928545 -1108700178 651505924 336613757 384480892 -561463848 -38585691 635749499 1269931887 -130537493 -103888042 133770764 -461787351 441067074 -52164901 -180413976 10142256 -1154923101 373724506 -592204682 64349307 -100021438 -158254948 -635223663 -635339592 -1021933950 34762306 -197880336 129087034 430616237 -458999181 636765275 593178892 -403620395 -65239034 -871611604 -434006961 -88594435 721161658 237604506 674254189 -376757737 -634121416 310696450 -453655531 -872110902 487377578 32850979 -120925780 -124623291 480388922 -52264643 -855025160 -481219594 38061794 65174548 264484563 699703098 471313420 424333947 262325194 -669523210 179220190 526986133 749802117 -508993207 -243128482 -1161687273 183465483 -1117925102 -486873572 262815448 -749819003 87508198 687585225 -605707044 791014361 -116895217 555816579 57173207 987192349 588278389 -365585608 -301213079 343573201 573624765 -627050892 579439508 457700523 150844005 -204461676 -83016003 -737556422 -285493199 -80941237 -286223910 -570969974 815462828 147121857 -227316776 748030108 1130962158 -510535729 99061115 -336697257 -547481640 -286180152 484586461 -934985965 19522483 527320705 -520519321 884082246 619975022 1032158930 -226455144 -800917908 -306011804 560323329 627573331 236916156 1633050522 669295450 342482168 22764929 -154629816 457743828 -890567304 -212163090 -33194872 -285066440 -146031544 918200842 -229742580 -137791779 -329757640 404999841 -606733883 354850394 828791780 609636693 -612303991 820953678 -318619619 62346375 505788466 -668874809 -937541919 -538340042 -681461428 -331467784 360352625 -842220924 -178960309 -322595749 480798630 -646464560 421164507 1205505113 126970805 -569698470 -739505314 242521676 -80602564 -834885237 434585638 449829073 200578187 -586326531 -402393233 -164005415 -371515240 325722094 343608937 752501317
417254901 146997986 677550895 -54775126 813788019 -2097361 373169646 1076679592 1169997489 -775380826 437821475 -1220078931 159246425 -301037630 986811946 629666838 -783920109 794354844 679621537 197043384 -654119557 -728763581 -410510882 542174224 690311 361068141 -1171353333 -2767458 41629942 -669217378 -52126500 -33999662 -48878368 1079106308 -589410867 -94886752 -746148389 127094051 -1028948197 93336329 -11589422 -817635191 501898309 -29717063 -3288095 181437662 -94472646 95013636 112365259 -244046132 428904321 141638807 681969626 956344188 17487996 420132800 -287934242 360110795 107240233 506960839 563957984 701629112 -900738629 -830034057 171308453 -200844162 -606363411 636789940 7523154 124841406 -100101658 861313704 692898539 -68628260 339210377 -554344155 695579490 -275697866 179148600 -683392840 -93242008 -251432986 68766210 -1040639676 287214640 749907633 565073884 -57358010 145417214 -154199338 -567266614 -1215582352 64932773 1114955220 679410134 774439276 541384563 325917359 720084398 94680314 -546391766 -632856641 -496567962 692606488 -208433689 835672160 591835463 760396419 486121914 -187398513 -557942165 326868992 679744139 41176114 465914245 -250700623 617714955 166116089 465833484 678108171 101441814 971638309 -725225796 -100885785 297896711 -258956443 -707877322 673496279 -1047480047 -305903699 -409654939 48661106 -794126239 967089539 555264255 -327553625 -561413737 232336803 -548040611 447491678 -941498985 746828951 -83694677 225956715 652628980 -290981578 92091226 -384968011 54205269 -361308412 -1122282602 -878062228 495898928 783356240 -626122995 899671259 8690534 956343134 -139502904 299993666 -23332346 1104136409 -15384366 216029358 193382843 494590721 19904309 186327256 177885951 60444445 -382728023 417257820 -663892308 -97120911 -206275525 322315637 733766713 -617873549 -708013328 604144023 -36149336 -264580760 133308792 -810315383 -369381272 -24278755 36931836 270535875 121720859 -398847326 -57725378 -430617226 -89883090 -112198895 -935098639 -508528617 -88370168 -89917791 -221454929 564344748 522141049 -789696509 497858852 -157181200 276777281 157274043 -378563735 -1128388798 133578611 -818823106 77450898 -948858168 -561381974 177956 -166163390 -974676944 313894678 -150445363 47544267 267885335 815714208 -550505080 -57308376 -578621172 -912182095 133499658 635368150 721671597 137465123 -364820761 128037011 -71380765 -390687395 -1001864461 -628137772 -321680802 50820150 87551343 -706314590 -228163178 510739715 -217270573 -2817821 -495368685 -237856117 -130664645 -143865183 -323107493 -83680873 493824986 -990221716 -648370888 -486798364 -171478590 877044062 -47986517
114907400 -205019930 -281154765 329124057 119521178 807798380 414628363 -31115841 318879692 -732054723 -406478570 -185250574 217977270 -458242767 356770144 41204753 -31226022 272487834 -1477697468 281209724 -830054645 -416934867 361753310 678222743 728730138 -102704062 363898871 -1198198354 -127072103 269752604 1165796473 -859480067 -1070450666 -184938456 -31315470 -82325239 283818110 126308254 199080960 -476198689 -851530371 1112393273 774836148 31570938 -605249757 -273190699 222782742 -981411222 -355461598 -231867866 373704652 -654240200 -501103525 -140094501 480806137 530260486 -404435080 -380791079 511042447 -987795969 220584665 477037936 -1098815111 265743069 -99800236 309504784 -642072570 146668612 -1061223717 -30848135 -437075725 712150962 6432354 -347106442 -432515820 -251766263 52623147 227474100 1057450412 174879614 -364920403 285880985 -41444582 101498259 12423928 505743890 -330501041 144108890 601757438 485537667 -757368287 55415608 -259788899 -62760413 -838352694 -1057631191 -766089546 -58849596 -645802847 886921443 444550141 243195265 972198066 214106250 -172479190 378933782 -1407791098 -250657391 386129863 -256247231 -151574429 441488484 -142747093 -587600798 -720136583 -131989053 238136352 276990804 -123572428 -1120105539 -640938167 -808655520 -172245424 -214499810 -806006742 -133031398 -386779645 189145063 -194832820 236661844 704083302 -2341472 -175038047 -813405000 -170265119 -131354726 -1021971171 -117401980 71131412 -337102090 -1054487019 229274844 -245553361 1084921391 377966135 -415847700 -10287992 689115354 -739681685 -137747018 349189610 78120138 65056165 -845407254 -950290455 -61194855 -5906922 -465650162 772888059 458135494 232914811 80959660 215961183 -349313105 248555292 -583396763 -284024335 141024795 575727114 -197194946 805208148 1437853330 -432305536 732263328 -810534204 -721746667 160142130 -288294685 -1080815064 429828546 -651659455 429452288 -300818795 -68253685 298519527 1074408485 -154659054 -924149065 473014208 83025126 913541348 361397964 -787404484 -1014813624 79838750 1306408711 745668403 845121297 -352968900 189259728 49093905 -930321648 1136737084 -159846926 -489263441 -377274819 102507500 -751458317 -715521935 178861698 -276855162 808811285 89946269 -553233151 70012713 294733257 16174192 -725325821 -1315784791 191333314 -125434810 -456826977 -592445903 -126132093 216816724 752511743 -86329023 -294071778 -457806224 -354742392 -387703725 113498196 -113017495 1247347327 406033532 -277045758 313643676 -79098278 448164511 614779731 59449238 529644123 302848713 339347968 64185588 -717022395 -100980111 49059606 -144610899 734425533 -133203974 1251070893 121416387 367830806 -279483208 156228017
706284408 -325495582 -133151599 -351979365 -771439820 -408936394 367319756 -265297735 319601911 114736137 -160799184 48360509 -751990065 -403995608 -289333368 598983667 804405886 278408240 -34378851 770678374 -243068003 -730878579 53969411 280206900 227334125 -599654828 -297983663 -14592064 380154659 -943330296 925874889 -825888228 784698697 27262379 660798730 -65245765 585536319 120146730 -261659034 872800890 -560514790 318169836 464134466 408036653 -78620534 -173409008 326224722 999760238 167006159 241126664 557412939 539429205 -1506634559 -168158577 -145877327 -260007332 564335075 -452710352 -146095484 190831736 -135037276 289778870 -384783866 383008260 -798862410 -137556068 -81092392 -36159432 308355138 -425527900 -697949373 87499171 221211708 -23108802 -185070517 907524183 958988035 119477634 -333714299 20089015 286700457 -80923016 408801521 -39892412 285038227 -656173200 -76626344 -42000240 57808823 298804994 -215792236 -48157836 -122901673 281613541 274460365 123380574 -592781199 -46728512 -940927040 95824143 -38171209 494341322 690797818 526522143 -897691235 346890600 -337500831 -548999325 -94049112 -576069502 -294298622 -426604441 564595579 525781083 -864712098 -521944733 -143677633 -347194277 53358543 132159865 193304221 941272911 1423997237 282210216 -588448686 795077413 659155501 -256532568 -23828917 -113030212 101047473 -361403999 286305706 -81201682 -160778396 -234915953 -488305630 146585605 -163876715 -480257734 45744379 113240711 -117978256 288081423 -126079007 -710876309 538436531 167166338 -509447559 111932871 152095379 372475910 -644479321 -382868552 -805914987 -8363961 207027020 810394463 513382690 -198035421 310972467 208648984 237454197 69255359 -667956596 736990806 -14013512 812260 -300508996 -200298150 -588662744 -578613863 -337016336 -52436938 309892896 227434654 352357908 -414854992 64781600 -138358119 -1175658212 680717750 278940894 966874666 243606637 -510048082 -85656774 761988692 -1029744119 -14574304 184952186 262310596 -199502127 -693375547 -213570425 686991820 138745732 219294886 -446299678 841143551 -331611775 81730693 249885582 666244333 230796133 223286958 -1657379 356849853 -17939332 -728346920 -306569630 29427584 220816874 -647645038 150674416 -95062185 216351215 586352716 343455388 -646125798 623806521 -566525320 566398636 -71036565 -11266847 760021715 741737450 -182881217 889977490 427489275 -117240941 -209615952 -278275594 101729032 -290472910 59305727 451684699 347941339 161839222 235554711 -315627973 -306103502 7308136 958691822 -64357047 -253528269 -444072854 258332467 -446790542 61693089 -370805914 -90674726 -650213933 -182297525 -551560190 -866455751
-947978945 -582811670 1136674496 30604462 -97969382 -221540930 560788757 -15656831 -650366342 -543761204 -154233356 -270388930 180334734 -105648566 -39344159 1007490955 -169365782 -70245785 1152519435 441396690 17725450 364977694 8673929 -949095794 159634236 934951135 426114719 -564546081 -759742482 56218013 923515798 787037723 -1139034199 -43506346 62697547 -544563235 -66068889 -561150541 -636377344 -60391417 -284236384 -834527808 -223359900 624533797 145741016 6187398 -707572878 530572541 484552555 1996884 285038830 626482036 43353323 481686873 608892733 -138218289 419071778 506696616 9703857 253169263 662107476 131805858 562786328 -322852922 241937504 -307332662 -178113851 -312842218 -237758999 329491341 164093366 -455106927 -246834107 -146462419 -115231444 175882600 92608830 -136507108 1135148907 -343562619 -240839071 -806300091 6593058 -263479541 -284446933 892085473 -539235730 -480590486 -191954382 351553211 -498174930 -324613951 -182799974 601976587 285950228 -60470822 -644594533 104108938 412555451 258948320 414997949 -576668046 156774748 -23794876 -170352124 -578625777 -301935042 520549686 95650729 168729960 -628039828 -156905858 -515810814 1232202405 553478035 -233106343 971754563 340924244 292596834 -42261957 -107150131 350198596 233052432 -321243229 -425430807 629260685 -121211257 -71663724 -337969765 779331374 147718095 -385443961 -200201112 -110149340 480252447 -203012323 -586428057 600497877 -206391911 -35430868 -568496006 -102335463 -501962326 -218118727 -204533160 -339692344 545140030 460473411 119721350 -558209041 873486129 -532790992 37450907 751759587 682958128 -1045572868 -607263751 -524834613 106522513 338971860 -137453605 789225798 118811224 -164913657 -1181066618 25765618 -279470946 -201304735 -342739994 -820606881 -895479901 881012365 135395854 -179803047 -1238491056 315572587 273825679 -626424602 67938154 344309672 -564672002 -395490242 -135587704 321892402 554256396 185210982 -294165294 -487176834 -1069940343 314102181 501927133 -869283770 -497922824 -36885233 -186071896 936471396 238928471 -297278874 64636329 -123276416 -222214342 -346540248 553151447 -401493761 -430623387 218979113 303548650 462032157 216950097 -35269249 -339607221 -298656567 -124322079 -236185094 -606643961 -417966300 -695018137 228583088 -561696733 487738489 168480643 -515187582 323955440 -742158118 -727573699 16171960 -820229444 763821734 -143485030 277717703 62866081 -171254585 -392987552 145081331 -994166071 145502817 -436612936 -449894251 291043855 10431022 -684700346 45351729 -460083788 118866033 806176338 550564362 348898148 25562607 -840583833 214254747 -266314784 -156190324 289759694 213431738 547165985 -649741614
-306745936 344755164 43820076 36917067 -84055481 252157471 1401321731 547001288 -189494203 -517155551 -895398057 -704052684 812548368 418598274 -67881434 -210490193 -701787524 551806950 -752620090 -809406024 447266506 452372775 -537801731 -578043215 115275519 -824475468 -564056999 236531744 -688785987 -167738241 380410038 250151070 -557744250 -190247307 -65758944 305888282 -308694247 -594337199 583727006 565872163 -14606690 82594228 -136022548 583319662 -466140902 548763557 648837042 801528863 -471355787 -526277239 703381664 -1086038086 -442951732 31442698 115030293 -39355852 -164371801 -68288106 685469702 23813225 1039545342 197905300 658431341 -1076939175 209563535 -109201595 -285677156 949759171 -1124651392 421972562 378420189 -833820830 -598389201 295934105 156512442 -424424536 -59967250 -594111333 -557267907 927783195 -296119542 166811160 -846450462 125725324 -734846611 -18063348 -991672524 220247808 328332460 349842045 206259844 -220546344 -343676846 -178066585 156472690 -573318862 301033025 59143188 265574997 -413728877 424516670 321708943 231641982 220162949 348522648 -365717385 10126556 300239928 -534742772 371301798 -452229231 128432066 352778937 243773158 -584637353 -1049697240 296741093 683697499 80118354 329468237 566532930 -8305877 -314220562 844115649 179228840 -465930847 278351842 -514556000 -219844065 359649517 337652611 1164235536 189949479 -1243651332 854239229 -213265010 -520182960 958018400 152022938 -73624243 -439549914 -510460611 1099427023 -280040 78806942 -719324585 323974515 190623671 -328204634 -729213392 411644749 -312841732 404244865 -529494651 -349192710 -277120386 -285111351 -691035181 510713882 989492460 1335640391 1083656933 -488381767 20104650 34657446 -44793997 106905794 142062956 -313617649 906080037 3135285 -739621300 -465311503 14077627 590959050 -313722592 46728157 -71972812 1412802884 51988690 604209767 72023985 -506463827 -493014891 -1046826559 -215115101 -373500581 -747663115 -373350678 30313590 646144775 -438537560 810981617 -113435789 -81053998 328392560 580557805 198558549 667128465 -102152317 199452046 -481480585 836857196 668685918 108634409 158639058 950118941 -786899650 -738314174 1376518270 -979841494 -662112759 912732161 -65037359 -722214605 -56065203 -355063525 756772021 -929113563 -162770743 139982468 233685208 567763448 320803983 -824799080 347645 -419635739 -75456929 -228821819 -593201648 -20508172 624070980 -52717103 822459247 1035850671 224687708 -363564035 -367827487 735530901 357616459 262886931 322422510 168305238 -638751367 -366689861 -168733103 -586132491 -960423301 767549417 -568535474 -376347454 324771615 38282285 553853737 -466200816 1151025342
514941330 174111911 106817815 -700303854 556872790 -67361579 -884151076 -206941592 187347810 722850972 -930778079 -17097301 -16065475 -183730204 -42874808 151470182 44946407 58329028 67931063 393062328 -150209371 -107758703 -892217515 -58866742 204648559 1136961117 580315531 -320321355 -11676698 757976223 -487496823 500094767 -405951462 -571868283 658052545 41975044 1130587510 691103428 -165084425 86363791 -340219928 -177798737 60251736 -1301717 -160598311 490668293 -390698157 422779220 402072919 -698841355 413671326 -64531806 29662624 -254972417 -973939195 -670785709 509577526 -202998984 -428639268 597082826 622422627 -332886712 -221387744 -513609160 519473755 -617147525 300867563 -551203904 683364476 874017726 -26893869 96278905 251464178 385514256 625904625 713467930 -697298065 1050045248 784895703 -432815318 -700852286 -639926266 786934972 15172170 1247672976 -233213064 -250278894 192068818 354674453 428414145 56902980 201791492 -200325343 285912907 -321296738 -192355341 -885194580 -1082783609 670492390 37722710 -248217398 1015883663 -640255022 -442082108 -103506135 -75864604 48953997 -261823733 -351933548 324253565 248653590 -458034838 -319548803 272654101 -905925686 -828097215 -232945634 -471882608 -831784537 -842560609 150897465 73860354 -1414975403 -134769257 -57954314 -1047067651 906474929 -431758982 -377506892 -627233205 -750127303 312375262 -588988066 54076595 -756978560 860099787 20333608 1403464393 -526122046 -196875553 -153300078 375890224 252963579 609523852 -88395858 -95055767 -483536275 -341620649 724875467 -365803878 384412195 -527716384 257440892 -542399231 506269662 130820730 -139586449 450414549 -423880593 -465072431 -499912590 -668323588 -1231299792 -114424025 345644228 658449430 -270837677 -201084048 125778238 23042710 60109212 -489690754 -448809698 -823249333 407631273 1286586079 -139903995 -1263743852 781167392 -651396731 -301752371 44948091 -1211239006 201076103 52417183 688471028 -506539076 879436239 297467975 646165547 29661385 296288306 -183794205 -31168292 526917567 -99430956 -319622649 -266881945 -1489755485 -230459571 -518501152 82339300 -248665704 131976462 79241605 77156727 -548102948 484650951 387466340 -142734474 -142889108 681555882 56889102 -415463010 -512215946 173016614 618599920 1069855378 -262424095 -1059928598 368603047 -1553747614 -657543392 -83822246 -684472864 -221255638 339731965 302203646 -621453870 -344189748 342322940 581438679 135081608 -311146005 336216765 69032851 -711490438 790798398 494460877 108081773 -361501520 468722524 164387921 556198517 874675033 -452436076 565094119 1181988619 -626406111 7790306 -726333918 -527048409 424778834 -213919049 -201334448 -682169496
348595980 -1280974340 469511122 -269675624 -185172492 235895710 -171354181 183453829 984233806 -628678934 941170129 -738573089 620335045 -612419733 632210929 815843153 578472825 611329996 -322211593 -307722416 -360035546 48438596 607107632 -200020510 -55538550 -394511008 -1046975822 113819230 -762256638 202696409 883315243 1013564987 -341991726 568281109 669648189 745499073 219045610 274290396 1075082836 559072668 -642378805 54447367 -677568060 25080026 599886311 528029004 306276110 853983168 -45570426 444395344 173292295 -214320719 -833863530 647814456 436638760 192325898 20378691 -352956254 -412268214 378469710 -183539607 300152840 -860171872 -699595175 -606938614 301818533 -125608239 501581607 -7125789 -83417275 360463492 128903135 -477814293 -343135216 116722133 -292803129 606414136 679768930 -343050486 -532403486 -311583557 888995647 -270742182 837527698 -12240400 110839703 563733615 351304228 139593908 2163576220 -690406327 392133189 -259690278 -62538160 -188949636 -50913563 460434676 328074569 -120517233 500874580 -730583748 -162833229 -137686859 -778088402 -1580762897 518355675 -423370879 352248588 -7812587 437308625 -638904371 -388400771 798028229 115196200 -962289689 -641094481 -195938996 146328932 371061197 373833968 -903188200 -167377162 -160185647 -976611344 621589208 -209982141 -456318776 39971079 -36841819 10324051 -157090903 -6913621 -485438936 -434721509 294064956 410413423 -172225604 326753357 440809729 -347654354 182676668 -276576668 122672930 -258784597 -751066408 386881825 -695861710 22929689 429280621 -317794165 -335510994 -906206421 -322504425 50400367 391115310 1270233650 -577486150 64022656 253683835 -454151695 -468818202 1162607954 1134234594 -713441027 648653601 1143830073 418101007 916082888 1160087491 529872711 10606916 -950632197 -783045153 -200549555 -78471851 -629652132 -130459891 -562808316 -26234947 -625318909 151922012 -387011908 -116161462 -119911345 805868081 -449913004 70191716 -615547821 -641337964 1082486399 990318356 -25954535 -688137838 -350281776 -151361071 -169250928 345805784 -585772386 -702752780 639723568 1015496859 -222111496 646884296 1216633886 340290063 618327948 470759652 -129918778 94542844 -16158421 -258111349 528958445 -470781121 -54819645 -113365987 -733606120 385995646 46908199 396545160 -41321555 674017950 -456623675 202850780 900037158 32210529 339477356 -319967846 166272690 123071340 -1089834526 -341894945 591773340 843786176 786729817 279358281 -501561797 67773304 173033237 137094738 622699870 -307654157 -1194563138 733111577 363466835 -494464618 -115977733 -915553900 -246889212 -50053810 507187125 279080442 527576586 797588797 356841693 41097822 464202488
210537947 147130192 -184468706 364610944 16376109 192495716 -6104149 -853070659 -745590376 -12206339 203569732 482340086 421027659 -582382857 -153434607 173025354 -543667834 -39633776 -86760568 803130918 -176480591 947306199 -236167328 915275944 175460836 -290638542 675923294 -76699086 -898656549 349996620 -593113317 256911491 287772748 -169313477 461055368 -282934550 1099613648 185846632 -966122078 335128607 -748936923 -281171878 179138456 -81678795 -28692242 474377177 -294096213 366769293 -130329329 -213303900 -444482992 609961047 549990386 443976651 40045380 200602911 -482117598 -210851092 -275415985 -657372789 144916402 1346428765 1024805707 -240176876 244175144 37320067 -431201850 161455531 823923445 420444207 -638733047 122018735 -904930238 169790136 261021436 -665118583 -340551150 389666556 36635322 536269771 -150194598 208277201 328993360 -681961804 -291391143 -405522950 319860791 -567050900 -756747327 -388324867 464262902 -412638235 526081987 -183197082 -672335393 -1640918219 1871949 -102980603 436771789 385395473 -328245880 -233329038 -404556641 -694871491 -983120457 177206184 108428458 -207190171 -4656792 800878948 156406001 187467430 214715936 -479254688 310952127 493830042 -647512110 -527420202 217544696 1645766875 158298476 566778566 -312881782 353591361 -87077813 -748719766 407582941 321160016 -298726388 229551044 -121752137 -480508986 -2835099 987854428 893489543 383488797 516817156 -83353111 -36579820 142319863 38492864 -869343100 -22417343 555904568 -61934077 103214124 94543646 -344669341 659511761 -351637846 -13657941 -649692259 -250009981 -996479327 317762663 32526660 806960642 510099004 126399231 521676932 228530421 707438216 73140234 534419082 -169500877 -186323278 -346464807 100889622 1096252827 -771802908 725692275 206512802 -508049465 -155646906 -51147867 -285167559 -321466227 -406255900 -243836573 169295202 280091656 -1185646886 -491408541 352474015 -644124022 103489039 671960511 204078607 929112752 616913198 -439655145 -201435549 -999063576 213868342 992680665 161701377 64457596 -242689247 -523582454 -766488075 -425913776 -428873226 -478725824 838811745 99852983 -358325065 123037523 656795410 802315030 -455850058 -474346309 386911643 382590676 130728996 56169783 215968773 -320779609 -697285676 -833989663 -671268544 521500072 -206595389 -1523637889 210061877 -786324786 281110546 563769257 -413078594 -899891049 -99689433 28673261 -993348587 604221252 120785019 1542531378 -570408414 -363874983 -78358576 -42672840 -184364796 547593880 -440385387 -543716078 25824845 -1149313841 -1336823587 -287521499 465224670 627277319 1576997943 672359221 885733178 626684475 -171022490 -513026442 487214290
515258076 -438940200 579731571 103674495 36542022 900983633 -743931376 25806050 -940544930 564785615 17677972 -93969285 21863920 523404097 685373187 -414989038 140846031 -1486057500 137151639 577309712 488012833 -134089512 156317182 -779492775 -33116455 134907950 -1433200679 225439313 1011205564 -36227376 13289989 -144788231 -172122245 317979099 73792265 362624963 515443697 -113043392 518521258 -1411823784 662995035 12828736 -263539295 -309545442 293042668 -930605639 -276477486 -852241614 348470915 423319392 367291650 -167027385 710383341 -208102920 1087753904 1182902977 879166001 296650314 160191033 224080211 164405191 1090046722 172747692 -28983519 144041733 617317519 -313946812 655130954 -138514968 509894530 830213642 -332050865 933469149 331201113 134010946 733327632 -1114654992 447381221 170299301 -613640047 997479158 301715064 9926396 -515707528 647490241 339120953 -481315456 530541362 508842137 570547218 37187381 362369855 -202846545 73548922 -681407215 210879459 404552256 247587965 -931977946 -839490313 -283128653 -9281286 1247962253 -370811885 -57372904 269590002 427495969 146151713 -439627383 -336947841 450385226 -464329340 -101521511 306994074 291452844 936870055 -47189323 152304183 -571209570 99314782 31996171 227379836 -219236410 -186852383 -552295401 -70603112 -430022520 628855024 280807274 653132051 -295461078 2218146 392175656 -574428375 -40372458 596826179 678798564 174367081 -725680572 -91609036 98682382 -139628893 -452340696 -52603871 -522372414 921781308 -134969680 1684842506 -663378932 -178992282 -1713719534 1305503710 -41380631 -547334046 -462985898 530156348 -522045749 317177702 -737166268 -213473639 -333606092 463202560 182540456 230859987 656397361 -434703545 581530087 -201729870 916513233 -346456050 -137579502 -99687174 1057816199 82290955 -100627245 -546467529 -856360834 753423244 356971456 859333975 -646135340 847249675 -296858123 -619102310 877107471 -451406875 -470744493 -341804084 522011232 528945110 292591821 -144811722 269843171 -496974159 -177613127 708839546 -30458335 -241000741 -298247255 -640222437 200147434 -107997889 -314017937 450528541 -6259545 -371253166 -559865461 368176751 -304219202 599011573 783852364 770913494 100307061 -607305342 -698361209 38725201 -443739610 1144346687 -498542306 -362480456 347813887 541999907 -687126105 -101914293 681618097 442748184 -62124011 80415652 325594417 557833827 -51384207 443685319 156288981 312733504 596079925 703454821 269126137 -341932985 -199970629 -181378876 466445683 145604821 -924736474 1073584775 100962273 72006919 171130747 986708670 895271157 -947341632 -197502910 -611252339 640714829 307754850 -66942151 620401956
-508290847 617047902 -972637048 -419439741 193267254 576687295 173420636 353566384 414707147 -212690040 -67775319 445590462 35240115 -402329930 471242079 353404400 -125475882 -384447142 -629769994 581584538 349057100 219921157 -681543141 17036202 -234883858 -277989741 -347566585 -246939706 -286056344 236603475 452468647 168936706 -300330607 359003641 -432642721 452650227 140142201 323509208 445835753 -660523054 -424945812 -774686986 -215697444 343723130 -448475757 308512582 -28021922 -1109291769 -18675945 359088569 83889652 814362060 -525807928 -689555333 -845467430 -688174368 193567930 318733910 249898668 371671318 174380784 104265144 368526439 444448615 1214919199 115802831 243884409 -240630834 120531712 -399670656 26238697 -282369666 58799970 -140971397 -168047640 294592143 298842920 -558335867 54774729 -205700047 -456437737 17849532 -5272749 -578209769 108022088 291882059 -410388439 231375272 1026726883 -32501932 417495336 -1058555620 695899433 -615084798 -1037226150 -393899921 -68742877 -810510197 784664928 479457150 347456608 465231246 -519086787 -303195401 820069491 72106260 281981484 242252197 199850023 -116433570 -493838366 239945376 36152909 -827680871 177553201 -641703171 -264201852 -299221942 -721925654 -439553268 -177858117 -162006551 -199794686 -1083286006 -496433447 -802835219 136630397 125146690 -1068361442 646708278 -816544106 -124532380 -282134836 -159648304 728946249 -467579486 159378782 -118470639 -294410498 160558989 -803715000 228737323 -33279568 653295436 869494109 -625999467 -400637911 -490133379 925631576 -959412225 -69546839 -642901723 44474094 -455868961 -184239463 -100378195 -742193392 -497886750 -9901677 -495563903 -519740650 666544816 70423355 -510194078 -380425659 385087568 196624605 37739145 -65259166 -6194428 -12062092 109239523 111019121 -676015066 -315940271 -84123886 787785303 -702879092 -390391578 -382221265 785178335 567982605 -251226748 -351970247 -18100159 527241857 -187669616 -436153200 778188141 -265924465 -358906238 -296784139 -849190805 149443235 502516032 189560596 -133306898 -95844170 130969262 361279084 65653580 -308613778 -277221569 -556710619 -370769130 582156977 -363020802 -527552682 -548369753 160483045 889990780 -12878356 254635044 -275812364 241800548 715423845 -226122580 552899963 -445612306 -168240682 53886190 321499378 -764885068 240362442 116823293 -66534479 197166111 375652824 -588479031 -367039325 -282727921 -1496933 812810688 -1283017590 -653499219 112913743 25479465 353586688 -703287657 723632831 220240693 509592158 144493268 472878618 219668650 -145331690 -526877589 -4284727 36863385 227987539 641165485 155966776 221430879 -215479069 -648324986 306998161
-130346590 -802192676 297518715 145022961 -423933758 653832782 437053214 -449981830 -596135124 -517887958 -232453321 1139544416 492861712 -150724305 -781226442 -169355168 220155352 454168525 -155359819 -219401082 655088884 -50383114 62010505 -429779732 38234808 -251180090 -47215228 385589337 757518193 -85952805 -831328901 -752922355 -544786230 131096510 -246567244 155364070 538563247 -623445082 -155803003 245449039 62478690 -226181561 740288813 -504858995 846396944 1393200060 -491735862 812543376 -114332081 24094045 -212134755 -80902356 298330486 -611724556 -26919602 -741069187 590941020 -175696673 762556549 -706668125 -605958253 954595957 -235180403 -557150182 -5073666 875271162 959462320 392410987 -837371784 -71396471 1006718301 -59119413 89929460 -121919042 -158287424 -546679274 796493042 144636728 -666598550 764745866 480103028 343705948 62850995 465352013 -21798922 39877621 245397231 -421355598 396698937 -114368327 1239498740 8610289 -286212512 -564618820 -202293717 -337371041 210434786 506796243 708483572 -269070790 221040321 273751842 547033856 -785816057 754818276 85187039 -169856034 728647350 301313180 712534293 -474951517 -390374977 1007967154 -939892665 -578227437 303664452 -309256092 240584004 -152760476 -61508282 588296177 -1095370955 67341237 -13869212 731986649 -318615045 339205596 338761355 662418553 42615725 351366662 -302019124 -292227169 -1025477295 152395471 -180319069 472479463 436735682 195151361 499896271 -1124815165 -1120479370 -547627092 541687895 -330076131 126627752 984915292 -111755065 -585583456 -535727539 -1100523961 419545201 -770326096 721509679 -514277828 -615679867 756119162 -1029899796 63921131 833658566 1171226892 -592290496 314157166 242395961 -625618275 -281670938 -146302389 438241593 510850654 -826000386 370396424 -338145805 136049763 -93112641 110480541 -226273969 19301608 916992181 -177531105 -71497566 -899234764 -405227724 -310105631 548241969 401293856 -590337358 875173991 -242638595 484615269 -379381122 -329728426 -368312998 -182827935 136154265 171133480 368491055 3040302 728996110 126074312 -180085532 -695944592 -949172949 98085329 105796365 -444461527 -633511283 277813608 -67326251 -418107406 881618112 -838670811 -1115135210 602902099 -844280017 214483758 427813390 575089361 1153552838 -446367574 207852787 -279570540 -92645866 133294947 -594202824 -913882752 -156680248 -398576087 -248078388 -277763728 -223632985 -217470647 -173650464 -833211494 297106500 357489550 157515318 86005871 1073273767 556909285 252575033 355045873 -1089782704 362776130 465677125 -414289236 275345891 227611863 -376114292 896299509 -10143658 114531132 689719191 -192529877 854244070 -404738276 -932433869
-664196264 419166117 -424165631 970924892 -5396458 856530477 -108568725 505378807 -320561183 838504278 -489398032 898283888 -243843264 519228149 1061931880 -413476155 -522919012 178740001 388186437 418081324 -1305340053 -524880421 405328454 -13411091 122574353 -316795162 752081504 -343005785 37072770 1470981319 -298533321 408402579 178704153 -182840967 -127414116 -347886766 -802099580 54657333 100648999 701058990 258309575 -584419831 399704949 221120595 -213702030 -757278632 -32406136 886201818 -472182682 -926076035 852842438 -581733900 -313175450 403513939 872541143 -274872289 -672650803 343397906 -719909275 -157605073 447099856 -547746630 -617462489 -676505374 -901643868 233506867 498163988 332888058 393795046 747908948 215537406 95838049 340552863 306871476 117116328 158457482 162751581 687914513 48860513 435339166 226980871 -391199858 4893387 -290388253 -898835492 257916852 1050709129 -402578852 816011431 -582474514 82501282 224203221 -401527642 70077597 -217932124 344193516 -1543438362 -281309961 -623031794 696227871 1579581248 150000511 3828001 54395997 716883091 349404974 425269065 -517477400 1051391064 113371004 669339219 -327642032 -135422387 -250800193 -448248978 -958463573 -185645981 528492674 -596561012 228547300 221085147 -94311208 317533921 32528542 -871173286 61467621 275570070 -263871195 -120719369 43827708 68311537 -41730281 133267250 -116880804 196977197 -9780966 188093603 -322104483 -436665969 359304888 287178683 344617355 -50826871 231879967 756545703 -1100309465 -633958683 -313121706 39166632 649951140 -12280971 997111172 -509732615 390826348 180390627 -342315048 1025988641 616109473 -301377263 -140957068 979985909 -659358128 -863046427 433830844 -712529036 -417532099 -55684938 1243179789 -497292789 226819592 189674416 832885782 123554590 323652871 -1069571324 83746334 -126102537 92574321 51918235 -30321052 425028678 -637763572 412455047 -277149253 601195108 -2081085 -140287047 474313628 856300854 -169081270 932404918 -340516637 -566992365 361660035 -65558821 278498168 510031339 514015413 849744073 657949133 -1076264339 295513775 -719134709 -349440880 -111952532 106330194 185915044 -128099346 358581108 78872405 2565379 -1307378866 -144444613 -635131651 170443283 -604893446 -17161332 846016653 -516652527 509668009 -528131624 -295007217 -230575012 -422011786 113871131 137904023 -572709356 -179577677 167148920 -475097475 -552243465 119082286 -28811286 -199627328 623078963 1128798324 -66945790 356168771 -647226825 -846399441 -436364952 318888390 203697203 -132046537 -89090902 -532519130 557457496 -273442284 118825882 -716894757 -855003024 578576640 333740690 433960068 -679971981 -839483411
317453742 193664789 -76643443 -288534202 -587856390 60542680 141843129 51249509 -593813272 -160150138 -15466533 -65062343 -279784496 -108155228 -851719135 -831903105 1393346413 -1847321721 -482130567 426653793 357032917 253525847 422160378 -1555121665 -119139996 -395820180 -748908423 186237888 345417477 -1159993276 282499915 -944679580 373681843 693563965 -878882518 412920581 707615107 527884566 348954597 -1080673009 808811350 -791080102 231250502 1134224310 963768186 -19626301 -728712034 851607151 -181888486 -493046235 444375863 6164934 -381469182 -630966199 -130759288 270510430 466451604 145833022 113040649 97193764 167542397 -746713923 212329071 -350896434 -134641280 536329329 563999182 -569110578 355391503 -346466383 436188701 519674251 1172296695 -406564639 934588373 1223128780 346500655 -207249987 -822494934 -318626030 -689179372 1496791835 -719886462 -427532456 645408974 -419206244 -164503927 -39946977 -674050990 347979664 -345368214 98519271 591464535 -391641236 184752186 453619854 476802011 -439198205 574727922 -1560323420 -514598126 -370794107 694524984 139911671 -259316946 -161584152 195777728 533160390 220419735 724724354 -1065922391 -1296142460 94042249 385223025 -122853528 -810793510 532585177 -406600907 -347681158 -524980616 -571865025 -409382469 -93794429 -254697247 -641247401 987471975 -559609594 -330700986 929129380 -816726191 590789963 -1596416398 -177440021 -4936251 -117187964 -293726549 -437820364 263589354 229825597 591276086 -230033980 205816296 -205689597 -275768781 1163037191 271939079 172791196 -277910781 871774221 569562828 -644772654 -123139855 -353057614 1372380054 -52187382 -99598300 -142757615 570684609 -228627840 -286462819 115364510 273680116 31327501 10532573 605872776 -1079469457 545101699 -826524038 496241682 -374384427 99919932 388782590 221435477 356359308 -193344568 228616338 -574034824 -41070496 34071214 -769837484 -195083778 -405377192 169203217 672835317 2727572 -877713659 121957076 454642551 1422368318 887631030 -1104150181 85400635 299004528 -322891771 406843902 780259531 -756685521 246561743 1174896657 -567695133 -568692509 -1105958372 650011129 -278549307 522708650 -736805054 445957331 -99260760 -444171744 811641939 478390717 255511905 1011187869 335000778 -1101350464 -347088745 -356751453 -51839741 356228464 105359 -877970504 -896262113 275230534 217151839 -2982541 -231355899 469930076 371106398 -281415367 -607822123 -482275693 492378391 115003955 -183661794 -264208368 717209491 774061271 -25083267 695761943 99008046 -29227105 -47569 868457314 298783062 273235910 140548107 -426942492 -310776896 732738640 -194455253 -766972089 -263894065 529347854 719862942 -473031590 -449103848
-24852662 -678203489 429285747 -177233479 21858694 -10097541 49966220 2897555 930066027 -208076969 495946970 -1105089002 482342318 318322883 173951690 -1222381610 283184712 549040123 -622625708 176770852 -523074085 -55181144 -272181692 -549757237 -93699715 -183805812 -869594858 -1049991562 329282974 462460307 716206554 533363400 -293284586 831988101 908567769 118055822 -460795197 -320680277 34293816 -314447996 -624100013 584813113 365892583 554624434 -704677906 536235147 -707639123 -92761001 560723675 24800970 69205003 349409672 -526928953 785786268 583874461 -390225682 362379526 -40175860 -44642279 137448632 -718326257 -400747822 -482900025 -580042510 426112426 -8491359 246418113 -195736468 206811353 396127604 -188001642 -209344688 357906034 -612889954 -499139862 714497879 529258118 -200088102 357063340 -88498822 51070263 -636106296 -149885310 595829596 -149319178 699310548 -901427164 229565350 622021433 93018897 -576040804 -783000631 -665730593 -18788215 -160387806 96349172 -621948921 -1010618468 -432132479 1023981327 -768432179 374205149 808502109 383581694 193367479 -106966724 527106638 -697119734 -169543951 -971301466 53193349 92791011 -208596551 -189622781 81648811 -387955210 -437529607 318884822 97261146 421387321 -75772160 201477734 -617541280 -15924141 590584728 30663643 -239822810 -511870820 -212334961 758371656 -1274467062 -661363340 487514765 69397356 192475399 191018979 -611901570 -473931454 -135294958 -266273531 313044719 -334000381 3040836 709807788 295025084 338582880 -114233430 -53905762 508733076 -482549922 99137706 132522796 -410485203 253008628 341505393 -866015887 72648245 19064588 -286877847 -298621876 -502827346 309922612 -651902315 -806561362 360114409 -1334822974 -411842436 -97332029 -560255490 -180824615 -1013254035 434972361 391871899 346954100 -219097117 -27469379 -206166999 -40924584 190985002 -110343651 361969795 93648282 626898980 -572632249 438003878 213489753 -125162189 -12603963 726970860 -532471896 145746911 164486941 -916978016 43199522 -239424636 -371901589 548058393 -377754029 1086038727 589597458 -215386147 -139775592 -761324557 -115726339 190574637 -201487610 -181455709 -416269719 216526823 785596687 541850409 -50524620 388771393 -774003592 -1087752467 -49458655 -360633849 -120242413 -485284486 298152477 584244795 -59530222 -189624919 751554801 743304324 -145354403 -210553234 1481913412 -188102235 -1238286415 -72385206 231518787 -924530892 -286135730 -172646164 14267691 -92621712 -452632784 -651164744 -557834948 58688151 -367047209 367823424 13508851 -133354247 -342678755 31931123 1010796342 -643593873 26072547 -200965257 -403167796 -317105881 -818570013 -360947714 -743228177
1211578682 227023775 -15005763 152212465 -20319706 -701047045 -172658216 1345221009 72701184 -96702653 303724334 -307107398 34995461 -19989616 363800923 -11347497 -358531567 -1357435448 640917780 511990312 -565772728 193958531 319799784 632683813 -134469080 1565093599 393792845 982002034 128982963 -362567750 -8701563 525760505 -76604299 305640085 879135345 -140364091 -750344434 261138004 -341992120 577200453 -28304949 -675116612 -741532298 -312938271 811780231 -190892331 -1026390153 -149744237 -125084660 -602604159 781265375 87738947 1735652772 -1102499992 275044689 -147447824 -734420854 -370524713 174205368 566718245 61812893 570142807 11332394 120156658 25311367 453783406 -232673803 584948930 196526779 439843048 1223135825 160186463 -215468170 328301190 -790289708 -169411220 290350392 92142747 -391833237 -273645678 198248576 -186806558 -312955000 -939413439 260856517 -27835389 -858774779 -6165615 -218123943 108812856 797966779 -592617330 -551410982 -628265495 -560578259 -282671114 -30965902 -662060361 -98611045 1533109259 197165912 -76113683 -585785268 -262530303 -869753166 -682052393 541560978 -383280562 -965823896 412184679 -225508599 -346095271 291992814 -67285360 251475799 933092688 259682231 810499048 180431680 351186904 218334992 949020109 122990561 419398784 -777954048 16785873 -154280905 -337919282 659563316 401324930 242782529 -300465204 530141380 244510933 37756984 57514185 -759531671 366228258 140203426 -431943540 44282074 535746150 -637395625 347057717 -388949201 193984433 -1084156748 324980527 961953409 158280675 -268717991 -35061412 -76280632 -358363018 135861302 -260899419 -32823581 187955446 -77081595 -1424478803 354870142 -842120854 -80961337 94575275 283708708 12236669 46930063 352749411 624814303 -828960740 740264954 481635615 803305959 -731393230 -116045197 -144543007 -689854467 535884949 -881754443 -63218539 315367503 -211123117 -82048655 413603090 -84406529 1047307183 363846531 -5844676 653845777 427698904 190261790 195642402 297798911 76976660 -7098181 85800575 -417140013 -883339508 553001642 391654618 -79019171 -425533773 143354122 -797344589 420178709 715426816 196402488 -246092685 893868661 -195423431 -745288713 516141606 -638484965 282682208 -233066784 369373840 552074 117040233 341652716 -100043028 -966012816 -104458526 92949317 -507849409 366523769 -402600949 841873461 -59102543 -113680248 -225589414 267004093 209002864 -208224593 580730911 -420888000 1351103779 739643159 -260836936 -869679626 -235919246 96623774 -498342885 334289262 -501790973 508982178 -463954204 -680002104 -198914202 -164579820 -70494097 -820250241 -214764328 574550154 316196780 -506816821 -610637892
610536714 360066552 -108528144 869471287 538452298 276013745 -176281580 250857577 -72293166 778963057 276076022 -1132323663 600620926 1108675882 -345808132 554446486 -444810782 -39713015 833403017 152725523 222540867 519585009 -549903492 -113249971 43087934 -249218220 -164354347 185253622 695425742 193138597 -442770152 -731448825 -338325590 423318765 -313581908 522522130 -481463488 -108927602 706125056 -379524380 715873730 -212842196 135996287 -535937875 758639752 424711282 -501347932 619282068 -3918949 29615890 317600014 -276569765 376896279 43667499 -103784484 -738641534 485281767 21549411 8906526 835704260 125547944 296341942 212080745 -71416134 252548690 515478433 906546004 470041486 -316199754 47561648 939837955 407932208 1012325564 225333984 173749622 587194261 -1001795898 -458264500 -94624287 -498135832 356992337 -667940718 12065648 416060894 1112079590 -225109931 258790188 126773295 605413663 -286636882 64927827 -826590656 393646231 7396388 457813581 308469386 -187627872 682523139 -519895815 -851250183 -642946632 40429528 -762360590 350696295 64612829 -111750059 420861024 6838571 -197571418 -515069398 313808296 67299482 215705324 527741434 501565991 347735665 -176242837 201992795 -1146972584 198521227 1378038833 -563418121 262601932 -75188794 561373103 735953074 -380789174 633476972 872942939 -813999834 -593562656 -815123702 28618689 198329887 -84487379 821263587 -92109556 440355201 -526748655 158984362 -493293838 230519335 -174451399 -632431789 247235196 508451264 -97038418 -402112191 276889698 -178654945 -133648246 -260415186 104991110 58790873 -726772642 -236465278 70039978 231387684 101423031 -372133268 169951228 -131539893 -821422358 -124646003 604098476 -452160098 612784277 -1136439242 19287675 333518770 -597868020 -1243733351 -161792665 -401420692 251836671 183289140 -778172814 493446996 -217079000 836740412 -325018300 133922934 -146239482 -190145162 -404088093 62287335 -315195872 342416287 -288908599 829251643 -674733318 250074863 849841915 1842741001 -34148663 927728547 -53754295 399544843 1446821343 -124813747 -1527995258 623031544 -117822861 381257489 -1233189 -33724740 701534036 144192708 309260844 622292506 808175 -16392293 242544256 -1226539224 -717061674 -648538702 -700734067 -78660433 -540179161 298883785 -329088938 -203803383 93620291 -901305431 -58625396 776916464 623931888 58825022 -24795686 -175352039 -28485313 -82036799 -741469661 -631107297 -186295571 409649325 -710799557 -1021179044 397465351 -729887385 128699141 -78330644 337246886 -492286253 759209928 925262679 660983587 -245583221 -328587583 -944562923 -133849541 -914858326 -182639521 96402053 -841987834 -530936539
203868378 -387545624 -700962775 -629242845 -30232013 -500921540 -574255439 -42033067 -84729515 90845189 795913377 722237443 446358967 1014377967 -102878896 -519777172 -1025002152 617423558 -97672363 168095793 662117276 1154309136 213483481 -202470147 300524105 48299366 1372729821 -353626288 153625216 163649987 480721245 -1007170091 22768952 124998126 488511435 375028216 -253083731 217405287 -1021546833 -57445407 263981938 70003875 38015701 868807683 12466697 -465979832 -165263675 -221431964 145598722 462579843 -889562891 -2787390 -512430534 254789585 -526172848 -368335504 -8535536 -149443154 163603045 -168009426 1002885387 407666155 508368519 -75453975 -249234741 114187973 211318416 388202726 168107594 -92252296 1051138951 16685862 88061546 -112311414 1665462944 227413370 -607218156 32699602 -278189510 594170317 473965724 -1008112514 104117975 515593567 221144236 324466382 -515473884 623871368 140636824 -148360881 72237729 727717430 188416504 -110164491 591982383 821971578 -930203978 -206527194 -723139179 -1439864686 -1162566574 28872792 386222540 357468308 -883785668 -619637624 269061724 85194435 1593336525 -775334081 872748786 -1050654621 -452899086 -29864862 88182778 -623296474 174349051 109101055 -389941174 463874511 -448270166 722283744 -70338740 -247609761 -261111003 317173508 821058624 -522656786 -133188793 39375777 -907019053 108646024 -191798335 1214659019 467918241 -355791801 877694498 103480260 -540674094 -147016550 -267730568 514645106 -71699296 222531367 -463009412 330908466 23435694 93494467 369609541 146800909 -1123267244 -276109056 -241818747 -1263248324 -327222036 94438707 634603312 -712763003 -386008449 461799047 -663119796 267900101 -653154577 426493260 -564314322 290583233 -962988494 25391013 -210339599 277470103 -598276820 517512643 435150505 45957297 -37862557 221560336 120461716 -272938090 322520179 -116016276 -385443716 279630041 446057688 -1067834866 -296604864 200670056 -855307034 -276937846 267415121 -551833710 -195518963 -471280213 788230954 557660251 533679803 -84531944 -133501076 569248221 -481113533 -49432472 -222662700 -591393757 -251444552 -481370205 35529104 43633112 -364171592 715058806 -226768364 -1360786327 351782859 918821447 578271141 346253127 -704878351 -227407361 161889329 908046550 -1016416096 370402116 226731633 -4046248 -281128834 -770395394 -817450439 19264853 -553360088 -16597813 142478150 -739324926 210847000 -489424454 -363723754 -332541256 -639482588 -287014597 -414895398 -587088 -620990517 416880102 504896477 769352205 -93880460 563307197 -311868072 610260229 341877282 691018005 1357432 -988099108 46208958 -410165725 924172903 -310874593 307479945 247941295
-240226355 648781625 65496905 750098123 574099568 -146829798 155236511 470500507 -171331796 -547423861 100968283 929820322 -337323295 195253768 722325041 348657707 -196349092 292507926 -59900470 96531707 501892092 77105006 -415002161 143003638 980571133 408936558 567540090 -29170556 139899711 -961338446 741549985 354343906 -782690278 -827898220 -339883148 141692998 -24597275 -355487039 208989567 -858317251 -59241613 -597218948 20321390 798721807 350796326 581440171 -190424812 -948396419 -215681158 -1319915059 -620203115 192422235 308375766 662635891 -79303835 165330481 208457049 130799936 -274497267 720814789 548618326 -178924434 -88969305 -328359984 -601672152 -1148453610 -107030659 275327777 -576258130 -900771928 143023541 -530722953 -201204742 -207006028 425022910 687316933 -643611437 -37868377 888821448 -1391237215 -551807007 570443882 -372413957 81657961 394029578 -7755078 368599450 -398005111 -92928192 68216750 -1129951495 -334014093 743859146 298746503 -584508109 -542668018 -170321023 599956739 -677755687 -1428727454 386174739 83386970 178549697 632425828 -215515220 499976866 -170925701 -85719137 676166984 774089104 199495335 -503212453 395357854 -361389746 -708923019 -747906762 -234853783 52350663 -36183129 -210196624 -225600301 176411096 -548354474 -981073458 -169237971 610019952 -646998802 -249227935 33065113 409733809 -23567649 -24196027 12371195 351001838 333918366 -598113602 439484177 -373863306 -31538382 -1207444704 -859133640 541959034 -243490723 -1170443643 186250547 -442200629 724593012 -297668653 326943026 239589985 -633567191 620145180 -329918676 -848206623 -1002938035 -42663976 -726384094 -127732476 522193990 200398301 -107621319 489310905 904271595 -537534635 275373243 -366130290 246303967 -310241 -248743159 -63783925 -115950215 -104094090 -503895506 -836182023 -170290658 352339835 339214821 147142125 -312758868 -239265824 -179036591 -129216307 -22462558 -512762987 899608628 560390577 -1050897276 -1224407853 -167182778 -737744619 216019688 234401950 -198773300 1580455675 191429216 -452239970 72545577 -4871666 759427790 23104165 -180251089 -554974340 466438510 197293934 314097430 -65376407 -956355370 -739740986 564396201 85373315 -271290787 -927615459 -726331402 944146924 -792710534 -398988733 458460453 459572939 -601580116 242866481 -636299054 -442855593 152571497 -542699581 245013506 218184174 288349942 514203891 393513862 -763585926 453652714 -457466823 -668500519 -823881461 -536975625 227598571 -473896646 1296556347 655858460 249195310 298832036 271698937 -141543202 901669927 593287503 -152489018 992416564 137735231 -553910464 709649492 56248345 -68166297 93900184 280558262 154527499 -550041715
-1053185777 46837964 -295837476 -508097404 -358130526 567520597 -1251519759 266253806 669498747 729345696 954692637 -536870168 -47722686 -693936859 1030567453 -38571261 78339091 -261195098 -224456086 150486023 -248431649 -626272713 -1150561189 443048556 -739781099 281040262 221297178 801902135 108250382 -661780440 1071230091 -878207769 441376584 1299083171 -1104515110 -144584272 -41440301 16674801 31763215 147139757 96191829 662684308 701193393 -406029738 -204221889 -115184631 625972689 538286969 -111433970 -851340133 582796968 183110154 -263413663 343589536 576109082 231240682 198029890 323453019 -1005484290 -868859489 508744826 216888648 -370675734 -433542027 223502784 107460956 -67988114 679847523 -642400546 -230979893 -111616241 186182756 886922173 84477600 -232665176 182780926 736427955 -184917267 -444942014 181224302 493245005 482437023 -852290587 302908522 -87251903 -498859886 -62125854 202216783 295238237 -180130359 529669738 -1117488159 -60740607 -967948759 459053190 310169149 -262390576 -302494285 1062247856 579702365 709397286 -222219664 -39923013 -207338520 387607197 -63063627 -715144302 287059983 474931868 -136566060 -837978833 120394479 -133118217 742129746 -138267300 -669708125 -623230679 535188064 -547372918 -658557647 -12476056 450193292 -668127460 402316336 -284239613 -194515250 -1517099297 -586203476 -211466773 24650139 303967932 54346204 172154672 -458222178 1310964271 -355514366 541827964 -407096943 -23901101 -149520024 -269582592 24349867 179018131 1246886340 816756437 359232846 1014278888 360413819 -943266455 -211698205 334085805 -1605720206 -129820975 -216371754 -646834392 528766952 538526256 96523355 779288334 639914639 232318762 -252936498 -460114059 183447908 -335682215 -621238206 -787582413 -1077447279 -399587481 372239298 -823627653 740788836 431035074 -319738139 -63140226 -302951522 375727542 -322510242 -542325481 -444996829 419623528 1043082641 472633277 -416494797 442129744 166856604 1066145555 362163895 -338466766 -513000625 -239868651 14785286 -464221147 -1242125943 525068536 -423691080 480136009 527557746 747732884 -214664427 549850984 -344945546 86111046 -639558763 -362664825 204633131 264682274 -8412392 -538063941 384211905 -462921794 191560290 333277615 75229888 911108509 -447695263 542661689 -625495979 -883037291 715265211 183141379 511442814 258336057 -132387743 474415780 -667563636 687288083 -296052081 -70085387 123069584 -253118982 -96831112 -670134416 -479557019 -687316634 260003462 688407028 -469608686 -769541975 -623428101 -667516341 -194783633 594579038 10746224 29427069 -360848952 -6184796 -389581457 152724801 513490092 490630710 -456485815 -1010534935 680946567 -237727231 -364591688
76117992 134762757 496640511 -128791260 445544802 -220453653 -876698298 26545702 -214915249 -327781922 439530795 -376897825 1016514885 -397341586 652463922 1308452524 -356971126 -469176445 -151093679 -316103014 -188252172 -1404090732 -345864529 -150121276 1324272 91703406 41966456 -344669836 107248564 751768752 423514113 -286583250 892485955 377466461 40771653 -698595938 -677338096 -260774738 -695626148 -119722838 -915675915 -251363765 474183418 -333989332 89979483 -606495984 501933975 -374463602 267882915 41315371 -149534542 184370191 2546161 552039038 -189929056 -90775924 616720085 557564144 695588176 1983989962 -279825656 788643527 -133711200 -147355477 76409225 -419783974 -322386680 65562253 264892628 12845093 -22601450 15174666 372760455 -158666261 -234159422 -694226567 564231446 -170465303 72541043 157763343 1066621784 467749115 -148201214 -108458878 -804165702 -192648754 -118075041 -187281625 188109677 -477701293 439742865 -933853636 966806642 -236582373 220434889 123429143 512249931 -347476128 -1119392472 -35819836 -309549305 -77713842 1085359971 481857567 -414323360 597584169 137310610 -498902104 456552106 12408931 186899783 -326113230 359021176 -117957625 -134481329 -629092987 436822923 92854867 770092255 838698157 402431809 284054721 -88778274 445202897 -324299302 526373968 331209747 -732633712 536317324 619707120 -452816840 601582780 254627010 -119536118 507225285 502082232 -748458397 619816763 259909424 1346249965 -325275836 129543800 622732476 185654263 413724660 436624884 269863557 148367266 310459449 329843329 284325420 -41281828 -528976721 -332995086 -121091058 -607300290 71909816 -3304126 799036980 231340040 -188070271 -23485576 542532847 12805228 970581517 -871231085 -492139176 284182949 -840763280 438768078 607629241 133202896 106243868 386947613 -208155988 -95239868 120689772 566432 293211123 136203929 2259446 17390502 451846308 -181867275 -84219543 16680268 -504707703 -133020246 65060167 456781642 -211557734 -281823694 -578749116 466110023 272910287 -70650996 -666664740 831301304 1170493728 -100600747 350633127 -732760968 78380206 -679064618 399444578 215152586 549157767 153689695 -76794941 608339603 -229869892 -1094116681 1150107687 166214725 -243252711 -892870098 -3173200 -245061808 -99695395 -451440020 158195836 539574234 277820256 493431166 39838223 198067446 303443165 653682 226589233 684599770 82943633 -346761927 -311272010 -383931608 439697963 346803029 293153620 195446699 -895721397 -772618491 -663816740 596222133 -187011355 37035072 -250794731 -504761338 511049541 30209649 48313095 347758208 -152713583 -204849633 -1212440000 -1115906229 -792302247 484554918